backbone,arm,seed,role,test_accuracy,committed_accuracy,pred_agreement,max_abs_prob_diff,verified,checkpoint,checkpoint_sha256_12,repo_commit,minutes
densenet121,A0_vanilla,42,baseline,0.9467716535433071,0.9467716535433071,1.0,7.11679458618164e-05,ok,/Volumes/My Disk 2/My Projects/Chest Disease Detection/checkpoints/densenet121/A0_vanilla/densenet121_A0_vanilla.pt,8fc1931123fa,466bff1b7e7440fa8140b129075e7af68490c226,5.33
densenet121,A2_full,42,selected,0.9464566929133859,0.9464566929133859,1.0,0.00011593103408819028,ok,/Volumes/My Disk 2/My Projects/Chest Disease Detection/checkpoints/densenet121/A2_full/densenet121_A2_full.pt,b53fe4be3252,466bff1b7e7440fa8140b129075e7af68490c226,5.05
densenet121,A3_multiply,42,other,0.9423622047244095,0.9423622047244095,,,ok,/Volumes/My Disk 2/My Projects/Chest Disease Detection/checkpoints/densenet121/A3_multiply/densenet121_A3_multiply.pt,f4a9ff398e02,466bff1b7e7440fa8140b129075e7af68490c226,5.03
densenet121,A0_vanilla,123,baseline,0.9477165354330709,0.9477165354330709,1.0,8.004903793334961e-05,ok,/Volumes/My Disk 2/My Projects/Chest Disease Detection/checkpoints/densenet121/A0_vanilla_seed123/densenet121_A0_vanilla_seed123.pt,95ca129eae54,466bff1b7e7440fa8140b129075e7af68490c226,5.01
densenet121,A2_full,123,selected,0.9496062992125984,0.9496062992125984,1.0,5.66542148590643e-05,ok,/Volumes/My Disk 2/My Projects/Chest Disease Detection/checkpoints/densenet121/A2_full_seed123/densenet121_A2_full_seed123.pt,0739973b9544,466bff1b7e7440fa8140b129075e7af68490c226,4.99
densenet121,A0_vanilla,2026,baseline,0.9458267716535433,0.9458267716535433,1.0,5.632638931274414e-05,ok,/Volumes/My Disk 2/My Projects/Chest Disease Detection/checkpoints/densenet121/A0_vanilla_seed2026/densenet121_A0_vanilla_seed2026.pt,e093a90adb40,466bff1b7e7440fa8140b129075e7af68490c226,5.01
densenet121,A2_full,2026,selected,0.9448818897637795,0.9448818897637795,1.0,6.526708602905273e-05,ok,/Volumes/My Disk 2/My Projects/Chest Disease Detection/checkpoints/densenet121/A2_full_seed2026/densenet121_A2_full_seed2026.pt,a3a62560e733,466bff1b7e7440fa8140b129075e7af68490c226,4.97
efficientnet_b0,A0,42,baseline,0.9108661417322834,0.9108661417322834,1.0,3.5881996154785156e-05,ok,/Volumes/My Disk 2/My Projects/Chest Disease Detection/checkpoints/efficientnet_b0/seed42/A0/efficientnet_b0_A0.pt,0d89b63e70a0,466bff1b7e7440fa8140b129075e7af68490c226,2.83
efficientnet_b0,A3,42,selected,0.9193700787401575,0.9193700787401575,1.0,3.865361213684082e-05,ok,/Volumes/My Disk 2/My Projects/Chest Disease Detection/checkpoints/efficientnet_b0/seed42/A3/efficientnet_b0_A3.pt,5ae97fab1c63,466bff1b7e7440fa8140b129075e7af68490c226,2.76
efficientnet_b0,A0,123,baseline,0.9137007874015748,0.9137007874015748,1.0,4.0471553802490234e-05,ok,/Volumes/My Disk 2/My Projects/Chest Disease Detection/checkpoints/efficientnet_b0/seed_123/A0/efficientnet_b0_A0.pt,d4f547063e9d,466bff1b7e7440fa8140b129075e7af68490c226,2.73
efficientnet_b0,A3,123,selected,0.9206299212598426,0.9206299212598426,1.0,3.159046173095703e-05,ok,/Volumes/My Disk 2/My Projects/Chest Disease Detection/checkpoints/efficientnet_b0/seed_123/A3/efficientnet_b0_A3.pt,70bc59a84f0d,466bff1b7e7440fa8140b129075e7af68490c226,2.9
efficientnet_b0,A0,2026,baseline,0.9130708661417323,0.9130708661417323,1.0,2.54213809967041e-05,ok,/Volumes/My Disk 2/My Projects/Chest Disease Detection/checkpoints/efficientnet_b0/seed_2026/A0/efficientnet_b0_A0.pt,4931c756daf0,466bff1b7e7440fa8140b129075e7af68490c226,2.93
efficientnet_b0,A3,2026,selected,0.9203149606299212,0.9203149606299212,1.0,2.6464462280273438e-05,ok,/Volumes/My Disk 2/My Projects/Chest Disease Detection/checkpoints/efficientnet_b0/seed_2026/A3/efficientnet_b0_A3.pt,f00878b0a041,466bff1b7e7440fa8140b129075e7af68490c226,2.91
resnet50,A0_vanilla,42,baseline,0.9174803149606299,0.9174803149606299,1.0,0.00029283761978149414,ok,/Volumes/My Disk 2/My Projects/Chest Disease Detection/checkpoints/resnet50/A0_vanilla/resnet50_A0_vanilla.pt,610316c0dc22,466bff1b7e7440fa8140b129075e7af68490c226,5.09
resnet50,A3_multiply,42,selected,0.9133858267716536,0.9133858267716536,1.0,0.0003604292869567871,ok,/Volumes/My Disk 2/My Projects/Chest Disease Detection/checkpoints/resnet50/A3_multiply/resnet50_A3_multiply.pt,72eb08b5dde8,466bff1b7e7440fa8140b129075e7af68490c226,5.05
resnet50,A0_vanilla,123,baseline,0.9190551181102362,0.9190551181102362,1.0,0.0003533363342285156,ok,/Volumes/My Disk 2/My Projects/Chest Disease Detection/checkpoints/resnet50/A0_vanilla_seed123/resnet50_A0_vanilla_seed123.pt,ec0782652d86,466bff1b7e7440fa8140b129075e7af68490c226,5.01
resnet50,A3_multiply,123,selected,0.9143307086614173,0.9143307086614173,1.0,0.0002810359001159668,ok,/Volumes/My Disk 2/My Projects/Chest Disease Detection/checkpoints/resnet50/A3_multiply_seed123/resnet50_A3_multiply_seed123.pt,58501af8c33f,466bff1b7e7440fa8140b129075e7af68490c226,5.06
resnet50,A0_vanilla,2026,baseline,0.9196850393700787,0.9196850393700787,1.0,0.00030344724655151367,ok,/Volumes/My Disk 2/My Projects/Chest Disease Detection/checkpoints/resnet50/A0_vanilla_seed2026/resnet50_A0_vanilla_seed2026.pt,747b2581aca0,466bff1b7e7440fa8140b129075e7af68490c226,5.1
resnet50,A3_multiply,2026,selected,0.9159055118110236,0.9159055118110236,1.0,0.00030517578125,ok,/Volumes/My Disk 2/My Projects/Chest Disease Detection/checkpoints/resnet50/A3_multiply_seed2026/resnet50_A3_multiply_seed2026.pt,a45306f6d90e,466bff1b7e7440fa8140b129075e7af68490c226,5.13
vit_base_patch16_224,A0_vanilla,42,baseline,0.9329133858267716,0.9329133858267716,1.0,6.157159805297852e-05,ok,/Volumes/My Disk 2/My Projects/Chest Disease Detection/checkpoints/vit_base/A0_vanilla/vit_base_patch16_224_A0_vanilla.pt,4b8ff3db5a34,466bff1b7e7440fa8140b129075e7af68490c226,11.93
vit_base_patch16_224,A3_multiply,42,selected,0.9341732283464567,0.9341732283464567,1.0,8.606910705566406e-05,ok,/Volumes/My Disk 2/My Projects/Chest Disease Detection/checkpoints/vit_base/A3_multiply/vit_base_patch16_224_A3_multiply.pt,7742fa14678a,466bff1b7e7440fa8140b129075e7af68490c226,11.86
vit_base_patch16_224,A0_vanilla,123,baseline,0.9303937007874016,0.9303937007874016,1.0,7.396936416625977e-05,ok,/Volumes/My Disk 2/My Projects/Chest Disease Detection/checkpoints/vit_base/A0_vanilla_seed123/vit_base_patch16_224_A0_vanilla_seed123.pt,0af58d4e76e0,466bff1b7e7440fa8140b129075e7af68490c226,11.88
vit_base_patch16_224,A3_multiply,123,selected,0.9335433070866141,0.9335433070866141,1.0,6.407499313354492e-05,ok,/Volumes/My Disk 2/My Projects/Chest Disease Detection/checkpoints/vit_base/A3_multiply_seed123/vit_base_patch16_224_A3_multiply_seed123.pt,d202120b7108,466bff1b7e7440fa8140b129075e7af68490c226,11.88
vit_base_patch16_224,A0_vanilla,2026,baseline,0.9335433070866141,0.9335433070866141,1.0,4.2557716369628906e-05,ok,/Volumes/My Disk 2/My Projects/Chest Disease Detection/checkpoints/vit_base/A0_vanilla_seed2026/vit_base_patch16_224_A0_vanilla_seed2026.pt,27f8a6deef82,466bff1b7e7440fa8140b129075e7af68490c226,11.74
vit_base_patch16_224,A3_multiply,2026,selected,0.9307086614173228,0.9307086614173228,1.0,6.151199340820312e-05,ok,/Volumes/My Disk 2/My Projects/Chest Disease Detection/checkpoints/vit_base/A3_multiply_seed2026/vit_base_patch16_224_A3_multiply_seed2026.pt,101fecdc8997,466bff1b7e7440fa8140b129075e7af68490c226,11.71
