arm,mode,n_images,mean_stability,pred_flip_rate,mean_abs_confidence_change,role,seed,backbone,top_class_after_perturbation,top_class_share
A0_vanilla,zero,3175,0.2263596951961517,0.7896062731742859,0.3422480821609497,baseline,42,densenet121,COVID,0.8
A0_vanilla,shuffle,3175,0.4922415316104889,0.5033071041107178,0.0312572456896305,baseline,42,densenet121,Normal,1.0
A0_vanilla,noise,3175,0.4922415316104889,0.5033071041107178,0.0312572531402111,baseline,42,densenet121,Normal,1.0
A2_full,zero,3175,0.1814601868391037,0.8311811089515686,0.0633667558431625,selected,42,densenet121,COVID,0.991496062992126
A2_full,shuffle,3175,0.5024216771125793,0.4948031604290008,0.031341828405857,selected,42,densenet121,Normal,1.0
A2_full,noise,3175,0.5024216771125793,0.4948031604290008,0.031341828405857,selected,42,densenet121,Normal,1.0
A3_multiply,zero,3175,0.2051036357879638,0.819842517375946,0.1195720806717872,other,42,densenet121,COVID,0.9735433070866142
A3_multiply,shuffle,3175,0.3075245916843414,0.7231495976448059,0.5869899392127991,other,42,densenet121,Lung_Opacity,0.9996850393700787
A3_multiply,noise,3175,0.3074712753295898,0.7234645485877991,0.5868756771087646,other,42,densenet121,Lung_Opacity,0.9993700787401575
A0_vanilla,zero,3175,0.1640850454568863,0.8730708956718445,0.2691174745559692,baseline,123,densenet121,Viral Pneumonia,0.7921259842519685
A0_vanilla,shuffle,3175,0.0663989931344986,0.9344881772994996,0.0317663662135601,baseline,123,densenet121,Viral Pneumonia,0.9851968503937008
A0_vanilla,noise,3175,0.1908700615167617,0.807559072971344,0.03648142516613,baseline,123,densenet121,Viral Pneumonia,0.7760629921259843
A2_full,zero,3175,0.1720452904701233,0.8305512070655823,0.0320940352976322,selected,123,densenet121,COVID,0.9990551181102362
A2_full,shuffle,3175,0.5006544589996338,0.496377944946289,0.0256857089698314,selected,123,densenet121,Normal,1.0
A2_full,noise,3175,0.5006544589996338,0.496377944946289,0.0256857089698314,selected,123,densenet121,Normal,1.0
A0_vanilla,zero,3175,0.1746755838394165,0.8311811089515686,0.0390058048069477,baseline,2026,densenet121,COVID,0.9993700787401575
A0_vanilla,shuffle,3175,0.4966214895248413,0.4973228275775909,0.0325825214385986,baseline,2026,densenet121,Normal,1.0
A0_vanilla,noise,3175,0.4966214895248413,0.4973228275775909,0.0325825214385986,baseline,2026,densenet121,Normal,1.0
A2_full,zero,3175,0.1981866508722305,0.8305512070655823,0.1454297602176666,selected,2026,densenet121,COVID,0.952755905511811
A2_full,shuffle,3175,0.1704087853431701,0.8305512070655823,0.0386068187654018,selected,2026,densenet121,COVID,1.0
A2_full,noise,3175,0.1704087853431701,0.8305512070655823,0.0386068187654018,selected,2026,densenet121,COVID,1.0
A0,zero,3175,0.1939156949520111,0.8166928887367249,0.1011841893196106,baseline,42,efficientnet_b0,COVID,0.9023622047244094
A0,shuffle,3175,0.3299141824245453,0.6699212789535522,0.0675164833664894,baseline,42,efficientnet_b0,Lung_Opacity,0.43905511811023623
A0,noise,3175,0.3389012217521667,0.6607874035835266,0.0742095783352851,baseline,42,efficientnet_b0,Lung_Opacity,0.4088188976377953
A3,zero,3175,0.2068507075309753,0.8091338872909546,0.1277135461568832,selected,42,efficientnet_b0,COVID,0.813228346456693
A3,shuffle,3175,0.3156943917274475,0.7845669388771057,0.4807128012180328,selected,42,efficientnet_b0,COVID,0.7209448818897638
A3,noise,3175,0.3420937955379486,0.7181102633476257,0.3909282088279724,selected,42,efficientnet_b0,COVID,0.4645669291338583
A0,zero,3175,0.2543294131755829,0.7735432982444763,0.1954551190137863,baseline,123,efficientnet_b0,COVID,0.5568503937007874
A0,shuffle,3175,0.3394380509853363,0.6585826873779297,0.0651405081152916,baseline,123,efficientnet_b0,Normal,0.47307086614173227
A0,noise,3175,0.3081966340541839,0.6913385987281799,0.0731222778558731,baseline,123,efficientnet_b0,Lung_Opacity,0.44661417322834646
A3,zero,3175,0.2273031920194625,0.7933858036994934,0.1506172120571136,selected,123,efficientnet_b0,COVID,0.7193700787401575
A3,shuffle,3175,0.3452523648738861,0.6941732168197632,0.2393574714660644,selected,123,efficientnet_b0,Normal,0.37417322834645667
A3,noise,3175,0.3618207573890686,0.6573228240013123,0.2077687233686447,selected,123,efficientnet_b0,Lung_Opacity,0.45763779527559056
A0,zero,3175,0.2162445336580276,0.8081889748573303,0.123886302113533,baseline,2026,efficientnet_b0,COVID,0.8475590551181102
A0,shuffle,3175,0.3567793667316437,0.6428346633911133,0.0666896477341651,baseline,2026,efficientnet_b0,Normal,0.448503937007874
A0,noise,3175,0.3038109838962555,0.6995275616645813,0.0737621635198593,baseline,2026,efficientnet_b0,Lung_Opacity,0.40346456692913385
A3,zero,3175,0.2100282460451126,0.8110235929489136,0.1315304934978485,selected,2026,efficientnet_b0,COVID,0.8245669291338583
A3,shuffle,3175,0.32345712184906,0.7662991881370544,0.4490821063518524,selected,2026,efficientnet_b0,COVID,0.6563779527559055
A3,noise,3175,0.3675700426101684,0.6806299090385437,0.3528008162975311,selected,2026,efficientnet_b0,COVID,0.41039370078740156
A0_vanilla,zero,3175,0.3791989088058471,0.6935433149337769,0.1574499160051345,baseline,42,resnet50,Lung_Opacity,0.9470866141732284
A0_vanilla,shuffle,3175,0.4801667332649231,0.5064566731452942,0.0794209912419319,baseline,42,resnet50,Normal,1.0
A0_vanilla,noise,3175,0.4801667332649231,0.5064566731452942,0.0794209912419319,baseline,42,resnet50,Normal,1.0
A3_multiply,zero,3175,0.3096652328968048,0.7833070755004883,0.4460763037204742,selected,42,resnet50,Viral Pneumonia,0.6834645669291338
A3_multiply,shuffle,3175,0.2013238817453384,0.8711811304092407,0.3320919573307037,selected,42,resnet50,Viral Pneumonia,0.5262992125984252
A3_multiply,noise,3175,0.2395210862159729,0.8374803066253662,0.4096080660820007,selected,42,resnet50,Lung_Opacity,0.6006299212598425
A0_vanilla,zero,3175,0.43328458070755,0.6368504166603088,0.2037879079580307,baseline,123,resnet50,Lung_Opacity,0.8850393700787401
A0_vanilla,shuffle,3175,0.4834560453891754,0.5004724264144897,0.0820989087224006,baseline,123,resnet50,Normal,1.0
A0_vanilla,noise,3175,0.4834560453891754,0.5004724264144897,0.0820989087224006,baseline,123,resnet50,Normal,1.0
A3_multiply,zero,3175,0.2917534112930298,0.7883464694023132,0.4256076216697693,selected,123,resnet50,Viral Pneumonia,0.7111811023622048
A3_multiply,shuffle,3175,0.3552972376346588,0.4935432970523834,0.6188184022903442,selected,123,resnet50,Normal,1.0
A3_multiply,noise,3175,0.3552973568439483,0.4935432970523834,0.618818461894989,selected,123,resnet50,Normal,1.0
A0_vanilla,zero,3175,0.4863121807575226,0.4620472490787506,0.3265544176101684,baseline,2026,resnet50,Normal,0.5955905511811024
A0_vanilla,shuffle,3175,0.4878489971160888,0.4970078766345978,0.0799487382173538,baseline,2026,resnet50,Normal,1.0
A0_vanilla,noise,3175,0.4878489971160888,0.4970078766345978,0.0799487382173538,baseline,2026,resnet50,Normal,1.0
A3_multiply,zero,3175,0.2776656448841095,0.8154330849647522,0.422639936208725,selected,2026,resnet50,Viral Pneumonia,0.7606299212598425
A3_multiply,shuffle,3175,0.3557762801647186,0.5067716240882874,0.6166186928749084,selected,2026,resnet50,Normal,1.0
A3_multiply,noise,3175,0.3557765483856201,0.5067716240882874,0.6166186928749084,selected,2026,resnet50,Normal,1.0
A0_vanilla,zero,3175,0.2571524083614349,0.7672441005706787,0.1111629381775856,baseline,42,vit_base_patch16_224,COVID,0.8513385826771653
A0_vanilla,shuffle,3175,0.2439025938510894,0.7738582491874695,0.1033267825841903,baseline,42,vit_base_patch16_224,COVID,0.9026771653543307
A0_vanilla,noise,3175,0.5203315019607544,0.4847244024276733,0.1254549026489257,baseline,42,vit_base_patch16_224,COVID,0.5461417322834645
A3_multiply,zero,3175,0.2003192901611328,0.8034645915031433,0.0858994200825691,selected,42,vit_base_patch16_224,COVID,0.9083464566929134
A3_multiply,shuffle,3175,0.1898526102304458,0.8160629868507385,0.0749425515532493,selected,42,vit_base_patch16_224,COVID,0.9710236220472441
A3_multiply,noise,3175,0.4813448190689087,0.5253543257713318,0.1424754709005355,selected,42,vit_base_patch16_224,COVID,0.5722834645669291
A0_vanilla,zero,3175,0.2814522087574005,0.7385826706886292,0.1194078922271728,baseline,123,vit_base_patch16_224,COVID,0.8384251968503937
A0_vanilla,shuffle,3175,0.2348677814006805,0.7836220264434814,0.0971202552318573,baseline,123,vit_base_patch16_224,COVID,0.9325984251968504
A0_vanilla,noise,3175,0.5471195578575134,0.4588976502418518,0.1248889192938804,baseline,123,vit_base_patch16_224,COVID,0.5332283464566929
A3_multiply,zero,3175,0.208163633942604,0.7974802851676941,0.0900208577513694,selected,123,vit_base_patch16_224,COVID,0.8853543307086614
A3_multiply,shuffle,3175,0.2003758400678634,0.8088188767433167,0.0813255086541175,selected,123,vit_base_patch16_224,COVID,0.9511811023622048
A3_multiply,noise,3175,0.5140665173530579,0.4878740012645721,0.1410024911165237,selected,123,vit_base_patch16_224,COVID,0.5177952755905512
A0_vanilla,zero,3175,0.2292947620153427,0.7839370369911194,0.1060786694288253,baseline,2026,vit_base_patch16_224,COVID,0.8431496062992127
A0_vanilla,shuffle,3175,0.2145768105983734,0.7968503832817078,0.0932495668530464,baseline,2026,vit_base_patch16_224,COVID,0.9080314960629922
A0_vanilla,noise,3175,0.51515132188797,0.4872440993785858,0.1241256296634674,baseline,2026,vit_base_patch16_224,COVID,0.5303937007874016
A3_multiply,zero,3175,0.2184890210628509,0.790236234664917,0.0973803624510765,selected,2026,vit_base_patch16_224,COVID,0.8831496062992126
A3_multiply,shuffle,3175,0.208185464143753,0.8040944933891296,0.0864906907081604,selected,2026,vit_base_patch16_224,COVID,0.9524409448818898
A3_multiply,noise,3175,0.4588046669960022,0.5555905699729919,0.14081372320652,selected,2026,vit_base_patch16_224,COVID,0.6144881889763779
