backbone,seed,mode,baseline_arm,selected_arm,n_images,LRG_baseline,LRG_selected,LRG_diff,LRG_ci_low,LRG_ci_high,LRG_area_matched_baseline,LRG_area_matched_selected,LRG_area_matched_diff,LRG_area_matched_ci_low,LRG_area_matched_ci_high,dP_lung_baseline,dP_lung_selected,dP_lung_diff,dP_lung_ci_low,dP_lung_ci_high,dP_background_baseline,dP_background_selected,dP_background_diff,dP_background_ci_low,dP_background_ci_high,dP_bg_area_matched_baseline,dP_bg_area_matched_selected,dP_bg_area_matched_diff,dP_bg_area_matched_ci_low,dP_bg_area_matched_ci_high,bg_flip_rate_baseline,bg_flip_rate_selected,donor_flip_rate_baseline,donor_flip_rate_selected
densenet121,42,blur,A0_vanilla,A2_full,3175,-0.033364408678755376,-0.01817248182542257,0.015191926853332805,0.004449851093757582,0.02581349517096122,-0.23962038435892782,-0.24659153624662902,-0.0069711518877011705,-0.018417911061683154,0.004253268729395112,0.18527386790250913,0.16871958629902994,-0.016554281603479222,-0.022413862385412795,-0.011247190251666064,0.2186382765812645,0.1868920681244525,-0.03174620845681203,-0.0395498246787088,-0.02384532884620153,0.424894252261437,0.41531112254565894,-0.009583129715778042,-0.019396676743130416,0.00036815950026200257,0.18393700787401573,0.16566929133858269,0.06614173228346457,0.06173228346456693
densenet121,42,swap,A0_vanilla,A2_full,3175,-0.09550250571436819,-0.07940414282123898,0.01609836289312922,0.006209936370872259,0.026025917434170463,-0.26599745234355326,-0.32331608524236544,-0.05731863289881216,-0.06997786353047783,-0.044378550248075306,0.4570875909082484,0.4733952003494728,0.016307609441224436,0.008809770419014117,0.02371500171748138,0.5525900966226165,0.5527993431707118,0.0002092465480952134,-0.007030546637894406,0.007184088069100359,0.7230850432518016,0.7967112855918382,0.0736262423400366,0.06330498045516166,0.08352415588019096,0.542992125984252,0.5508661417322834,0.44440944881889766,0.44818897637795274
densenet121,123,blur,A0_vanilla,A2_full,3175,-0.03676198263292422,-0.020452467399414274,0.016309515233509944,0.006205970947995258,0.026377472398482305,-0.292392236238278,-0.1845233049369413,0.10786893130133667,0.09805573335318278,0.11794149851331685,0.2001151245946551,0.2190973279872628,0.0189822033926077,0.013580543097560177,0.02453528247861703,0.23687710722757932,0.2395497953866771,0.002672688159097756,-0.005183589208423443,0.010525418141383924,0.49250736083293306,0.4036206329242041,-0.08888672790872895,-0.09695251134306405,-0.08048267175073855,0.19937007874015747,0.17669291338582677,0.058582677165354334,0.04692913385826772
densenet121,123,swap,A0_vanilla,A2_full,3175,-0.04870263091000727,-0.010093286150731325,0.03860934475927594,0.02967399369572331,0.04878757812315498,-0.22178632012148708,-0.2776882717970317,-0.05590195167554465,-0.07099158778373788,-0.04051691723433739,0.4842527967998038,0.5139956188881842,0.029742822088380385,0.02305050445512259,0.03651785316659925,0.5329554277098111,0.5240889050389156,-0.008866522670895549,-0.015701088911918487,-0.002034298925535818,0.7060391169212908,0.7916838906852159,0.08564477376392503,0.07296461338057,0.09847931945781659,0.528503937007874,0.5149606299212598,0.42708661417322835,0.4088188976377953
densenet121,2026,blur,A0_vanilla,A2_full,3175,-0.10083153451865136,-0.06997782838530174,0.03085370613334963,0.021247368504935048,0.0407231512043941,-0.31986300443048654,-0.29281738336886654,0.02704562106162,0.01810391991736357,0.03653378513635592,0.20469396005585763,0.18373773506935154,-0.02095622498650607,-0.026911898076133343,-0.014843958369533485,0.305525494574509,0.2537155634546533,-0.0518099311198557,-0.058827243327490064,-0.044536909817637325,0.5245569644863441,0.47655511843821813,-0.04800184604812607,-0.05512818668073305,-0.04101611688133475,0.26173228346456695,0.22173228346456694,0.06866141732283465,0.06519685039370078
densenet121,2026,swap,A0_vanilla,A2_full,3175,-0.09487516390693602,-0.061349760585795415,0.033525403321140616,0.02424952305876216,0.042300721238182994,-0.28152988366203013,-0.32699191075383455,-0.045462027091804406,-0.05527852690550949,-0.03497653749990731,0.4622614259563607,0.4741280086606525,0.011866582704291787,0.004348787041303693,0.019056132455009363,0.5571365898632968,0.535477769246448,-0.021658820616848828,-0.028395616598588514,-0.01523169914312527,0.7437913096183908,0.8011199194144871,0.05732860979609619,0.04965309675085485,0.06464337587341268,0.5496062992125984,0.5291338582677165,0.4503937007874016,0.4289763779527559
resnet50,42,blur,A0_vanilla,A3_multiply,3175,-0.1378603022353551,-0.04989012416969049,0.08797017806566461,0.07747908236670643,0.09864275801353743,-0.40050926631841494,-0.2315705970813396,0.16893866923707532,0.1607916395558672,0.1773407934503952,0.33309543486087906,0.4628316442820935,0.12973620942121447,0.12273545199770862,0.13638968517375316,0.4709557370962341,0.512721768451784,0.04176603135554987,0.03213673076757498,0.05119011043344877,0.733604701179294,0.6944022413634331,-0.03920245981586085,-0.044244933656960146,-0.03447633131100261,0.45921259842519685,0.5458267716535433,0.14645669291338584,0.1505511811023622
resnet50,42,swap,A0_vanilla,A3_multiply,3175,-0.17623061616354352,-0.06467098406840512,0.1115596320951384,0.10314865346280673,0.11954933373436546,-0.3617689680151059,-0.192677957368554,0.16909101064655188,0.16044577593781212,0.17851312560139135,0.4020146130068722,0.4817696180747818,0.07975500506790965,0.07424995221182414,0.08546178843381097,0.5782452291704157,0.5464406021431869,-0.031804627027228756,-0.03770372468113714,-0.02611598947963597,0.7637835810219781,0.6744475754433358,-0.08933600557864224,-0.09580937494011083,-0.08294653192776558,0.601259842519685,0.5622047244094488,0.4667716535433071,0.4037795275590551
resnet50,123,blur,A0_vanilla,A3_multiply,3175,-0.18512995339658442,-0.00999641221856417,0.17513354117802024,0.1650873958504908,0.18424096991781388,-0.4098016994126934,-0.22290399874978667,0.18689770066290676,0.17913801519478287,0.19474875409535203,0.3244290927952156,0.4703297819435612,0.14590068914834559,0.1390988235185775,0.1530747628788839,0.5095590461917999,0.48032619416212535,-0.02923285202967465,-0.03643172827477642,-0.021877495923841007,0.734230792207909,0.6932337806933477,-0.04099701151456117,-0.045923709360101,-0.036401979369479046,0.5234645669291339,0.4916535433070866,0.15149606299212598,0.12881889763779528
resnet50,123,swap,A0_vanilla,A3_multiply,3175,-0.1915610839831496,-0.06549353432376626,0.12606754965938335,0.11702855229484485,0.13419842161876064,-0.38594081429214117,-0.19470390900912932,0.19123690528301188,0.18184000392437266,0.20091976957797902,0.39001585055382804,0.4770762996570923,0.08706044910326426,0.08119219221228169,0.09297393654081226,0.5815769345369777,0.5425698339808586,-0.039007100556119105,-0.04483164303678025,-0.03300441732296104,0.7759566648459693,0.6717802086662216,-0.10417645617974763,-0.11146349449984543,-0.09742847482013661,0.6091338582677165,0.5565354330708662,0.47811023622047244,0.4088188976377953
resnet50,2026,blur,A0_vanilla,A3_multiply,3175,-0.14005598091543886,-0.011856606789619051,0.12819937412581983,0.11850479531951703,0.13756445657221955,-0.3958035226157536,-0.222755664235264,0.17304785838048964,0.16556777283826085,0.1802889366841187,0.3344111238612207,0.4741730682494736,0.13976194438825293,0.13350873173460517,0.1462198723570759,0.47446710477665954,0.48602967503909267,0.011562570262433115,0.0039947022427957715,0.01939343531301839,0.7302146464769742,0.6969287324847376,-0.03328591399223668,-0.03801340027849869,-0.028857892919135635,0.47496062992125987,0.4985826771653543,0.1489763779527559,0.13196850393700787
resnet50,2026,swap,A0_vanilla,A3_multiply,3175,-0.194278171134105,-0.058670417080041184,0.13560775405406383,0.12725313462615861,0.14393483330132092,-0.37192829375991604,-0.1856814195659937,0.18624687419392233,0.1778211832664579,0.19531064129632206,0.3867615337635853,0.4850380223079247,0.09827648854433943,0.09228782341574636,0.10444655648134879,0.5810397048976903,0.5437084393879659,-0.0373312655097244,-0.04334517989191937,-0.03179812904460427,0.7586898275235013,0.6707194418739184,-0.08797038564958289,-0.09424842709692152,-0.08206903970773784,0.6044094488188977,0.5603149606299213,0.47716535433070867,0.4116535433070866
efficientnet_b0,42,blur,A0,A3,3175,-0.35371189214933935,-0.24066172345929354,0.11305016869004582,0.10354606486241535,0.12195061852475528,-0.3809637651632788,-0.3166977057905206,0.0642660593727582,0.05591500250106018,0.07240303136124471,0.3065021993395993,0.3595542442614219,0.05305204492182253,0.04622000765794778,0.06013108777274449,0.6602140914889386,0.6002159677207154,-0.059998123768223284,-0.06601322483453397,-0.05399140189697201,0.6874659645028781,0.6762519500519425,-0.011214014450935667,-0.015970248792328695,-0.0067195004132387035,0.694488188976378,0.6440944881889764,0.1858267716535433,0.17417322834645668
efficientnet_b0,42,swap,A0,A3,3175,-0.23811374747866804,-0.14610375091328912,0.09200999656537891,0.08356960055122012,0.10048451331182735,-0.3092987090042426,-0.25517404856279047,0.054124660441452144,0.04075334530408924,0.06709475344432007,0.4071666297036848,0.4489029829824647,0.04173635327877993,0.03549583849175578,0.048112292547274206,0.6452803771823529,0.5950067338957539,-0.05027364328659899,-0.05609174604831071,-0.04436145246932019,0.7164653387079275,0.7040770315452551,-0.012388307162672212,-0.023817165234524807,-0.0008983216239335105,0.6705511811023622,0.6163779527559056,0.5379527559055118,0.4831496062992126
efficientnet_b0,123,blur,A0,A3,3175,-0.36056145752744,-0.2010015574260584,0.1595599001013816,0.1477361413491177,0.17072999346007858,-0.3247351300709949,-0.3399860082914696,-0.01525087822047465,-0.02404996548226799,-0.005973980017866425,0.31732460030428206,0.34462993053806074,0.027305330233778683,0.020539614577332013,0.033914218467924355,0.6778860578317221,0.5456314879641192,-0.13225456986760292,-0.14123707549319026,-0.12353428886068904,0.642059730375277,0.6846159388295303,0.042556208454253334,0.03641976739414844,0.04866314817259304,0.7058267716535434,0.5697637795275591,0.21007874015748032,0.16062992125984252
efficientnet_b0,123,swap,A0,A3,3175,-0.23178314848033107,-0.14137433744912098,0.09040881103121008,0.08164021040416496,0.09936772665483753,-0.33215533447778806,-0.26136505953224687,0.0707902749455412,0.05442425451800526,0.08656097883855063,0.39918052052442277,0.4371589542347647,0.03797843371034191,0.03154763998004055,0.04451485015747577,0.6309636690047539,0.5785332916838857,-0.05243037732086817,-0.05847905076652341,-0.04669499484182861,0.7313358550022109,0.6985240137670115,-0.032811841235199285,-0.047030720601071406,-0.0182653625204475,0.6588976377952755,0.6056692913385827,0.5303937007874016,0.4743307086614173
efficientnet_b0,2026,blur,A0,A3,3175,-0.33559860454243584,-0.2518863414728303,0.08371226306960558,0.07411011502940114,0.09372684345625168,-0.41901962657493597,-0.40624903220286696,0.012770594372069018,0.00392910178175094,0.021188075174454715,0.2673667220025754,0.293229822957808,0.02586310095523258,0.01931505529967351,0.03217024749638417,0.6029653265450113,0.5451161644306383,-0.057849162114373014,-0.06596495491046,-0.05066071992167496,0.6863863485775114,0.6994788551606749,0.013092506583163568,0.007961617078636176,0.018535695097074128,0.6283464566929133,0.5659842519685039,0.17354330708661417,0.1562204724409449
efficientnet_b0,2026,swap,A0,A3,3175,-0.23608911888573872,-0.1740322944535943,0.0620568244321444,0.05359129333378208,0.07029434542870772,-0.32264682230910435,-0.2333756452126101,0.08927117709649429,0.07325120516936844,0.10550348442655329,0.4091493428676418,0.43254245502423116,0.023393112156589367,0.017135402632543713,0.02962816605689619,0.6452384617533805,0.6065747494778255,-0.03866371227555503,-0.04467436161627831,-0.032478358934503335,0.7317961651767462,0.6659181002368413,-0.06587806493990492,-0.08086395918480993,-0.05120837960711259,0.6674015748031497,0.628976377952756,0.5407874015748031,0.4966929133858268
vit_base_patch16_224,42,blur,A0_vanilla,A3_multiply,3175,-0.1361295563712094,0.09385696189663584,0.22998651826784527,0.2164490117229395,0.24515947569069318,-0.3504256659233952,-0.13681580883399613,0.21360985708939906,0.19967279332129276,0.2260520106057546,0.16601419886454022,0.3962923126121329,0.2302781137475926,0.21873431341538033,0.24282457821295733,0.3021437552357496,0.30243535071549704,0.0002915954797473759,-0.00770352361570328,0.008096771418547796,0.5164398647879354,0.533108121446129,0.01666825665819357,0.009862770016666638,0.023606958899791985,0.2774803149606299,0.27244094488188975,0.09196850393700787,0.08976377952755905
vit_base_patch16_224,42,swap,A0_vanilla,A3_multiply,3175,-0.21032183330169807,-0.11941656360152138,0.09090526970017669,0.08248112639473454,0.10010398729033816,-0.3947091982156641,-0.29230140272863814,0.1024077954870259,0.09287794200744387,0.11233962822093277,0.3689493938050161,0.43492881483159257,0.06597942102657654,0.05875191886207562,0.07307100573430865,0.5792712271067142,0.554345378433114,-0.024925848673600145,-0.030491489927865625,-0.019453536632683833,0.7636585920206801,0.7272302175602308,-0.03642837446044936,-0.042267893495774575,-0.030629493751166116,0.5861417322834646,0.5603149606299213,0.48220472440944884,0.43275590551181103
vit_base_patch16_224,123,blur,A0_vanilla,A3_multiply,3175,-0.1897249309716742,0.05920738267081834,0.24893231364249255,0.23382055233309965,0.2642411634715839,-0.3853625070521473,-0.13378643716382335,0.2515760698883239,0.23704800537875878,0.26491027187706645,0.1669225129396413,0.37486931568105625,0.20794680274141494,0.1968157797262701,0.21949550931180545,0.3566474439113155,0.3156619330102379,-0.040985510901077625,-0.049390048845755576,-0.032241365890069346,0.5522850199917886,0.5086557528448796,-0.04362926714690901,-0.051048417997054854,-0.03578066399499245,0.3388976377952756,0.2888188976377953,0.11433070866141733,0.09228346456692914
vit_base_patch16_224,123,swap,A0_vanilla,A3_multiply,3175,-0.19210949376035533,-0.14519535540232079,0.04691413835803456,0.03752262112157688,0.05635856053653566,-0.3715494408933635,-0.2659913975406681,0.10555804335269539,0.09504269718250273,0.11595972507892541,0.3856183014343835,0.419950016655805,0.03433171522142141,0.027096135726300714,0.04169917646771345,0.5777277951947389,0.5651453720581258,-0.012582423136613159,-0.018656620352199078,-0.00653983994852075,0.7571677423277471,0.6859414141964731,-0.071226328131274,-0.07880628606802939,-0.06408810775973732,0.5851968503937008,0.5678740157480315,0.4721259842519685,0.44598425196850394
vit_base_patch16_224,2026,blur,A0_vanilla,A3_multiply,3175,-0.137184321717311,0.11104380649409824,0.24822812821140922,0.2330594622979769,0.26411392862725747,-0.3354959903958186,-0.11060957299152453,0.22488641740429408,0.21009376965631127,0.23857219082677547,0.16465899825398597,0.4193620513614917,0.25470305310750563,0.24161538067977376,0.2687827480153501,0.301843319971297,0.30831824486739345,0.006474924896096437,-0.002165458280669283,0.015204870459705786,0.5001549886498047,0.5299716243530161,0.029816635703211573,0.022440547840850804,0.03740024711270259,0.27874015748031494,0.27937007874015746,0.0894488188976378,0.0941732283464567
vit_base_patch16_224,2026,swap,A0_vanilla,A3_multiply,3175,-0.18254473509198316,-0.139088916778608,0.04345581831337518,0.03426978772006144,0.053072049483312456,-0.37024756974286316,-0.3024787237724056,0.06776884597045754,0.05794919290390774,0.07721796536017508,0.38156979816234005,0.42606096516371084,0.044491167001370846,0.037316220972105726,0.052005899429544755,0.5641145332543231,0.5651498819423189,0.0010353486879956643,-0.004938366170876833,0.0075162509323765956,0.7518173679052031,0.7285396889361164,-0.023277678969086706,-0.028478488309629166,-0.017854745936952635,0.5669291338582677,0.5725984251968504,0.44881889763779526,0.4434645669291339
