arm,seed,mode,n_images,mean_dP_lung,mean_dP_background,mean_dP_bg_area_matched,LRG,lung_flip_rate,background_flip_rate,role,backbone
A0_vanilla,42,blur,3175,0.1852738679025091,0.2186382765812645,0.424894252261437,-0.0333644086787553,0.1316535433070866,0.1839370078740157,baseline,densenet121
A0_vanilla,42,swap,3175,0.4570875909082484,0.5525900966226165,0.7230850432518016,-0.0955025057143682,0.4636220472440945,0.542992125984252,baseline,densenet121
A2_full,42,blur,3175,0.1687195862990299,0.1868920681244525,0.4153111225456589,-0.0181724818254225,0.1007874015748031,0.1656692913385826,selected,densenet121
A2_full,42,swap,3175,0.4733952003494728,0.5527993431707118,0.7967112855918382,-0.0794041428212389,0.4806299212598425,0.5508661417322834,selected,densenet121
A3_multiply,42,blur,3175,0.4383828351761124,0.1997950234729446,0.3648647662871747,0.2385878117031677,0.4488188976377952,0.1760629921259842,other,densenet121
A3_multiply,42,swap,3175,0.6007411172516942,0.4530969379713654,0.5969692159845107,0.1476441792803287,0.6107086614173228,0.4488188976377952,other,densenet121
A0_vanilla,123,blur,3175,0.2001151245946551,0.2368771072275793,0.492507360832933,-0.0367619826329242,0.1300787401574803,0.1993700787401574,baseline,densenet121
A0_vanilla,123,swap,3175,0.4842527967998038,0.5329554277098111,0.7060391169212908,-0.0487026309100072,0.4900787401574803,0.528503937007874,baseline,densenet121
A2_full,123,blur,3175,0.2190973279872628,0.2395497953866771,0.4036206329242041,-0.0204524673994142,0.1543307086614173,0.1766929133858267,selected,densenet121
A2_full,123,swap,3175,0.5139956188881842,0.5240889050389156,0.7916838906852159,-0.0100932861507313,0.5228346456692914,0.5149606299212598,selected,densenet121
A0_vanilla,2026,blur,3175,0.2046939600558576,0.305525494574509,0.5245569644863441,-0.1008315345186513,0.1486614173228346,0.2617322834645669,baseline,densenet121
A0_vanilla,2026,swap,3175,0.4622614259563607,0.5571365898632968,0.7437913096183908,-0.094875163906936,0.4724409448818897,0.5496062992125984,baseline,densenet121
A2_full,2026,blur,3175,0.1837377350693515,0.2537155634546533,0.4765551184382181,-0.0699778283853017,0.1092913385826771,0.2217322834645669,selected,densenet121
A2_full,2026,swap,3175,0.4741280086606525,0.535477769246448,0.8011199194144871,-0.0613497605857954,0.4881889763779528,0.5291338582677165,selected,densenet121
A0,42,blur,3175,0.3065021993395993,0.6602140914889386,0.6874659645028781,-0.3537118921493393,0.3029921259842519,0.694488188976378,baseline,efficientnet_b0
A0,42,swap,3175,0.4071666297036848,0.6452803771823529,0.7164653387079275,-0.238113747478668,0.4135433070866142,0.6705511811023622,baseline,efficientnet_b0
A3,42,blur,3175,0.3595542442614219,0.6002159677207154,0.6762519500519425,-0.2406617234592935,0.3628346456692913,0.6440944881889764,selected,efficientnet_b0
A3,42,swap,3175,0.4489029829824647,0.5950067338957539,0.7040770315452551,-0.1461037509132891,0.4633070866141732,0.6163779527559056,selected,efficientnet_b0
A0,123,blur,3175,0.317324600304282,0.6778860578317221,0.642059730375277,-0.36056145752744,0.3218897637795275,0.7058267716535434,baseline,efficientnet_b0
A0,123,swap,3175,0.3991805205244227,0.6309636690047539,0.7313358550022109,-0.231783148480331,0.4148031496062992,0.6588976377952755,baseline,efficientnet_b0
A3,123,blur,3175,0.3446299305380607,0.5456314879641192,0.6846159388295303,-0.2010015574260584,0.3511811023622047,0.5697637795275591,selected,efficientnet_b0
A3,123,swap,3175,0.4371589542347647,0.5785332916838857,0.6985240137670115,-0.1413743374491209,0.4548031496062992,0.6056692913385827,selected,efficientnet_b0
A0,2026,blur,3175,0.2673667220025754,0.6029653265450113,0.6863863485775114,-0.3355986045424358,0.2548031496062992,0.6283464566929133,baseline,efficientnet_b0
A0,2026,swap,3175,0.4091493428676418,0.6452384617533805,0.7317961651767462,-0.2360891188857387,0.4195275590551181,0.6674015748031497,baseline,efficientnet_b0
A3,2026,blur,3175,0.293229822957808,0.5451161644306383,0.6994788551606749,-0.2518863414728303,0.2809448818897638,0.5659842519685039,selected,efficientnet_b0
A3,2026,swap,3175,0.4325424550242311,0.6065747494778255,0.6659181002368413,-0.1740322944535943,0.4422047244094488,0.628976377952756,selected,efficientnet_b0
A0_vanilla,42,blur,3175,0.333095434860879,0.4709557370962341,0.733604701179294,-0.1378603022353551,0.3196850393700787,0.4592125984251968,baseline,resnet50
A0_vanilla,42,swap,3175,0.4020146130068722,0.5782452291704157,0.7637835810219781,-0.1762306161635435,0.4179527559055118,0.601259842519685,baseline,resnet50
A3_multiply,42,blur,3175,0.4628316442820935,0.512721768451784,0.6944022413634331,-0.0498901241696904,0.4598425196850393,0.5458267716535433,selected,resnet50
A3_multiply,42,swap,3175,0.4817696180747818,0.5464406021431869,0.6744475754433358,-0.0646709840684051,0.5058267716535433,0.5622047244094488,selected,resnet50
A0_vanilla,123,blur,3175,0.3244290927952156,0.5095590461917999,0.734230792207909,-0.1851299533965844,0.321259842519685,0.5234645669291339,baseline,resnet50
A0_vanilla,123,swap,3175,0.390015850553828,0.5815769345369777,0.7759566648459693,-0.1915610839831496,0.4069291338582677,0.6091338582677165,baseline,resnet50
A3_multiply,123,blur,3175,0.4703297819435612,0.4803261941621253,0.6932337806933478,-0.0099964122185641,0.4626771653543307,0.4916535433070866,selected,resnet50
A3_multiply,123,swap,3175,0.4770762996570923,0.5425698339808586,0.6717802086662216,-0.0654935343237662,0.4963779527559055,0.5565354330708662,selected,resnet50
A0_vanilla,2026,blur,3175,0.3344111238612207,0.4744671047766595,0.7302146464769742,-0.1400559809154388,0.3275590551181102,0.4749606299212598,baseline,resnet50
A0_vanilla,2026,swap,3175,0.3867615337635853,0.5810397048976903,0.7586898275235013,-0.194278171134105,0.4022047244094488,0.6044094488188977,baseline,resnet50
A3_multiply,2026,blur,3175,0.4741730682494736,0.4860296750390926,0.6969287324847376,-0.011856606789619,0.4721259842519685,0.4985826771653543,selected,resnet50
A3_multiply,2026,swap,3175,0.4850380223079247,0.5437084393879659,0.6707194418739184,-0.0586704170800411,0.5039370078740157,0.5603149606299213,selected,resnet50
A0_vanilla,42,blur,3175,0.1660141988645402,0.3021437552357496,0.5164398647879354,-0.1361295563712094,0.1533858267716535,0.2774803149606299,baseline,vit_base_patch16_224
A0_vanilla,42,swap,3175,0.3689493938050161,0.5792712271067142,0.7636585920206801,-0.210321833301698,0.3725984251968504,0.5861417322834646,baseline,vit_base_patch16_224
A3_multiply,42,blur,3175,0.3962923126121329,0.302435350715497,0.533108121446129,0.0938569618966358,0.3628346456692913,0.2724409448818897,selected,vit_base_patch16_224
A3_multiply,42,swap,3175,0.4349288148315925,0.554345378433114,0.7272302175602308,-0.1194165636015213,0.4478740157480315,0.5603149606299213,selected,vit_base_patch16_224
A0_vanilla,123,blur,3175,0.1669225129396413,0.3566474439113155,0.5522850199917886,-0.1897249309716742,0.1496062992125984,0.3388976377952756,baseline,vit_base_patch16_224
A0_vanilla,123,swap,3175,0.3856183014343835,0.5777277951947389,0.7571677423277471,-0.1921094937603553,0.4031496062992126,0.5851968503937008,baseline,vit_base_patch16_224
A3_multiply,123,blur,3175,0.3748693156810562,0.3156619330102379,0.5086557528448796,0.0592073826708183,0.3496062992125984,0.2888188976377953,selected,vit_base_patch16_224
A3_multiply,123,swap,3175,0.419950016655805,0.5651453720581258,0.6859414141964731,-0.1451953554023207,0.4283464566929134,0.5678740157480315,selected,vit_base_patch16_224
A0_vanilla,2026,blur,3175,0.164658998253986,0.301843319971297,0.5001549886498047,-0.137184321717311,0.1489763779527559,0.2787401574803149,baseline,vit_base_patch16_224
A0_vanilla,2026,swap,3175,0.38156979816234,0.5641145332543231,0.7518173679052031,-0.1825447350919831,0.3924409448818897,0.5669291338582677,baseline,vit_base_patch16_224
A3_multiply,2026,blur,3175,0.4193620513614917,0.3083182448673934,0.5299716243530163,0.1110438064940982,0.3943307086614173,0.2793700787401574,selected,vit_base_patch16_224
A3_multiply,2026,swap,3175,0.4260609651637108,0.5651498819423189,0.7285396889361164,-0.139088916778608,0.4349606299212598,0.5725984251968504,selected,vit_base_patch16_224
