backbone,arm,seed,mode,n,spearman_eil_vs_dP_background,p_value
densenet121,A0_vanilla,42,blur,1000,-0.47364356964356963,4.697278044414548e-57
densenet121,A0_vanilla,42,swap,1000,-0.171182615750355,5.1298140690806275e-08
densenet121,A2_full,42,blur,1000,-0.4262786102786103,2.043799571623093e-45
densenet121,A2_full,42,swap,1000,-0.31803993767289623,6.110481077883541e-25
densenet121,A0_vanilla,123,blur,1000,-0.41775358575358573,1.6458724582014719e-43
densenet121,A0_vanilla,123,swap,1000,-0.18088373105433586,8.387882425380308e-09
densenet121,A2_full,123,blur,1000,-0.34704664704664706,1.1140209778645199e-29
densenet121,A2_full,123,swap,1000,-0.23902509261046903,1.85224113278208e-14
densenet121,A0_vanilla,2026,blur,1000,-0.4470019110019111,2.7759349315605023e-50
densenet121,A0_vanilla,2026,swap,1000,-0.16573253872693397,1.3578637781653252e-07
densenet121,A2_full,2026,blur,1000,-0.45125676861053904,2.522109739547625e-51
densenet121,A2_full,2026,swap,1000,-0.3119438667513616,5.2272456094076455e-24
efficientnet_b0,A0,42,blur,1000,-0.003953331953331953,0.9006348118115326
efficientnet_b0,A0,42,swap,1000,-0.26202814081422526,3.660373684656556e-17
efficientnet_b0,A3,42,blur,1000,0.11303467703467704,0.0003416486208071495
efficientnet_b0,A3,42,swap,1000,-0.33330792930792935,2.2648127653727015e-27
efficientnet_b0,A0,123,blur,1000,-0.073597723818517,0.019932784495448164
efficientnet_b0,A0,123,swap,1000,-0.29985815475772926,3.1840299545679483e-22
efficientnet_b0,A3,123,blur,1000,-0.11653481653481655,0.00022150636935989012
efficientnet_b0,A3,123,swap,1000,-0.2504394104394105,9.122801663781797e-16
efficientnet_b0,A0,2026,blur,1000,-0.11354945354945356,0.0003207966168789838
efficientnet_b0,A0,2026,swap,1000,-0.2044665724665725,6.71958548090494e-11
efficientnet_b0,A3,2026,blur,1000,-0.2363201483201483,3.696640185232274e-14
efficientnet_b0,A3,2026,swap,1000,-0.19134801534801538,1.0617774953080908e-09
resnet50,A0_vanilla,42,blur,1000,-0.2131040143826385,9.836720830737901e-12
resnet50,A0_vanilla,42,swap,1000,-0.37109826732485696,5.249697035281618e-34
resnet50,A3_multiply,42,blur,1000,0.07575737175737175,0.016570291776479094
resnet50,A3_multiply,42,swap,1000,-0.4311523911523912,1.5702920930527708e-46
resnet50,A0_vanilla,123,blur,1000,-0.1931783291783292,7.306681830046429e-10
resnet50,A0_vanilla,123,swap,1000,-0.366993942993943,3.0543142733173887e-33
resnet50,A3_multiply,123,blur,1000,0.030965226965226966,0.3279673480107489
resnet50,A3_multiply,123,swap,1000,-0.4421204874468489,4.172473800933729e-49
resnet50,A0_vanilla,2026,blur,1000,-0.32766487566487573,1.8610420070292016e-26
resnet50,A0_vanilla,2026,swap,1000,-0.3526974646974647,1.157557754917953e-30
resnet50,A3_multiply,2026,blur,1000,0.020485856485856487,0.5175818989843065
resnet50,A3_multiply,2026,swap,1000,-0.4314108594108595,1.3688865257868993e-46
vit_base_patch16_224,A0_vanilla,42,blur,1000,-0.0925876405876406,0.003384027731009625
vit_base_patch16_224,A0_vanilla,42,swap,1000,0.2473224866779013,2.1078195353362733e-15
vit_base_patch16_224,A3_multiply,42,blur,1000,-0.04500050113550264,0.15503166531182733
vit_base_patch16_224,A3_multiply,42,swap,1000,-0.5886762172723893,2.666630271538183e-94
vit_base_patch16_224,A0_vanilla,123,blur,1000,-0.07686175686175688,0.015051425490758885
vit_base_patch16_224,A0_vanilla,123,swap,1000,0.2996907839842905,3.3659539197978052e-22
vit_base_patch16_224,A3_multiply,123,blur,1000,0.026434682434682437,0.4036960571697643
vit_base_patch16_224,A3_multiply,123,swap,1000,-0.6074218472441129,7.014179964389743e-102
vit_base_patch16_224,A0_vanilla,2026,blur,1000,-0.09596427596427597,0.002382528584890835
vit_base_patch16_224,A0_vanilla,2026,swap,1000,0.3017946940508336,1.6696240036763478e-22
vit_base_patch16_224,A3_multiply,2026,blur,1000,0.01097667497667498,0.7288247917973367
vit_base_patch16_224,A3_multiply,2026,swap,1000,-0.6111681688351779,1.8613116023155925e-103
