arm,region,mode,n_images,mean_probability_drop,pred_flip_rate,role,seed,backbone
A0_vanilla,lung,zero,3175,0.4440321791265893,0.4743307086614173,baseline,42,densenet121
A0_vanilla,lung,blur,3175,0.1740666202813621,0.1316535433070866,baseline,42,densenet121
A0_vanilla,background,zero,3175,0.758340498115134,0.7896062992125984,baseline,42,densenet121
A2_full,lung,zero,3175,0.4913853145959809,0.5373228346456693,selected,42,densenet121
A2_full,lung,blur,3175,0.1591833044412567,0.1007874015748031,selected,42,densenet121
A2_full,background,zero,3175,0.7931554727854692,0.8311811023622048,selected,42,densenet121
A3_multiply,lung,zero,3175,0.599153501311625,0.6075590551181103,other,42,densenet121
A3_multiply,lung,blur,3175,0.4324113744919694,0.4488188976377952,other,42,densenet121
A3_multiply,background,zero,3175,0.7722843586084411,0.8198425196850394,other,42,densenet121
A0_vanilla,lung,zero,3175,0.4648613146440251,0.4840944881889764,baseline,123,densenet121
A0_vanilla,lung,blur,3175,0.1878889024445391,0.1300787401574803,baseline,123,densenet121
A0_vanilla,background,zero,3175,0.8173289165909835,0.8730708661417322,baseline,123,densenet121
A2_full,lung,zero,3175,0.5025112647897615,0.52,selected,123,densenet121
A2_full,lung,blur,3175,0.2102624574984152,0.1543307086614173,selected,123,densenet121
A2_full,background,zero,3175,0.8031910280261453,0.8305511811023623,selected,123,densenet121
A0_vanilla,lung,zero,3175,0.5130378990567576,0.5537007874015748,baseline,2026,densenet121
A0_vanilla,lung,blur,3175,0.1954571091377829,0.1486614173228346,baseline,2026,densenet121
A0_vanilla,background,zero,3175,0.796652221116494,0.8311811023622048,baseline,2026,densenet121
A2_full,lung,zero,3175,0.4619809804751178,0.504251968503937,selected,2026,densenet121
A2_full,lung,blur,3175,0.1731337761315773,0.1092913385826771,selected,2026,densenet121
A2_full,background,zero,3175,0.7769114553740644,0.8305511811023623,selected,2026,densenet121
A0,lung,zero,3175,0.334758601329458,0.3760629921259842,baseline,42,efficientnet_b0
A0,lung,blur,3175,0.268653173240151,0.3029921259842519,baseline,42,efficientnet_b0
A0,background,zero,3175,0.7487400934686811,0.8166929133858267,baseline,42,efficientnet_b0
A3,lung,zero,3175,0.4290657633449149,0.4919685039370078,selected,42,efficientnet_b0
A3,lung,blur,3175,0.3287322085204087,0.3628346456692913,selected,42,efficientnet_b0
A3,background,zero,3175,0.7319357120052097,0.8091338582677166,selected,42,efficientnet_b0
A0,lung,zero,3175,0.3974136608792102,0.4532283464566929,baseline,123,efficientnet_b0
A0,lung,blur,3175,0.2823416066779865,0.3218897637795275,baseline,123,efficientnet_b0
A0,background,zero,3175,0.7016312493020155,0.7735433070866141,baseline,123,efficientnet_b0
A3,lung,zero,3175,0.3987980900176867,0.4513385826771653,selected,123,efficientnet_b0
A3,lung,blur,3175,0.3106743320095257,0.3511811023622047,selected,123,efficientnet_b0
A3,background,zero,3175,0.7127430609173662,0.7933858267716536,selected,123,efficientnet_b0
A0,lung,zero,3175,0.3854278796207248,0.4418897637795275,baseline,2026,efficientnet_b0
A0,lung,blur,3175,0.228874476340812,0.2548031496062992,baseline,2026,efficientnet_b0
A0,background,zero,3175,0.7342958423331027,0.8081889763779527,baseline,2026,efficientnet_b0
A3,lung,zero,3175,0.4010480171723629,0.4611023622047244,selected,2026,efficientnet_b0
A3,lung,blur,3175,0.26476737821196,0.2809448818897638,selected,2026,efficientnet_b0
A3,background,zero,3175,0.7290812910354043,0.8110236220472441,selected,2026,efficientnet_b0
A0_vanilla,lung,zero,3175,0.431236011897485,0.4541732283464567,baseline,42,resnet50
A0_vanilla,lung,blur,3175,0.3019627514035683,0.3196850393700787,baseline,42,resnet50
A0_vanilla,background,zero,3175,0.5721424239920819,0.6935433070866142,baseline,42,resnet50
A3_multiply,lung,zero,3175,0.5973747230514767,0.6100787401574803,selected,42,resnet50
A3_multiply,lung,blur,3175,0.4347323988554046,0.4598425196850393,selected,42,resnet50
A3_multiply,background,zero,3175,0.6671051700143363,0.7833070866141733,selected,42,resnet50
A0_vanilla,lung,zero,3175,0.4078770983970071,0.4585826771653543,baseline,123,resnet50
A0_vanilla,lung,blur,3175,0.2943294725361771,0.321259842519685,baseline,123,resnet50
A0_vanilla,background,zero,3175,0.5251710651146145,0.6368503937007874,baseline,123,resnet50
A3_multiply,lung,zero,3175,0.6099153303442978,0.6516535433070866,selected,123,resnet50
A3_multiply,lung,blur,3175,0.4459481640969674,0.4626771653543307,selected,123,resnet50
A3_multiply,background,zero,3175,0.6870227727833695,0.7883464566929134,selected,123,resnet50
A0_vanilla,lung,zero,3175,0.3693946434475305,0.3533858267716535,baseline,2026,resnet50
A0_vanilla,lung,blur,3175,0.3043696875459566,0.3275590551181102,baseline,2026,resnet50
A0_vanilla,background,zero,3175,0.4918654240585687,0.4620472440944881,baseline,2026,resnet50
A3_multiply,lung,zero,3175,0.6106392250708708,0.6645669291338583,selected,2026,resnet50
A3_multiply,lung,blur,3175,0.4475447961054449,0.4721259842519685,selected,2026,resnet50
A3_multiply,background,zero,3175,0.6988290842405455,0.8154330708661417,selected,2026,resnet50
A0_vanilla,lung,zero,3175,0.1927284209747014,0.1933858267716535,baseline,42,vit_base_patch16_224
A0_vanilla,lung,blur,3175,0.1377168913948254,0.1533858267716535,baseline,42,vit_base_patch16_224
A0_vanilla,background,zero,3175,0.6943775771264955,0.767244094488189,baseline,42,vit_base_patch16_224
A3_multiply,lung,zero,3175,0.567635149880657,0.6157480314960629,selected,42,vit_base_patch16_224
A3_multiply,lung,blur,3175,0.3751610457521724,0.3628346456692913,selected,42,vit_base_patch16_224
A3_multiply,background,zero,3175,0.7469761496923101,0.8034645669291338,selected,42,vit_base_patch16_224
A0_vanilla,lung,zero,3175,0.2206836123447718,0.225511811023622,baseline,123,vit_base_patch16_224
A0_vanilla,lung,blur,3175,0.1374979054083035,0.1496062992125984,baseline,123,vit_base_patch16_224
A0_vanilla,background,zero,3175,0.6639482824257978,0.7385826771653543,baseline,123,vit_base_patch16_224
A3_multiply,lung,zero,3175,0.5560840250563434,0.5981102362204724,selected,123,vit_base_patch16_224
A3_multiply,lung,blur,3175,0.3541586682740159,0.3496062992125984,selected,123,vit_base_patch16_224
A3_multiply,background,zero,3175,0.740096626732293,0.7974803149606299,selected,123,vit_base_patch16_224
A0_vanilla,lung,zero,3175,0.1998925718735522,0.2022047244094488,baseline,2026,vit_base_patch16_224
A0_vanilla,lung,blur,3175,0.1298605015240316,0.1489763779527559,baseline,2026,vit_base_patch16_224
A0_vanilla,background,zero,3175,0.7180735609099621,0.7839370078740158,baseline,2026,vit_base_patch16_224
A3_multiply,lung,zero,3175,0.5546151469542285,0.6062992125984252,selected,2026,vit_base_patch16_224
A3_multiply,lung,blur,3175,0.3922938883116865,0.3943307086614173,selected,2026,vit_base_patch16_224
A3_multiply,background,zero,3175,0.7279909797446934,0.7902362204724409,selected,2026,vit_base_patch16_224
