archive,member,size_bytes,sha256,backbone,arm,canonical_arm,seed,class_names,strict_model_load,state_tensors,status,error
results-dense.zip,Chest-X-ray-Disease-Detection/artifacts/T18_lung_attention/runs/A0_vanilla/densenet121_A0_vanilla.pt,28469828,8fc1931123fa3559f1535b85efc601736fd15ed14c1af82ff26c2872588adab2,densenet121,A0_vanilla,A0_vanilla,42.0,COVID|Lung_Opacity|Normal|Viral Pneumonia,True,727.0,verified,
results-dense.zip,Chest-X-ray-Disease-Detection/artifacts/T18_lung_attention/runs/A1_gate_only/densenet121_A1_gate_only.pt,28998074,4221691f91f0dc667b971400d829d85562eba3692af5f67cc04e3d57bbfda2fd,densenet121,A1_gate_only,A1_gate_only,42.0,COVID|Lung_Opacity|Normal|Viral Pneumonia,True,731.0,verified,
results-dense.zip,Chest-X-ray-Disease-Detection/artifacts/T18_lung_attention/runs/A2_full/densenet121_A2_full.pt,28994325,b53fe4be3252298b2bacdd14474db2bc886dd3c411e3672a6ec0beec510668f0,densenet121,A2_full,A2_full,42.0,COVID|Lung_Opacity|Normal|Viral Pneumonia,True,731.0,verified,
results-dense.zip,Chest-X-ray-Disease-Detection/artifacts/T18_lung_attention/runs/A3_multiply/densenet121_A3_multiply.pt,28997337,f4a9ff398e02a6fc15429462bf932d05c6c1d42907c546aa0c198eb7589679a8,densenet121,A3_multiply,A3_multiply,42.0,COVID|Lung_Opacity|Normal|Viral Pneumonia,True,731.0,verified,
results-dense.zip,Chest-X-ray-Disease-Detection/artifacts/T18_lung_attention/runs/A4_guidance_only/densenet121_A4_guidance_only.pt,29001022,0cec3579a7c4b20ca37953ac02daaaf62b22ae05c0fce170fb012c22326db656,densenet121,A4_guidance_only,A4_guidance_only,42.0,COVID|Lung_Opacity|Normal|Viral Pneumonia,True,731.0,verified,
results-dense.zip,Chest-X-ray-Disease-Detection/artifacts/T18_lung_attention/runs/A5_cbam/densenet121_A5_cbam.pt,28468343,aba1ae2e1b77006fc5ddee897faa489a0fb4ec097c920c26cb74b69175342060,densenet121,A5_cbam,A5_cbam,42.0,COVID|Lung_Opacity|Normal|Viral Pneumonia,True,728.0,verified,
results-dense.zip,Chest-X-ray-Disease-Detection/artifacts/T18_lung_attention/runs_multiseed/A0_vanilla_seed123/densenet121_A0_vanilla_seed123.pt,28475756,95ca129eae54f92542838516769680ef7677ac20594a458bd7450fb015fdb181,densenet121,A0_vanilla_seed123,A0_vanilla,123.0,COVID|Lung_Opacity|Normal|Viral Pneumonia,True,727.0,verified,
results-dense.zip,Chest-X-ray-Disease-Detection/artifacts/T18_lung_attention/runs_multiseed/A0_vanilla_seed2026/densenet121_A0_vanilla_seed2026.pt,28476489,e093a90adb40d57521b1118457b34dce07fd864e70f6cfcc1a83056d18353ba1,densenet121,A0_vanilla_seed2026,A0_vanilla,2026.0,COVID|Lung_Opacity|Normal|Viral Pneumonia,True,727.0,verified,
results-dense.zip,Chest-X-ray-Disease-Detection/artifacts/T18_lung_attention/runs_multiseed/A2_full_seed123/densenet121_A2_full_seed123.pt,29000285,0739973b9544824c09407d4f1318ce54219b9b9d294726c2b67034600f799a82,densenet121,A2_full_seed123,A2_full,123.0,COVID|Lung_Opacity|Normal|Viral Pneumonia,True,731.0,verified,
results-dense.zip,Chest-X-ray-Disease-Detection/artifacts/T18_lung_attention/runs_multiseed/A2_full_seed2026/densenet121_A2_full_seed2026.pt,29001022,a3a62560e733fe0156d75dabf2e428fe75f4b5eab687700f944a7b5eff7f899a,densenet121,A2_full_seed2026,A2_full,2026.0,COVID|Lung_Opacity|Normal|Viral Pneumonia,True,731.0,verified,
results-dense.zip,Chest-X-ray-Disease-Detection/artifacts/T18_lung_attention/smoke_test/smoke_checkpoint.pt,28990642,06715f289d98193e0e6201a46c13f59ba0b68f18cdc730dd12406996933cde9e,,,,,,,,excluded_smoke,smoke-test weights are not a final research checkpoint
resnet (1).zip,Chest-X-ray-Disease-Detection/artifacts/T18_lung_attention/bg_suppression_followup/runs/A2_bg/densenet121_A2_bg.pt,28992851,4263d4a5f4b052c6452909d0732637a0f9fbb22da91384029a477d74a28c28bf,densenet121,A2_bg,A2_bg,42.0,COVID|Lung_Opacity|Normal|Viral Pneumonia,True,731.0,verified,
T25_EfficientNetB0_FINAL_seed42 (1).zip,runs/A5/efficientnet_b0_A5.pt,16358386,2d29f79b7ce867dcde482490c38008502293108ca8f585d95163544acb62c97e,efficientnet_b0,A5,A5,42.0,COVID|Lung_Opacity|Normal|Viral Pneumonia,True,361.0,verified,
T25_EfficientNetB0_FINAL_seed42 (1).zip,runs/A2/efficientnet_b0_A2.pt,16769293,4cfafe45668ff8084057345cbdf2627c0da1838c9af36191af7ffe0d8ad98fa9,efficientnet_b0,A2,A2,42.0,COVID|Lung_Opacity|Normal|Viral Pneumonia,True,364.0,verified,
T25_EfficientNetB0_FINAL_seed42 (1).zip,runs/A4/efficientnet_b0_A4.pt,16769293,a3a67067b985fdb679612079d80a3bdf4e880c7252910a45810223d80aad5f66,efficientnet_b0,A4,A4,42.0,COVID|Lung_Opacity|Normal|Viral Pneumonia,True,364.0,verified,
T25_EfficientNetB0_FINAL_seed42 (1).zip,runs/A0/efficientnet_b0_A0.pt,16357609,0d89b63e70a0aba791e7a963a6b36a4021d5df8a3259e95dafb79b0f6c850980,efficientnet_b0,A0,A0,42.0,COVID|Lung_Opacity|Normal|Viral Pneumonia,True,360.0,verified,
T25_EfficientNetB0_FINAL_seed42 (1).zip,runs/A3/efficientnet_b0_A3.pt,16769293,5ae97fab1c6314f68ff4b22700e7614da096bc021e8826465f9dd158a016b5b2,efficientnet_b0,A3,A3,42.0,COVID|Lung_Opacity|Normal|Viral Pneumonia,True,364.0,verified,
T25_EfficientNetB0_FINAL_seed42 (1).zip,runs/A6/efficientnet_b0_A6.pt,16769293,13a146f3dc9d971db7d841828a4031b02a99660338cf8bd29edd5efb2d9f1d49,efficientnet_b0,A6,A6,42.0,COVID|Lung_Opacity|Normal|Viral Pneumonia,True,364.0,verified,
T25_EfficientNetB0_FINAL_seed42 (1).zip,runs/A1/efficientnet_b0_A1.pt,16769293,409fc0e4c1355a8ad97ef9dcb960e396f68176167e2f72f39d5be4a0e81ed2f6,efficientnet_b0,A1,A1,42.0,COVID|Lung_Opacity|Normal|Viral Pneumonia,True,364.0,verified,
results (10).zip,Chest-X-ray-Disease-Detection/artifacts/T25_efficientnet_b0_lung_attention/runs_multiseed/seed_123/runs/A0/efficientnet_b0_A0.pt,16357609,d4f547063e9d61e565f482feb7f84a8f31361870da708901a7c766f977c295ec,efficientnet_b0,A0,A0,123.0,COVID|Lung_Opacity|Normal|Viral Pneumonia,True,360.0,verified,
results (10).zip,Chest-X-ray-Disease-Detection/artifacts/T25_efficientnet_b0_lung_attention/runs_multiseed/seed_123/runs/A3/efficientnet_b0_A3.pt,16769293,70bc59a84f0d6ee209b349293d043fba5a07a2650cea0cd198df8cb854ede56b,efficientnet_b0,A3,A3,123.0,COVID|Lung_Opacity|Normal|Viral Pneumonia,True,364.0,verified,
results (10).zip,Chest-X-ray-Disease-Detection/artifacts/T25_efficientnet_b0_lung_attention/runs_multiseed/seed_2026/runs/A0/efficientnet_b0_A0.pt,16357609,4931c756daf034962540297f1d838a3f5ffd99598266a293621d4586faae4e4d,efficientnet_b0,A0,A0,2026.0,COVID|Lung_Opacity|Normal|Viral Pneumonia,True,360.0,verified,
results (10).zip,Chest-X-ray-Disease-Detection/artifacts/T25_efficientnet_b0_lung_attention/runs_multiseed/seed_2026/runs/A3/efficientnet_b0_A3.pt,16769293,f00878b0a041159135ae7b9fc5dc052051ccf3a2ea09a1a65cae4048e90cc3d5,efficientnet_b0,A3,A3,2026.0,COVID|Lung_Opacity|Normal|Viral Pneumonia,True,364.0,verified,
