backbone,seed,baseline_arm,selected_arm,baseline_source,selected_source,n_paired,baseline_eil_mean,selected_eil_mean,delta_eil_mean,delta_eil_median,fraction_images_improved,ci_95_low,ci_95_high,wilcoxon_two_sided_p,bootstrap_seed,n_boot,wilcoxon_holm_p_within_seed_three_backbones
DenseNet121,42,A0_vanilla,A2_full,artifacts/T18_lung_attention/runs/A0_vanilla/per_image_predictions.csv,artifacts/T18_lung_attention/runs/A2_full/per_image_predictions.csv,1000,0.29619185350835325,0.3735403796993196,0.07734852619096637,0.07592865824699399,0.919,0.07374400878064334,0.08126669129235671,1.1811225012796381e-147,42,2000,1.1811225012796381e-147
ResNet50,42,A0_vanilla,A3_multiply,artifacts/T23_resnet50_lung_attention/runs/A0_vanilla/per_image_predictions.csv,artifacts/T23_resnet50_lung_attention/runs/A3_multiply/per_image_predictions.csv,1000,0.3613808306567371,0.6602786445170641,0.298897813860327,0.29483552277088165,0.998,0.2931653380683623,0.30472799871964384,3.3559518029314626e-165,42,2000,1.0067855408794387e-164
EfficientNet-B0,42,A0,A3,artifacts/T25_efficientnet_b0_lung_attention/runs/A0/per_image_predictions.csv,artifacts/T25_efficientnet_b0_lung_attention/runs/A3/per_image_predictions.csv,1000,0.36099269309826193,0.5038401051685214,0.14284741207025944,0.1404603272676468,0.979,0.13802238974794745,0.14755352388061582,5.2730977864706976e-163,42,2000,1.0546195572941395e-162
DenseNet121,123,A0_vanilla,A2_full,artifacts/T18_lung_attention/runs_multiseed/A0_vanilla_seed123/per_image_predictions.csv,artifacts/T18_lung_attention/runs_multiseed/A2_full_seed123/per_image_predictions.csv,1000,0.30679224016144874,0.3734650325626135,0.06667279240116478,0.06695408374071124,0.933,0.06352794977622106,0.06989382619466632,1.0620722396455716e-149,42,2000,2.1241444792911432e-149
ResNet50,123,A0_vanilla,A3_multiply,artifacts/T23_resnet50_lung_attention/runs_multiseed/A0_vanilla_seed123/per_image_predictions.csv,artifacts/T23_resnet50_lung_attention/runs_multiseed/A3_multiply_seed123/per_image_predictions.csv,1000,0.3575717858634889,0.6544663568288088,0.29689457096531985,0.29446710646152496,1.0,0.29147205807380383,0.30271409934069965,3.325859118934513e-165,42,2000,9.97757735680354e-165
EfficientNet-B0,123,A0,A3,artifacts/T25_efficientnet_b0_lung_attention/runs_multiseed/seed_123/runs/A0/per_image_predictions.csv,artifacts/T25_efficientnet_b0_lung_attention/runs_multiseed/seed_123/runs/A3/per_image_predictions.csv,1000,0.29135100017115473,0.38444778229668736,0.09309678212553263,0.09066949784755708,0.909,0.08862665069205687,0.09778631941238419,1.0466848717060858e-143,42,2000,1.0466848717060858e-143
DenseNet121,2026,A0_vanilla,A2_full,artifacts/T18_lung_attention/runs_multiseed/A0_vanilla_seed2026/per_image_predictions.csv,artifacts/T18_lung_attention/runs_multiseed/A2_full_seed2026/per_image_predictions.csv,1000,0.295808574475348,0.3631523792343214,0.06734380475897342,0.06588834524154664,0.917,0.06367700009369291,0.0709287985325791,1.8114835823234296e-144,42,2000,1.8114835823234296e-144
ResNet50,2026,A0_vanilla,A3_multiply,artifacts/T23_resnet50_lung_attention/runs_multiseed/A0_vanilla_seed2026/per_image_predictions.csv,artifacts/T23_resnet50_lung_attention/runs_multiseed/A3_multiply_seed2026/per_image_predictions.csv,1000,0.3522630643248558,0.6533821174502372,0.30111905312538145,0.2955610230565071,0.999,0.29573397380290556,0.3068171897148248,3.3358599511910646e-165,42,2000,1.0007579853573194e-164
EfficientNet-B0,2026,A0,A3,artifacts/T25_efficientnet_b0_lung_attention/runs_multiseed/seed_2026/runs/A0/per_image_predictions.csv,artifacts/T25_efficientnet_b0_lung_attention/runs_multiseed/seed_2026/runs/A3/per_image_predictions.csv,1000,0.3090035534203053,0.41296710547059773,0.1039635520502925,0.1001962423324585,0.948,0.0995561174362898,0.10868155809491872,5.98455822968719e-158,42,2000,1.196911645937438e-157
