backbone,seed,metric,baseline,selected,diff,ci_low,ci_high,share_images_higher,reading
densenet121,42,LRG_blur,-0.07684610038995743,0.09915825724601746,0.1760043501853943,0.16160273551940918,0.19018341600894928,,higher
densenet121,42,LRG_swap,0.08593191206455231,0.15304037928581238,0.06710847467184067,0.05656081810593605,0.07760195434093475,,higher
densenet121,42,dP_lung_blur,0.27941271662712097,0.48418882489204407,0.2047761082649231,0.19449613988399506,0.21439823508262634,,higher
densenet121,42,dP_background_blur,0.3562588095664978,0.3850305676460266,0.02877175621688366,0.020022090524435043,0.03796447068452835,,higher
densenet121,42,dP_lung_swap,0.4770910441875458,0.5526202321052551,0.07552924752235413,0.06775649636983871,0.08346705138683319,,higher
densenet121,42,dP_background_swap,0.3911590874195099,0.39957985281944275,0.008420773781836033,5.138520646141842e-05,0.016807129606604576,,higher
densenet121,42,eil_post,0.37931084632873535,0.6951639652252197,0.315853089094162,0.30841323733329773,0.32345759868621826,0.988,higher
densenet121,42,eil_pre,0.37931084632873535,0.36556476354599,-0.013746091164648533,-0.020894784480333328,-0.006871005054563284,0.502,lower
densenet121,123,LRG_blur,-0.04979370906949043,0.023384300991892815,0.0731780081987381,0.061002712696790695,0.08526483923196793,,higher
densenet121,123,LRG_swap,0.09052484482526779,0.11365673691034317,0.02313188835978508,0.013553460128605366,0.03237267583608627,,higher
densenet121,123,dP_lung_blur,0.3449873626232147,0.41494157910346985,0.06995422393083572,0.06202465668320656,0.07763537764549255,,higher
densenet121,123,dP_background_blur,0.39478105306625366,0.3915572762489319,-0.00322378845885396,-0.011481448076665401,0.004206049721688032,,no detectable difference
densenet121,123,dP_lung_swap,0.5094218254089355,0.5719137191772461,0.06249193847179413,0.055395301431417465,0.06942543387413025,,higher
densenet121,123,dP_background_swap,0.41889697313308716,0.4582570493221283,0.03936005011200905,0.0319775827229023,0.04681225121021271,,higher
densenet121,123,eil_post,0.3823355734348297,0.6309577226638794,0.2486220747232437,0.2402086704969406,0.2568562924861908,0.969,higher
densenet121,123,eil_pre,0.3823355734348297,0.36002010107040405,-0.022315481677651405,-0.02936960756778717,-0.015424656681716442,0.454,lower
densenet121,2026,LRG_blur,-0.08564337342977524,-0.023947153240442276,0.061696212738752365,0.04849260672926903,0.07455538213253021,,higher
densenet121,2026,LRG_swap,0.05767405778169632,0.13083887100219727,0.07316481322050095,0.06269221752882004,0.08330586552619934,,higher
densenet121,2026,dP_lung_blur,0.2891078293323517,0.37850257754325867,0.089394710958004,0.0818028450012207,0.09716111421585083,,higher
densenet121,2026,dP_background_blur,0.3747512102127075,0.40244972705841064,0.027698498219251633,0.01845112070441246,0.03667378053069115,,higher
densenet121,2026,dP_lung_swap,0.4587222933769226,0.5717508792877197,0.1130286380648613,0.10501884669065475,0.12104005366563797,,higher
densenet121,2026,dP_background_swap,0.4010482132434845,0.44091206789016724,0.03986382111907005,0.03143053501844406,0.04790300875902176,,higher
densenet121,2026,eil_post,0.38906481862068176,0.6493514180183411,0.2602866291999817,0.2530362010002136,0.26719897985458374,0.984,higher
densenet121,2026,eil_pre,0.38906481862068176,0.3573170602321625,-0.03174778074026108,-0.03876250237226486,-0.02515476942062378,0.402,lower
