backbone,seed,metric,baseline_arm,selected_arm,baseline,selected,diff,ci_low,ci_high
densenet121,42,A_h2_C1_covid_vs_normal,A0_vanilla,A3_multiply,0.6425889805640902,0.6717989436255049,0.029209963061414657,0.0015360151206544803,0.05568901681223458
densenet121,42,B_within_C1_covid_vs_normal,A0_vanilla,A3_multiply,0.653597710256026,0.6881794108620086,0.034581700605982646,0.009988811802745157,0.05715036437478151
densenet121,42,A_h2_C2_anypneumonia_vs_normal,A0_vanilla,A3_multiply,0.7868975903614458,0.7972443406845374,0.010346750323091625,-0.006636081523325146,0.026862402030266345
densenet121,42,B_within_C2_anypneumonia_vs_normal,A0_vanilla,A3_multiply,0.8245197635922907,0.8385744253388209,0.01405466174653014,0.005649283347016859,0.022491581566156753
densenet121,42,A_h2_C3_covid_vs_pneumonia,A0_vanilla,A3_multiply,0.5288534928241638,0.5679921422404625,0.03913864941629863,0.009792326172094962,0.06791034271342941
densenet121,42,B_within_C3_covid_vs_pneumonia,A0_vanilla,A3_multiply,0.5319849246231155,0.564286432160804,0.032301507537688456,0.007311306532663359,0.056196482412060295
densenet121,42,A_h2_C4_pneumonia_vs_normal,A0_vanilla,A3_multiply,0.7727613510811806,0.7692166044089019,-0.0035447466722786647,-0.03258339032987845,0.025227876571789265
densenet121,42,B_within_C4_pneumonia_vs_normal,A0_vanilla,A3_multiply,0.7884886395126585,0.7697017353964506,-0.01878690411620787,-0.03441006113086172,-0.004299914260472888
densenet121,42,D_eta2_pcovid_normals,A0_vanilla,A3_multiply,0.06699446661562718,0.06064776793572021,-0.006346698679906969,-0.028794683617281786,0.013922859704703298
densenet121,123,A_h2_C1_covid_vs_normal,A0_vanilla,A3_multiply,0.6486001311837608,0.6721225877722926,0.023522456588531804,0.0017265336417302576,0.046619105361273144
densenet121,123,B_within_C1_covid_vs_normal,A0_vanilla,A3_multiply,0.6602321149440055,0.6820660514050377,0.021833936461032266,0.0032030898695959405,0.04175892022297889
densenet121,123,A_h2_C2_anypneumonia_vs_normal,A0_vanilla,A3_multiply,0.7875099011964815,0.7942583482719806,0.006748447075499153,-0.006749749864509977,0.02052856755742692
densenet121,123,B_within_C2_anypneumonia_vs_normal,A0_vanilla,A3_multiply,0.8157723946299347,0.8134450235042319,-0.002327371125702804,-0.009292328452799165,0.004533297809522638
densenet121,123,A_h2_C3_covid_vs_pneumonia,A0_vanilla,A3_multiply,0.5422166889803681,0.5623678382402623,0.02015114925989414,-0.004481143879581116,0.045947404311757936
densenet121,123,B_within_C3_covid_vs_pneumonia,A0_vanilla,A3_multiply,0.5458241206030151,0.5659296482412061,0.020105527638190956,-0.0005801507537687735,0.04165979899497482
densenet121,123,A_h2_C4_pneumonia_vs_normal,A0_vanilla,A3_multiply,0.7523478192244962,0.754037986005156,0.0016901667806598075,-0.02414505182301263,0.025240700794444182
densenet121,123,B_within_C4_pneumonia_vs_normal,A0_vanilla,A3_multiply,0.7834129542477778,0.7489655597109488,-0.03444739453682899,-0.049060536369428365,-0.02010852445116042
densenet121,123,D_eta2_pcovid_normals,A0_vanilla,A3_multiply,0.052556972204809045,0.05880709361379294,0.006250121408983893,-0.007541281583759216,0.019786994820415835
densenet121,2026,A_h2_C1_covid_vs_normal,A0_vanilla,A3_multiply,0.6747980460524045,0.6630303448752028,-0.011767701177201606,-0.0370953369351331,0.013002619359961316
densenet121,2026,B_within_C1_covid_vs_normal,A0_vanilla,A3_multiply,0.6872836413210281,0.6781510745665689,-0.009132566754459281,-0.03041904884263728,0.012045691384195962
densenet121,2026,A_h2_C2_anypneumonia_vs_normal,A0_vanilla,A3_multiply,0.7892087380664526,0.7920957185141951,0.002886980447742493,-0.01244528286155001,0.018486836619835665
densenet121,2026,B_within_C2_anypneumonia_vs_normal,A0_vanilla,A3_multiply,0.8144610872413958,0.805867989736515,-0.008593097504880798,-0.01638318547507637,-0.0010089043002725815
densenet121,2026,A_h2_C3_covid_vs_pneumonia,A0_vanilla,A3_multiply,0.5277023560766256,0.55252061410643,0.02481825802980442,-0.0019907158318839433,0.05187747901052287
densenet121,2026,B_within_C3_covid_vs_pneumonia,A0_vanilla,A3_multiply,0.537356783919598,0.5615477386934673,0.024190954773869344,0.0008223618090452163,0.046323994974874376
densenet121,2026,A_h2_C4_pneumonia_vs_normal,A0_vanilla,A3_multiply,0.6953885410638186,0.7310727626663861,0.035684221602567456,0.006940370652917358,0.06458294970274107
densenet121,2026,B_within_C4_pneumonia_vs_normal,A0_vanilla,A3_multiply,0.7502516526175425,0.7416729629164702,-0.008578689701072229,-0.025108062594591793,0.006697364338514844
densenet121,2026,D_eta2_pcovid_normals,A0_vanilla,A3_multiply,0.06887105700494929,0.05348364207532991,-0.015387414929619384,-0.029098395898407636,-0.0007832580688753137
