arm,seed,source,scope,n_images,mean_eil,median_eil,std_eil,mean_lung_fraction,mean_eil_excess,n_flat_maps
A0_vanilla,42,cls,all,3175,0.1252726418677512,0.1181036308407783,0.0519748415522779,0.2395358964448838,-0.1142632545771326,0
A0_vanilla,123,cls,all,3175,0.1253475248033371,0.1181584149599075,0.0520068772292632,0.2395358964448838,-0.1141883716415467,0
A0_vanilla,2026,cls,all,3175,0.1255601214723089,0.1182998195290565,0.0520230669904945,0.2395358964448838,-0.1139757749725749,0
A1_gate_only,42,cls,all,3175,0.1251664303442624,0.1179560869932174,0.0520268582507374,0.2395358964448838,-0.1143694661006214,0
A2_full,42,cls,all,3175,0.1247634572852549,0.1176528111100196,0.0519459501584096,0.2395358964448838,-0.1147724391596289,0
A3_multiply,42,cls,all,3175,0.1250694045336462,0.1177972480654716,0.0519410591292536,0.2395358964448838,-0.1144664919112376,0
A3_multiply,123,cls,all,3175,0.125140651428676,0.1179831326007843,0.0519893339528716,0.2395358964448838,-0.1143952450162078,0
A3_multiply,2026,cls,all,3175,0.1251733540585191,0.1180410534143447,0.051981400364675,0.2395358964448838,-0.1143625423863647,0
A4_guidance_only,42,cls,all,3175,0.1250931173938466,0.1180016994476318,0.0519900066652265,0.2395358964448838,-0.1144427790510372,0
A5_cbam,42,cls,all,3175,0.1252582584333232,0.1181011870503425,0.0519752543877237,0.2395358964448838,-0.1142776380115606,0
A6_full_bg,42,cls,all,3175,0.1247716743487307,0.1176432818174362,0.0519471221206925,0.2395358964448838,-0.1147642220961531,0
A0_vanilla,42,cls,cam_subset,1000,0.1268623020481318,0.1197975389659404,0.0522700741498475,0.2417485600411892,-0.1148862579930573,0
A0_vanilla,123,cls,cam_subset,1000,0.1269387532807886,0.1199256144464016,0.0522948776832922,0.2417485600411892,-0.1148098067604005,0
A0_vanilla,2026,cls,cam_subset,1000,0.1271488843001425,0.1201139651238918,0.0523124858417543,0.2417485600411892,-0.1145996757410466,0
A1_gate_only,42,cls,cam_subset,1000,0.1267678075172007,0.1197364442050457,0.0523281511229454,0.2417485600411892,-0.1149807525239884,0
A2_full,42,cls,cam_subset,1000,0.1263618137668818,0.1194676049053669,0.0522463703928995,0.2417485600411892,-0.1153867462743073,0
A3_multiply,42,cls,cam_subset,1000,0.1266545778829604,0.1196939796209335,0.0522195107862604,0.2417485600411892,-0.1150939821582287,0
A3_multiply,123,cls,cam_subset,1000,0.1267355564143508,0.1196340657770633,0.0522715546796034,0.2417485600411892,-0.1150130036268383,0
A3_multiply,2026,cls,cam_subset,1000,0.1267677269559353,0.1196711882948875,0.0522638238689367,0.2417485600411892,-0.1149808330852538,0
A4_guidance_only,42,cls,cam_subset,1000,0.126686989435926,0.1197554916143417,0.0522911436560227,0.2417485600411892,-0.1150615706052631,0
A5_cbam,42,cls,cam_subset,1000,0.1268489322084933,0.1197918504476547,0.0522711532095139,0.2417485600411892,-0.1148996278326958,0
A6_full_bg,42,cls,cam_subset,1000,0.126370151348412,0.1194783858954906,0.0522471536813397,0.2417485600411892,-0.1153784086927771,0
A0_vanilla,42,patch_mean,all,3175,0.1248009198692839,0.1174543052911758,0.0518413918432339,0.2395358964448838,-0.1147349765755998,0
A0_vanilla,123,patch_mean,all,3175,0.1247556887525977,0.1175261437892913,0.0518922497578523,0.2395358964448838,-0.1147802076922861,0
A0_vanilla,2026,patch_mean,all,3175,0.1249349315722627,0.1176372319459915,0.0518792060234596,0.2395358964448838,-0.1146009648726211,0
A1_gate_only,42,patch_mean,all,3175,0.1246710841046778,0.1173762306571006,0.0519306181189666,0.2395358964448838,-0.114864812340206,0
A2_full,42,patch_mean,all,3175,0.1241725194020064,0.1169167160987854,0.0518188539811885,0.2395358964448838,-0.1153633770428774,0
A3_multiply,42,patch_mean,all,3175,0.1245576072977049,0.117358773946762,0.0517330068143281,0.2395358964448838,-0.1149782891471789,0
A3_multiply,123,patch_mean,all,3175,0.1245023770583426,0.1171852797269821,0.0517898290853243,0.2395358964448838,-0.1150335193865411,0
A3_multiply,2026,patch_mean,all,3175,0.1246378146346629,0.1173539757728576,0.0517980221534253,0.2395358964448838,-0.1148980818102209,0
A4_guidance_only,42,patch_mean,all,3175,0.124654649508985,0.117383599281311,0.0518578926949304,0.2395358964448838,-0.1148812469358988,0
A5_cbam,42,patch_mean,all,3175,0.1247758236867705,0.1174290999770164,0.051842940027956,0.2395358964448838,-0.1147600727581133,0
A6_full_bg,42,patch_mean,all,3175,0.1241846657133712,0.1169360429048538,0.0518181798599556,0.2395358964448838,-0.1153512307315126,0
A0_vanilla,42,patch_mean,cam_subset,1000,0.1263603109829127,0.1195501424372196,0.0521169648960097,0.2417485600411892,-0.1153882490582764,0
A0_vanilla,123,patch_mean,cam_subset,1000,0.1263187631424516,0.1194882541894912,0.0521721444776702,0.2417485600411892,-0.1154297968987375,0
A0_vanilla,2026,patch_mean,cam_subset,1000,0.1264993429686874,0.1199161410331726,0.0521528014177667,0.2417485600411892,-0.1152492170725017,0
A1_gate_only,42,patch_mean,cam_subset,1000,0.1262494032457471,0.1193694584071636,0.0522197267246373,0.2417485600411892,-0.1154991567954421,0
A2_full,42,patch_mean,cam_subset,1000,0.1257454982027411,0.1189472042024135,0.0521069010057901,0.2417485600411892,-0.116003061838448,0
A3_multiply,42,patch_mean,cam_subset,1000,0.1261187035515904,0.1194441728293895,0.0519907696458379,0.2417485600411892,-0.1156298564895987,0
A3_multiply,123,patch_mean,cam_subset,1000,0.126073180001229,0.1193191893398761,0.0520560826370279,0.2417485600411892,-0.1156753800399601,0
A3_multiply,2026,patch_mean,cam_subset,1000,0.1262118984069675,0.119514487683773,0.0520635226142718,0.2417485600411892,-0.1155366616342216,0
A4_guidance_only,42,patch_mean,cam_subset,1000,0.1262184667512774,0.1193437203764915,0.05213851122755,0.2417485600411892,-0.1155300932899117,0
A5_cbam,42,patch_mean,cam_subset,1000,0.1263368576355278,0.1195244193077087,0.0521203034759547,0.2417485600411892,-0.1154117024056613,0
A6_full_bg,42,patch_mean,cam_subset,1000,0.1257581799738109,0.1189574748277664,0.0521064920785646,0.2417485600411892,-0.1159903800673782,0
