image,label,severity,y,best_similarity_to_primary,closest_primary_image,excluded_overlap
0021a3ef8340e3c2a599843997e94c76,P,NORMAL-PCR+,1,0.8866583,Normal/images/Normal-2933.png,False
00960b9bd138047f3b868404aac7e531,P,MODERATE,1,0.92143583,COVID/images/COVID-3272.png,False
00b05aa3cb325265b9ded3f1a9f704c8,P,MODERATE,1,0.9146034,COVID/images/COVID-3138.png,False
00f9707e0de334db70a7924a9de98368,P,MODERATE,1,0.87688,Normal/images/Normal-3242.png,False
0187b7c65ef69abd633c9bad6675dabf,P,MODERATE,1,0.86993456,COVID/images/COVID-2651.png,False
019ba8f463bf79db9875debbf9613b03,P,MODERATE,1,0.8884672,Normal/images/Normal-2810.png,False
01d381e16aa67898af213e64cb854dcf,P,MODERATE,1,0.8999528,Normal/images/Normal-2004.png,False
0212b1174ada9d996bf64d78daa46ca3,P,MODERATE,1,0.9099041,COVID/images/COVID-2481.png,False
022fd5ca4843bfdc868b0a23541dd15e,P,NORMAL-PCR+,1,0.8813355,Normal/images/Normal-5918.png,False
04865b70ada1e03193d81ebb0da76e22,P,MILD,1,0.89790803,COVID/images/COVID-3336.png,False
0502a4ff12d365f32936fed57a264a24,P,MODERATE,1,0.9458731,COVID/images/COVID-3055.png,False
05837f70498e9d5e4440258e038b924d,P,MILD,1,0.9098262,COVID/images/COVID-3449.png,False
05cb80ddfc72076a014e3040f5cce253,P,NORMAL-PCR+,1,0.9053457,Normal/images/Normal-4550.png,False
06354311ebd38f147d0658499dd6bfc4,P,SEVERE,1,0.92353326,COVID/images/COVID-1951.png,False
06671cc6a8553ccf2313e54fc91ea145,P,NORMAL-PCR+,1,0.93907714,COVID/images/COVID-3368.png,False
06afa6aafce52c8d4d0fdbe6cc0ca1ba,P,MODERATE,1,0.8022435,COVID/images/COVID-1832.png,False
06c1c008c4145f1abc744071da2259e0,P,MILD,1,0.85061496,Lung_Opacity/images/Lung_Opacity-3228.png,False
07eef010d4bfffb2efdc6e206dbff5f2,P,MILD,1,0.92091334,COVID/images/COVID-3130.png,False
0800e279ac2d036bb393ef203ebce44f,P,SEVERE,1,0.9367665,Lung_Opacity/images/Lung_Opacity-4335.png,False
0887aa087d7e570c81c88c31aba585e7,P,NORMAL-PCR+,1,0.9152109,COVID/images/COVID-3171.png,False
0973fbc2ba623c724bce897239e6670c,P,MODERATE,1,0.9205796,Normal/images/Normal-4332.png,False
09a1b8f056217a6c61ab4920609fd0ab,P,NORMAL-PCR+,1,0.8939585,COVID/images/COVID-3211.png,False
0cbec3fd5af7ae5fbd52c9628ce8b3b8,P,SEVERE,1,0.91216445,Normal/images/Normal-6844.png,False
0d263c41ba8edd9da072383bd0062ed2,P,MODERATE,1,0.9350113,Normal/images/Normal-7110.png,False
0e38e0ee200bc76b51a60934bbc81d67,P,SEVERE,1,0.9225963,Lung_Opacity/images/Lung_Opacity-1746.png,False
0e963cb5ba0e22328a97ccacdcdb98cd,P,SEVERE,1,0.9517095,Lung_Opacity/images/Lung_Opacity-3306.png,False
0fb02b34010aae8fc86f7c836ade5435,P,SEVERE,1,0.92854613,COVID/images/COVID-3345.png,False
10cbb558232726b4ca4f65e9699447d2,P,NORMAL-PCR+,1,0.91110176,COVID/images/COVID-2212.png,False
10eddd144ca9f07831d6a07e7a0e9465,P,MILD,1,0.9219984,COVID/images/COVID-604.png,False
11bdde9cb7b7ae1478e92cb062ab22f9,P,MILD,1,0.8814619,COVID/images/COVID-939.png,False
11cb02770619172e6cbb0500fd3bba0b,P,SEVERE,1,0.9253071,Lung_Opacity/images/Lung_Opacity-2174.png,False
11e9ce2a931e058eb70a97f0375c4355,P,MODERATE,1,0.92444193,Normal/images/Normal-2812.png,False
12820302d773987bf9ce4d78b6049624,P,SEVERE,1,0.88887274,Normal/images/Normal-6028.png,False
12bd8f797373db45259600ce8e7ad76a,P,MILD,1,0.90836173,Normal/images/Normal-5952.png,False
1380881e07ad7be91719c53e06c5d392,P,NORMAL-PCR+,1,0.92882127,Normal/images/Normal-5712.png,False
13e54d58a79f4d4c8f2f16cadc3f5b86,P,MODERATE,1,0.871264,Normal/images/Normal-1892.png,False
14bdd93ad4362a7d4127848d9d37487d,P,MODERATE,1,0.87978524,Lung_Opacity/images/Lung_Opacity-4645.png,False
14cba19c79cc386ac43b91d519dd24cd,P,MODERATE,1,0.8934727,Normal/images/Normal-7204.png,False
16ddffb8e5a07bca99bcf8db4b938322,P,NORMAL-PCR+,1,0.91644895,Normal/images/Normal-8472.png,False
17bbda86d2291e42eb577c8d4410cb99,P,NORMAL-PCR+,1,0.79641265,Normal/images/Normal-9961.png,False
1941783219e70684e715faaf7f70a834,P,MODERATE,1,0.9179384,Normal/images/Normal-7246.png,False
19b9f2708595e4732d2a70f869c784b1,P,MILD,1,0.89073014,COVID/images/COVID-2321.png,False
1a047a0ef9d1242ef4a0a4c624f9deb6,P,SEVERE,1,0.8930533,COVID/images/COVID-3551.png,False
1a77e4bd2fe33f616179273a53ff8ade,P,MODERATE,1,0.8334337,COVID/images/COVID-1081.png,False
1aa2472c30045fbf601f13bec2717e82,P,NORMAL-PCR+,1,0.9158584,Normal/images/Normal-6737.png,False
1bdabc2d789b29263650e50fa6f7be0f,P,MODERATE,1,0.917125,Normal/images/Normal-2084.png,False
1c50a560d7af0214dad08d1a3afa3556,P,SEVERE,1,0.84480596,Lung_Opacity/images/Lung_Opacity-2026.png,False
1cc9512182b0282c0bc6beac378a77ed,P,NORMAL-PCR+,1,0.9094822,Normal/images/Normal-10085.png,False
1ce4a3ff154220bb99fef2b4fd1e62e7,P,MODERATE,1,0.92035633,COVID/images/COVID-2914.png,False
1ce9ab44b0101b973011d31f534978bb,P,MILD,1,0.92000926,Normal/images/Normal-6448.png,False
1d0f1d2efb557af1a92a4834b6b0a370,P,SEVERE,1,0.8454936,Lung_Opacity/images/Lung_Opacity-5423.png,False
1d1b6b8f19d053fd7a09922140567402,P,MODERATE,1,0.84189355,Normal/images/Normal-9540.png,False
1d611bd29566ef536730f510f49b580f,P,NORMAL-PCR+,1,0.93752766,COVID/images/COVID-2553.png,False
1debbe26158a8cffa3ea3b71c04204f3,P,NORMAL-PCR+,1,0.93362826,Normal/images/Normal-9670.png,False
1ec0181b00f04ecf5ca13733ab961bad,P,MODERATE,1,0.8792688,COVID/images/COVID-58.png,False
215e4b0611070157c13926cda87f4fd5,P,MODERATE,1,0.8855172,Normal/images/Normal-3447.png,False
219ec6661ac0d29056a79bc961d6d321,P,NORMAL-PCR+,1,0.89830655,COVID/images/COVID-3426.png,False
230ff26069bdd17aa160628c302691b5,P,NORMAL-PCR+,1,0.9258959,Normal/images/Normal-6856.png,False
23c521c4d0fb071254f244416f9bd8b4,P,SEVERE,1,0.8877031,Normal/images/Normal-9347.png,False
24a843b649705927eaf22d33a06f3fe5,P,MODERATE,1,0.94584876,Normal/images/Normal-9147.png,False
24c60f17531a1ff5c69582e0e83bab3b,P,SEVERE,1,0.92565185,Normal/images/Normal-3251.png,False
25a7daabddcec8d1d426f584dd288da5,P,SEVERE,1,0.90107316,COVID/images/COVID-2770.png,False
26c836ae7a2ed6c10b41017b62624c87,P,UNGRADED,1,0.93752235,Lung_Opacity/images/Lung_Opacity-157.png,False
27097f24e9fc6ebc88d7b753af213a11,P,NORMAL-PCR+,1,0.893766,COVID/images/COVID-2139.png,False
2712b7e4d23d1ae18b9cc2c65ba5ae54,P,MODERATE,1,0.9465592,Normal/images/Normal-5343.png,False
27c962cd40f5c01cc81823d70f05a877,P,SEVERE,1,0.9055723,Normal/images/Normal-5380.png,False
280355c7aadb6d3ee144b8fbebf3edd8,P,MILD,1,0.9287092,COVID/images/COVID-2778.png,False
28b3cd86618b2140c587446f9d630bfd,P,SEVERE,1,0.92948836,Normal/images/Normal-6987.png,False
29de8b02cf0cef948a1223228a3cfcb0,P,NORMAL-PCR+,1,0.93241906,COVID/images/COVID-2641.png,False
29fc5ddbf916319a529915c67ca4cda6,P,MILD,1,0.8850298,COVID/images/COVID-1999.png,False
2a64e165ffeaa49d4ab0d41afa375dec,P,MILD,1,0.84429234,Normal/images/Normal-5616.png,False
2abdd93f367360ea1b130c49ac504083,P,SEVERE,1,0.88697976,Lung_Opacity/images/Lung_Opacity-353.png,False
2acd5312277042f396e3f972cb20ff7e,P,SEVERE,1,0.8706725,Normal/images/Normal-2346.png,False
2afa444de6b6139541731445ab57c838,P,MODERATE,1,0.94553417,COVID/images/COVID-3302.png,False
2b3a04ae4c95bc84b8e748573626a4a0,P,NORMAL-PCR+,1,0.9059991,Normal/images/Normal-5752.png,False
2b8a6c4ef48ab221d057f20410f3f97b,P,SEVERE,1,0.8857433,COVID/images/COVID-2316.png,False
2cc9ddf172d282534c59eda12e44469a,P,MODERATE,1,0.89330703,Lung_Opacity/images/Lung_Opacity-2174.png,False
2ddaa4e218bda4446220b48d0ada3547,P,MODERATE,1,0.9074555,Normal/images/Normal-2289.png,False
2ef227ba17c60e5ae53b3ece6d875096,P,NORMAL-PCR+,1,0.92471087,Normal/images/Normal-2996.png,False
2f666df1358be1567d1f26a214d09fad,P,MODERATE,1,0.90653616,Normal/images/Normal-7129.png,False
2fd86eaa4fabfdd573fe646563435ea1,P,MODERATE,1,0.946274,Normal/images/Normal-7904.png,False
301ba7871f64a2df521b583e163eaf35,P,MODERATE,1,0.94412535,COVID/images/COVID-966.png,False
303eae81561c48dd64a15e03f8b66ac7,P,MODERATE,1,0.8988072,COVID/images/COVID-202.png,False
303ef287e17607d0ed2fdf815bde029c,P,NORMAL-PCR+,1,0.9001493,Normal/images/Normal-4338.png,False
305edda2a786eb4c888354109a51697c,P,NORMAL-PCR+,1,0.92267436,Normal/images/Normal-8303.png,False
30bd979b93881a48f0731275420f1ed5,P,MODERATE,1,0.93345916,COVID/images/COVID-1951.png,False
32516a638ec1793052ebb9ee55872c86,P,MODERATE,1,0.8880707,Normal/images/Normal-5847.png,False
328bf105fef1b26104daa4f57994fb6a,P,NORMAL-PCR+,1,0.87187046,COVID/images/COVID-133.png,False
32fb49508672e3010c43be25eff8a9dc,P,MILD,1,0.9278719,COVID/images/COVID-1352.png,False
331c1cd5d8bc1ef77ad39ae19c6634a4,P,MILD,1,0.8887754,Normal/images/Normal-9237.png,False
336086ae9d4791685bbe4ad951650ad1,P,MILD,1,0.93021566,COVID/images/COVID-3531.png,False
33c140260e50a183835b7c7c26c3c04c,P,SEVERE,1,0.9092563,COVID/images/COVID-2327.png,False
348c785ed44bfb0ad31c81d9b4359380,P,MODERATE,1,0.8713641,Normal/images/Normal-7843.png,False
34efdc647ec140749e16ba6b5f8ee10d,P,MILD,1,0.8536714,Normal/images/Normal-2953.png,False
350ad7c2b12eab589a6b4f16e7ad4389,P,MODERATE,1,0.9235897,COVID/images/COVID-883.png,False
351c9bf3f5b49dd5367a34b033d14b48,P,MILD,1,0.9133449,COVID/images/COVID-3257.png,False
359153d10985b1cec81485b19979183c,P,SEVERE,1,0.88544333,Normal/images/Normal-2842.png,False
36e549a1f86e2bb6ee4385fd3800bb29,P,MILD,1,0.92258865,COVID/images/COVID-3292.png,False
3789c6bcfd0934d0ddf4c79be444a167,P,MILD,1,0.87928843,Normal/images/Normal-3676.png,False
3795f2894037a5f089c483d194f60126,P,MILD,1,0.8723082,Normal/images/Normal-8472.png,False
384070301b9f203b17e928e3c7efa27c,P,MILD,1,0.9090491,COVID/images/COVID-3244.png,False
39482b07eddc3e0ec4bccddf5006d5d4,P,MODERATE,1,0.8952002,Normal/images/Normal-6612.png,False
39b131a142c9384da69eb801b4df9be6,P,MODERATE,1,0.87061256,COVID/images/COVID-2982.png,False
3a199bbfc92777323a92a64c088a5354,P,MILD,1,0.860895,Normal/images/Normal-3068.png,False
3a1c7e55986c2b2032a447ca0ae3f9cf,P,MODERATE,1,0.94275063,COVID/images/COVID-836.png,False
3a322b52516532277d0e883b6dd04e60,P,MILD,1,0.92256093,Normal/images/Normal-3289.png,False
3bc257ca4989b0d591869f31efc2dc9e,P,MILD,1,0.9125764,Normal/images/Normal-16.png,False
3c8d16fb9644e65b7f2236c6c2fec615,P,MODERATE,1,0.92620516,COVID/images/COVID-2822.png,False
3d616e94a25732cbe8dbd7adb26e0d12,P,MILD,1,0.938479,Normal/images/Normal-5623.png,False
3dce450627222a06b985d7386c68a6ee,P,NORMAL-PCR+,1,0.87850255,Lung_Opacity/images/Lung_Opacity-3092.png,False
3e75c4140f78570872e8232516d0d57c,P,MODERATE,1,0.8638654,COVID/images/COVID-3157.png,False
3f22a15eb58e4518bf3ec346ef34c793,P,MODERATE,1,0.8951816,Lung_Opacity/images/Lung_Opacity-2649.png,False
3f26d16f398a0c305a77459a24ebc857,P,MODERATE,1,0.8806852,Normal/images/Normal-9671.png,False
40359374a4d9533b8142dabb2dc1d9c5,P,SEVERE,1,0.8773144,COVID/images/COVID-2378.png,False
405cd542344a7d4c5a5eafedd5699525,P,MODERATE,1,0.90677506,COVID/images/COVID-3175.png,False
4067eeff4d68fa4020d5dff081f85b0d,P,NORMAL-PCR+,1,0.85476184,Normal/images/Normal-2274.png,False
4078f3bf0e97e45f2490d29f71a8f6fe,P,MODERATE,1,0.9236913,Normal/images/Normal-3513.png,False
40f5ef900d2bc4f18483c25761aecfc9,P,MODERATE,1,0.8765254,Lung_Opacity/images/Lung_Opacity-756.png,False
4114104143d08f3443017e9ab2396512,P,MODERATE,1,0.9275769,Normal/images/Normal-4907.png,False
415abfcf5b84a93d7eeac8e5c1983f9e,P,NORMAL-PCR+,1,0.88595515,Normal/images/Normal-2896.png,False
417c6405dc8377d557db6b6a467c38ea,P,SEVERE,1,0.9281246,Normal/images/Normal-8258.png,False
4196f5092c66e1739440f61b18897571,P,MILD,1,0.9426249,Normal/images/Normal-7189.png,False
42a03f1dd1326f405575a855a4a3fcf2,P,NORMAL-PCR+,1,0.8840351,COVID/images/COVID-2769.png,False
42ca96eef4071b3ee8e8349c4734670e,P,NORMAL-PCR+,1,0.8738296,COVID/images/COVID-3459.png,False
43eaa87a8c72d4928421f183ebfcfe81,P,MODERATE,1,0.9467251,Normal/images/Normal-5354.png,False
4414e42e0c548ee395efcc4d5f56f6c5,P,MODERATE,1,0.891285,COVID/images/COVID-218.png,False
4495ccc6aaa894a980c10598b7fa4260,P,NORMAL-PCR+,1,0.92797905,Lung_Opacity/images/Lung_Opacity-1841.png,False
451442bde50be59707a175fbc0f0ac96,P,NORMAL-PCR+,1,0.9196235,Normal/images/Normal-7271.png,False
455a64817cbbcb2c62a980e38fc0fbf1,P,SEVERE,1,0.89816,COVID/images/COVID-719.png,False
45b949b941a061bb6ce258f0fc77ad73,P,NORMAL-PCR+,1,0.9350567,COVID/images/COVID-2863.png,False
4640009613ae51a1ddd7f4d3947d2291,P,SEVERE,1,0.934101,Normal/images/Normal-8203.png,False
475bdbc5d86e6a2de022f818af35837a,P,MILD,1,0.9053957,COVID/images/COVID-3380.png,False
48e797d558a8d30522f8e19d54759748,P,MODERATE,1,0.82416093,COVID/images/COVID-2937.png,False
4a7c65ba713f5e179ffcf0409998cb2a,P,SEVERE,1,0.9137557,Lung_Opacity/images/Lung_Opacity-1212.png,False
4aa0686b1044f31f2bd1b4309920e2ca,P,MODERATE,1,0.9331375,Normal/images/Normal-4718.png,False
4aa0e5648c56944cc91030b5ae9d07eb,P,MODERATE,1,0.94540316,Normal/images/Normal-8749.png,False
4aa97eac9650c59c5f7ddd1ed11e7ccc,P,SEVERE,1,0.8875367,Lung_Opacity/images/Lung_Opacity-3710.png,False
4af763d775574e08540714f5b66a0c43,P,MILD,1,0.92493826,Normal/images/Normal-6618.png,False
4c7e2b93a6d2ede58d44df5065d08a92,P,MODERATE,1,0.90307564,Normal/images/Normal-5652.png,False
4c920f1e650368e4c1cb06710e340c64,P,MODERATE,1,0.90133697,Normal/images/Normal-7430.png,False
4ebcd84b929d013792fc11f228d25790,P,NORMAL-PCR+,1,0.766175,COVID/images/COVID-2864.png,False
4eece663b53e527c68b5309cc722f786,P,MILD,1,0.894744,Normal/images/Normal-9335.png,False
4f5811f07cc4546681cc9d7ff34f03e5,P,MODERATE,1,0.8993805,Normal/images/Normal-8281.png,False
4f7aad412406ee9d1ca3803210fb92cb,P,MILD,1,0.8905884,COVID/images/COVID-3186.png,False
4fc5e16730890b823d278c1d35c61c8e,P,MODERATE,1,0.8597698,COVID/images/COVID-2294.png,False
50af0655a34ddad9915800e591d16114,P,SEVERE,1,0.8810863,Lung_Opacity/images/Lung_Opacity-5744.png,False
50dd4a7e2828f1991ae5cbcb401e9bc2,P,SEVERE,1,0.90653133,COVID/images/COVID-3289.png,False
521fa2df808a1add787892595608276b,P,MODERATE,1,0.9271584,Normal/images/Normal-5969.png,False
52779d88e9319e3afd9b0283966a96e2,P,MILD,1,0.90603065,Normal/images/Normal-4714.png,False
52fb01a88a286ac5188da005aa9f3b1e,P,SEVERE,1,0.8777029,Normal/images/Normal-4404.png,False
535737b5db4d070104246eb07a89fd09,P,MODERATE,1,0.88739085,Lung_Opacity/images/Lung_Opacity-4069.png,False
53a0912bc24bc9e736ae07bb674a3f82,P,MODERATE,1,0.84268206,Lung_Opacity/images/Lung_Opacity-5029.png,False
540db1f787ce5bcf86eef027ca7ab92a,P,SEVERE,1,0.918822,COVID/images/COVID-3155.png,False
541129c5f5f71dc15732f61ad2c30679,P,SEVERE,1,0.91676044,Lung_Opacity/images/Lung_Opacity-3350.png,False
55d8e0dd862cdee117445a48fc2cf625,P,MILD,1,0.8635493,COVID/images/COVID-511.png,False
5739b66f3e5a086cb1d5273bd880cc05,P,MILD,1,0.85290796,COVID/images/COVID-544.png,False
57770e681193e9a6fda4e11df422e42e,P,NORMAL-PCR+,1,0.8856423,Normal/images/Normal-2933.png,False
57db4b0059541babe633ad6e8f0832c7,P,SEVERE,1,0.90202844,COVID/images/COVID-2740.png,False
57ee973a3ca433c4ea0cb7c9b2cbc382,P,MILD,1,0.88423425,COVID/images/COVID-960.png,False
57f27146fd2ab157e581a12f4c3a068f,P,MODERATE,1,0.910012,Normal/images/Normal-9052.png,False
5a0a97ecf6859f16544c37459a790a04,P,SEVERE,1,0.9082753,Normal/images/Normal-5386.png,False
5b38e298ab740da1e6d6cba36bbb39a4,P,MILD,1,0.90394974,COVID/images/COVID-3138.png,False
5c8a543ed1add30449ff0fab01cd2ed1,P,NORMAL-PCR+,1,0.8954805,COVID/images/COVID-530.png,False
5ca2dabd78fac825d658ad91e5676c5d,P,NORMAL-PCR+,1,0.88810974,Normal/images/Normal-2515.png,False
5cec7954a301d42225cbad968048c597,P,MILD,1,0.9339976,Lung_Opacity/images/Lung_Opacity-4874.png,False
5d4e502e165c3e833929947f3ad5269f,P,NORMAL-PCR+,1,0.922313,Normal/images/Normal-3064.png,False
5df973284e61359a86c3d5bf3cd5b0dd,P,MODERATE,1,0.9335237,Normal/images/Normal-7772.png,False
5ed09c63d407c576fc20b7c50fbc9066,P,SEVERE,1,0.896181,COVID/images/COVID-310.png,False
5eeda2bc9bdcfc8005efcc6bde619291,P,MODERATE,1,0.93219495,COVID/images/COVID-2448.png,False
5f2c0b45a4fcfd0fd4cf06b858f856d4,P,MILD,1,0.92233247,COVID/images/COVID-3380.png,False
5f7b385da84fb4be5d70b5dae9690692,P,SEVERE,1,0.8810305,Normal/images/Normal-8870.png,False
5ff062df4b59dc8880ee6f6da4c730d2,P,MODERATE,1,0.8529803,Normal/images/Normal-9444.png,False
615d5243ae86bb7a21bed6591a2cbeb2,P,SEVERE,1,0.92336684,COVID/images/COVID-2982.png,False
619d0a1d17d45b9b2113a0a41e0694f5,P,MODERATE,1,0.90738195,Normal/images/Normal-6102.png,False
61e3d47e250e211f193065103f41d8cd,P,MODERATE,1,0.84787965,Normal/images/Normal-8327.png,False
61ecfcaf796ebaf3dda37c5bca42434c,P,SEVERE,1,0.91986465,COVID/images/COVID-1904.png,False
61f45c632bb29f7c5752c6e49ca55d37,P,MODERATE,1,0.93876433,COVID/images/COVID-2781.png,False
623dc289cab336f88cb5b159315dcdae,P,MILD,1,0.9189712,Normal/images/Normal-3279.png,False
628fb35cbf926cac49e84b2fd75bfb4b,P,NORMAL-PCR+,1,0.893984,Normal/images/Normal-2093.png,False
62aa53db6d40391b79d8cb38593f745b,P,SEVERE,1,0.8661536,Lung_Opacity/images/Lung_Opacity-3192.png,False
650353c8029700c27d95718534e43708,P,MODERATE,1,0.8660056,COVID/images/COVID-1186.png,False
658baee0fc633021698054b9c83423c3,P,MILD,1,0.91913193,Normal/images/Normal-1847.png,False
65ac9f017280fd557632cd072b31a6e4,P,SEVERE,1,0.90321946,Normal/images/Normal-9275.png,False
661b5807eac8deaf3adcb908d34ecf44,P,MILD,1,0.88270247,Normal/images/Normal-6578.png,False
66c3d6fd0324ef4dfd58c4be1bfc4f54,P,MODERATE,1,0.9178395,Normal/images/Normal-9135.png,False
67bf9ff083b59596e68c2e00ea5a5e31,P,MODERATE,1,0.90546507,COVID/images/COVID-3402.png,False
6b1a5a5c8028390cdeec67a375453b24,P,NORMAL-PCR+,1,0.8892578,Normal/images/Normal-2958.png,False
6b661a599b0467a21d80f2df0d137a74,P,MODERATE,1,0.9329094,Lung_Opacity/images/Lung_Opacity-4104.png,False
6b84633cf7dff4c51066fc93ffae3671,P,MODERATE,1,0.9162957,Normal/images/Normal-3819.png,False
6b9f799d9d1c20ae386f7890a47d523d,P,MODERATE,1,0.8437133,Lung_Opacity/images/Lung_Opacity-3842.png,False
6ba15e1949ee2ee3a27efd92c14215a6,P,MODERATE,1,0.89265406,Normal/images/Normal-10062.png,False
6bd45d762a283c8b02f9740571e07c57,P,MODERATE,1,0.8981082,Normal/images/Normal-7903.png,False
6cc4a8c617284d9dd42d63213ddbf83d,P,SEVERE,1,0.8456554,Lung_Opacity/images/Lung_Opacity-2389.png,False
6d6ce8cee82b41158c1375d4af162559,P,MODERATE,1,0.90177315,Normal/images/Normal-4699.png,False
6d8bc73a3ab40b738f101e0d69c680dc,P,MODERATE,1,0.8172758,COVID/images/COVID-3442.png,False
6e0076fc8129831a147ecbb096d6be7d,P,NORMAL-PCR+,1,0.9277984,COVID/images/COVID-3502.png,False
6eaceb079761a9fd8e3382c08c626b3c,P,NORMAL-PCR+,1,0.9070461,COVID/images/COVID-375.png,False
6ef1214d267b5dfe5d1c06da5dc96c18,P,MODERATE,1,0.8462983,Normal/images/Normal-5843.png,False
6f00f459176caab0647d5aab03c304c2,P,MODERATE,1,0.8815967,COVID/images/COVID-3231.png,False
6f0e97b2d27d79fa54bc2174653f7841,P,MODERATE,1,0.8502933,COVID/images/COVID-3515.png,False
703242e304a86711f603617591b92113,P,MILD,1,0.88172436,Normal/images/Normal-8677.png,False
70b5887e56bb22813950d7bdeabe641d,P,NORMAL-PCR+,1,0.91528016,Normal/images/Normal-4049.png,False
718218972a42cb033423dcd2c332a356,P,MODERATE,1,0.8862874,Lung_Opacity/images/Lung_Opacity-5423.png,False
72240b3cdd0fe06a9d6f8793f3c880fb,P,SEVERE,1,0.91315484,Normal/images/Normal-3587.png,False
74615ac65b6040f7fa1122e383d06ffc,P,MILD,1,0.89006793,COVID/images/COVID-365.png,False
746b5795defec9183ed22977bc6c77c0,P,MODERATE,1,0.9165825,COVID/images/COVID-3231.png,False
751d46bc78c5b9f855ce311cd5004e7a,P,NORMAL-PCR+,1,0.9038571,COVID/images/COVID-1003.png,False
7632c0b5f546c67ff649281d14e5ee18,P,MODERATE,1,0.8953912,Lung_Opacity/images/Lung_Opacity-1480.png,False
770585a15ab0b2a1ff2b1934346abe8f,P,MODERATE,1,0.8908664,Lung_Opacity/images/Lung_Opacity-2898.png,False
771289b3cb9a1fbe66f609ba31441600,P,MILD,1,0.91746396,Normal/images/Normal-8565.png,False
77947a62dc37fa59eb9fea8b80cc1195,P,MODERATE,1,0.9469066,COVID/images/COVID-3262.png,False
780a90391a4e821e1f50b0ba01c369ba,P,MODERATE,1,0.9362248,Normal/images/Normal-8812.png,False
7870c789e5ac8b57cb63918bf91f0ddb,P,MODERATE,1,0.9253205,COVID/images/COVID-3383.png,False
787134f16e67a165c4a5a104a3b16248,P,MILD,1,0.8862447,Normal/images/Normal-3115.png,False
78a63cec0172cee9e6a4a571128b8e35,P,SEVERE,1,0.87088364,Normal/images/Normal-2810.png,False
7918a9dc35c79d905d095f2797c22926,P,MILD,1,0.8781526,COVID/images/COVID-3357.png,False
793ae4e46b8b28f5d90f8e604dd25fcf,P,NORMAL-PCR+,1,0.8598688,COVID/images/COVID-2962.png,False
794333f81264733f02a4d0ee0f8b4797,P,SEVERE,1,0.77922684,Lung_Opacity/images/Lung_Opacity-5409.png,False
7ba7e1ae478b6cd1eb7c54fc3454b5ac,P,MODERATE,1,0.8737602,Lung_Opacity/images/Lung_Opacity-4106.png,False
7bacd6438d9c17d7d6c15ef5f77dce19,P,MODERATE,1,0.93145114,Normal/images/Normal-1702.png,False
7c1e33e0cfcb5752e7669ac71139eed6,P,NORMAL-PCR+,1,0.85247016,Normal/images/Normal-6002.png,False
7c3e4eb5cb84b811154761c1a0ebd9bf,P,MODERATE,1,0.8994513,COVID/images/COVID-2562.png,False
7db5eec6821db6d1aac411c0ad9c3faa,P,MILD,1,0.9256007,Normal/images/Normal-6452.png,False
7e6133f4676facc1bd6c909c65037286,P,SEVERE,1,0.8934238,Lung_Opacity/images/Lung_Opacity-4972.png,False
7ec445ed6034ed610a43877369354aa4,P,MODERATE,1,0.9372647,Normal/images/Normal-9147.png,False
7f05d0212bb4043f7833f3787724544b,P,MILD,1,0.87898743,Normal/images/Normal-9586.png,False
7f0c527cba96a7930bfa3d2b5850f944,P,MILD,1,0.8950516,Normal/images/Normal-8031.png,False
7f7299ec1134e7397eb5112c910d257a,P,MILD,1,0.88802296,Normal/images/Normal-6660.png,False
816c5a1c4c10ec89bc0a01f921016a27,P,MILD,1,0.83991545,Normal/images/Normal-3691.png,False
830e53fdadc98dfaeba6eda788254408,P,NORMAL-PCR+,1,0.8462803,Lung_Opacity/images/Lung_Opacity-3823.png,False
83641c55b3c787dab50c271846ce11b6,P,NORMAL-PCR+,1,0.8949251,Lung_Opacity/images/Lung_Opacity-1836.png,False
83961a1b75fc80b9761608c3d98d50a2,P,SEVERE,1,0.9097896,Normal/images/Normal-5652.png,False
83d5a80397c2dbd759dd8ef348b4b8fc,P,MODERATE,1,0.9403725,Normal/images/Normal-8772.png,False
840ba4c8e302da54e8a2c38330477e2e,P,SEVERE,1,0.87922585,COVID/images/COVID-2294.png,False
8422d0b0c4f831040e6bc62f99701b0c,P,NORMAL-PCR+,1,0.77246207,Lung_Opacity/images/Lung_Opacity-2392.png,False
846f661053c789c29dfcc73618dcf104,P,MILD,1,0.86928433,Normal/images/Normal-1523.png,False
851cb94bc820fc4f75cab6302de4c5a6,P,MODERATE,1,0.89610475,Lung_Opacity/images/Lung_Opacity-4442.png,False
85cbd51b705ff7dc7a36a34c03db8697,P,MILD,1,0.9264691,COVID/images/COVID-1030.png,False
867ff47484476b362360d20f0ba53eef,P,MILD,1,0.87450933,Normal/images/Normal-8414.png,False
871e9cdecc71de9594cf5a94e49d6018,P,MODERATE,1,0.8586285,Lung_Opacity/images/Lung_Opacity-4880.png,False
87342e39c5f1486114022acfd3631540,P,MODERATE,1,0.90699965,Lung_Opacity/images/Lung_Opacity-4222.png,False
88774a3a819b6b8f5e230e94c652a042,P,MILD,1,0.8657788,Lung_Opacity/images/Lung_Opacity-2618.png,False
88850d1994c4210f080007d2a6fb9094,P,SEVERE,1,0.926051,COVID/images/COVID-3549.png,False
8907d309d31e2facf4878b43e198aa8b,P,MILD,1,0.896548,Normal/images/Normal-5978.png,False
89451d8abee98a8e6c1bbb130e3f4787,P,SEVERE,1,0.9462442,Normal/images/Normal-2957.png,False
8a0e8f382ac69d58c08f9e3663971da6,P,MILD,1,0.868118,Normal/images/Normal-3115.png,False
8a362b5dc9fff1f31630ac292739ad73,P,MODERATE,1,0.9121063,Lung_Opacity/images/Lung_Opacity-3487.png,False
8e3eb8b71030de2642495effe002f0b6,P,MODERATE,1,0.9417644,COVID/images/COVID-913.png,False
8ea23d2666bdfe2da5246f0cfffccfb2,P,MODERATE,1,0.8729635,Normal/images/Normal-3137.png,False
90316662d729b805001e47fe43f03ea5,P,MILD,1,0.8776255,Normal/images/Normal-6597.png,False
909a4e596ceb3de60a4314df4bf58da2,P,MODERATE,1,0.8953218,Normal/images/Normal-3723.png,False
90d0defaf7c5f01273c0e969e3ac1130,P,SEVERE,1,0.94241804,Normal/images/Normal-3251.png,False
91426f3297dc431f2b9fbd4bb56ab4f0,P,NORMAL-PCR+,1,0.9267022,Normal/images/Normal-3270.png,False
925ae41898868450151861d42351d280,P,MILD,1,0.9262956,COVID/images/COVID-2306.png,False
949b78097ccc32f5681d2e52a1089353,P,NORMAL-PCR+,1,0.8862099,Normal/images/Normal-1839.png,False
94c9a4b7ff7a3d0dcf29093782d1638c,P,MILD,1,0.91469574,Normal/images/Normal-1626.png,False
951943c31df68727d9a59faf79cda897,P,MODERATE,1,0.94486845,COVID/images/COVID-3463.png,False
9530a643fdc6b00a4d55ee96d134b808,P,MODERATE,1,0.86207294,Normal/images/Normal-4677.png,False
9626cd192197464393263cfebee5e144,P,NORMAL-PCR+,1,0.911854,COVID/images/COVID-1893.png,False
9707879a3e75d4d62f177813667f5980,P,MODERATE,1,0.911015,Normal/images/Normal-8472.png,False
98cb06e6a5bc1419e22a11b205c89adb,P,MILD,1,0.90518975,Normal/images/Normal-9579.png,False
9920b655d7dae09e7cbd22c581f39a0f,P,MODERATE,1,0.8892069,Normal/images/Normal-9081.png,False
99af657618b246fbcd6ab22e8096f001,P,NORMAL-PCR+,1,0.94842935,Normal/images/Normal-8749.png,False
9a000982924e3a1777e7591dfb25969c,P,NORMAL-PCR+,1,0.9108017,COVID/images/COVID-231.png,False
9a6f0861b6c11ce7c7861706990f3ff2,P,NORMAL-PCR+,1,0.89623123,Normal/images/Normal-3176.png,False
9aa88ab1a9df8ed5ba130083a3d1528c,P,SEVERE,1,0.80167556,Lung_Opacity/images/Lung_Opacity-3705.png,False
9b2ce7c8e28bf8b607c9268e4c764c72,P,MODERATE,1,0.9342769,Normal/images/Normal-6632.png,False
9b9de38ada8095e05550c7e34bbe8fbd,P,MILD,1,0.881934,Normal/images/Normal-9444.png,False
9c62e843fb2ca9ec9e29fb96411e8480,P,MILD,1,0.86589235,Normal/images/Normal-6410.png,False
9c853c25a1c53cfd2b31ad20df749265,P,MODERATE,1,0.93760973,COVID/images/COVID-3463.png,False
9cabd1317d5ab07732d82c3e073e5c62,P,SEVERE,1,0.8539081,Normal/images/Normal-3501.png,False
9cd4a12985037ff51ddd0ccbdce854f2,P,MILD,1,0.93805087,Normal/images/Normal-2473.png,False
9d7e4aaa8039e77bdfebd30b746188d2,P,MODERATE,1,0.91727,COVID/images/COVID-3312.png,False
9dab1fc8d9573b336590123a3e1de832,P,SEVERE,1,0.9163487,Normal/images/Normal-4220.png,False
9db9692c5c119fd9ddfce51d1988c3c2,P,MILD,1,0.9292423,COVID/images/COVID-1819.png,False
9dc336affe379f5106f523f56a259a1e,P,MILD,1,0.93112576,Normal/images/Normal-1796.png,False
9dda875824f3c5f3a36e09e79651b08a,P,MILD,1,0.8793526,Normal/images/Normal-4497.png,False
9f830169a0b33625f91420d921b8d71b,P,MODERATE,1,0.8893364,Lung_Opacity/images/Lung_Opacity-4807.png,False
9fb692568312be08ea18fd58a6117168,P,NORMAL-PCR+,1,0.8997513,Normal/images/Normal-4221.png,False
a0b85f95aa4762b9cb886224a7433fa8,P,NORMAL-PCR+,1,0.90427446,Lung_Opacity/images/Lung_Opacity-2784.png,False
a207ea332bfc2450fd11b07fd0095180,P,MILD,1,0.907113,COVID/images/COVID-2598.png,False
a20e84e08ae6a2c915bbe665e35a4db8,P,MODERATE,1,0.8900821,Normal/images/Normal-7876.png,False
a2c2afa695096bbe041aa7970bb52ddf,P,MODERATE,1,0.9009487,COVID/images/COVID-3474.png,False
a37bd490ba8fd3f5ff6bbb91f2dd34a9,P,MODERATE,1,0.9194223,Lung_Opacity/images/Lung_Opacity-2529.png,False
a3c50196fd57cc67041fd1b7c13cdc14,P,NORMAL-PCR+,1,0.91972333,COVID/images/COVID-2887.png,False
a4486bf2e897d105ed4f0c5c5163e575,P,MILD,1,0.89087135,COVID/images/COVID-851.png,False
a45df0a70c760802abb5998e2dfc7a5a,P,MILD,1,0.87767327,Lung_Opacity/images/Lung_Opacity-5684.png,False
a68fac6152670f7d55dae75f30e2f2f6,P,MILD,1,0.91720164,Lung_Opacity/images/Lung_Opacity-4576.png,False
a6d5c095f58900d1da3fc50cddb7e9e5,P,SEVERE,1,0.9358842,COVID/images/COVID-3151.png,False
a7e26028487da7ca6a4344948ebb7365,P,MODERATE,1,0.8645055,Lung_Opacity/images/Lung_Opacity-1813.png,False
a80b6cf809ac8356122890b2bbb8cce1,P,MODERATE,1,0.88644135,COVID/images/COVID-2116.png,False
a85dee301d6090dd534caeca37e8ca22,P,SEVERE,1,0.87744653,Normal/images/Normal-5755.png,False
a8794f655f62b99fda33f59186ad02e4,P,MODERATE,1,0.8568778,COVID/images/COVID-365.png,False
a900ad4d645ec5b706b6c5477af19eb4,P,MODERATE,1,0.93656963,COVID/images/COVID-2760.png,False
a95d20a8a40ca7e388fa3fbcec4b0410,P,SEVERE,1,0.85546607,COVID/images/COVID-1999.png,False
a9d1b5e636b5d5334be04aade4d28cd1,P,MODERATE,1,0.8740524,Normal/images/Normal-8755.png,False
aadad5f1a07bff9f472089e58510b418,P,MODERATE,1,0.8919933,Normal/images/Normal-5101.png,False
aaecbc9358332d61c86813dad33ed55a,P,MODERATE,1,0.92224896,Normal/images/Normal-5892.png,False
abc2b50068e084fed29599e3c87bef11,P,SEVERE,1,0.9450954,Lung_Opacity/images/Lung_Opacity-3962.png,False
abcc9dbbf376786fdea3351ac09190f4,P,MILD,1,0.9158332,Normal/images/Normal-6675.png,False
acc0d9ce7f5f5ce7356911cfc95ea744,P,NORMAL-PCR+,1,0.89783883,COVID/images/COVID-901.png,False
aeea95cb8a7aa09fcd9df9e67e49051e,P,NORMAL-PCR+,1,0.9084354,Normal/images/Normal-3735.png,False
af47db6c1b39cdb22e1a1561640bd85b,P,MILD,1,0.91361314,COVID/images/COVID-3161.png,False
b0554217e1799129ef89cfc12f0a50ce,P,SEVERE,1,0.9422107,Lung_Opacity/images/Lung_Opacity-2188.png,False
b0578da60b9431512bfe922f3216ee85,P,MILD,1,0.79515225,COVID/images/COVID-2758.png,False
b071eb765e42245234d72f210dd52505,P,MODERATE,1,0.9209662,Normal/images/Normal-9135.png,False
b0d8f12cb190292be0a9597dd72604c9,P,MODERATE,1,0.90557486,Normal/images/Normal-2018.png,False
b1b3cd8a6c85f841d30b4dc686eb90a2,P,MODERATE,1,0.89610803,Lung_Opacity/images/Lung_Opacity-771.png,False
b220394caea45cdf6ef878d00a850ffb,P,SEVERE,1,0.94060826,Normal/images/Normal-2004.png,False
b2e4cf32805450bee8565637365a4783,P,MODERATE,1,0.9481474,COVID/images/COVID-2931.png,False
b3852ead4aba1ab972cfa6657b337564,P,MODERATE,1,0.91744304,COVID/images/COVID-2783.png,False
b5071d6e3c3b75016a80ee782418887d,P,MILD,1,0.8830113,COVID/images/COVID-1965.png,False
b51f7ed95e9b0f0ce0531b9a45bdf778,P,SEVERE,1,0.9062431,Normal/images/Normal-4907.png,False
b54c867526ae17f499d67cf51f1d1560,P,MODERATE,1,0.86017483,COVID/images/COVID-3140.png,False
b557f53a2bcf7c3c5add4762a2f099e3,P,MILD,1,0.9023323,Normal/images/Normal-6931.png,False
b6f26b3314e6e5b3b0730d3b403c9342,P,SEVERE,1,0.88584507,Lung_Opacity/images/Lung_Opacity-3823.png,False
b7a40dd8c25fab8c9b15f294692156a3,P,MODERATE,1,0.91480666,Normal/images/Normal-5260.png,False
b7b81cccc1bf1564cf465bdd8f6ab18b,P,MODERATE,1,0.9202087,Lung_Opacity/images/Lung_Opacity-2988.png,False
b7d1d4d3b0e0510d3d22baf412a60b89,P,MODERATE,1,0.90088934,Normal/images/Normal-3485.png,False
b7ec474861dd86b6c41bc45e435494a8,P,MODERATE,1,0.8897887,Lung_Opacity/images/Lung_Opacity-3404.png,False
b82358f592334e5a71e75588d7075934,P,MODERATE,1,0.93575144,Normal/images/Normal-3947.png,False
b8c9af95c30018efccd5572bf035f258,P,MODERATE,1,0.8561775,COVID/images/COVID-3379.png,False
b8eb975390a6f21df352d37ff122b55e,P,NORMAL-PCR+,1,0.8854609,Normal/images/Normal-9875.png,False
b9ca4b5935d9b4f4448de67c7409a937,P,MODERATE,1,0.8956294,COVID/images/COVID-3357.png,False
bb2e072ae1ea5a3b0d99f3fe17c35ea8,P,NORMAL-PCR+,1,0.9285882,COVID/images/COVID-2941.png,False
bb6a6733aa5d5526e3969ec171e83ead,P,MILD,1,0.8984038,Lung_Opacity/images/Lung_Opacity-762.png,False
bc496bf5872f855d9b4e0097d8a884e9,P,MILD,1,0.8801605,Normal/images/Normal-2335.png,False
bc83f06c27e352edc81d7531cac698c0,P,MILD,1,0.9219626,COVID/images/COVID-1105.png,False
bd078d75e6945f33490c78c3f21875ac,P,MODERATE,1,0.89333355,COVID/images/COVID-82.png,False
bdd79b7a9682e3ad46cd1f13807590d4,P,SEVERE,1,0.88207805,COVID/images/COVID-2053.png,False
be1e0c4e57e0d68512a295b8da8ca362,P,MODERATE,1,0.917126,Normal/images/Normal-5354.png,False
be5cb04571b76aed7e586a041fac80a4,P,MODERATE,1,0.9027301,Lung_Opacity/images/Lung_Opacity-317.png,False
c0d1019ea836a35a835fca2441b81a77,P,SEVERE,1,0.89946747,Lung_Opacity/images/Lung_Opacity-3487.png,False
c12f6fb11573e5db832d74ae688b0568,P,SEVERE,1,0.8848496,COVID/images/COVID-3106.png,False
c138b20525e3e7773a25237b6275e81a,P,MODERATE,1,0.9153844,Lung_Opacity/images/Lung_Opacity-1841.png,False
c1f11c172d554921ca3d1d8ae2689176,P,NORMAL-PCR+,1,0.9213813,Normal/images/Normal-5682.png,False
c206deb234d5e5c77da8832e96698a58,P,MODERATE,1,0.8828456,Normal/images/Normal-6505.png,False
c34c933f98c9e142b4e88215bae5010f,P,MODERATE,1,0.94441056,Lung_Opacity/images/Lung_Opacity-793.png,False
c3616f0b0919805c972aac6b95910844,P,NORMAL-PCR+,1,0.9313391,COVID/images/COVID-2531.png,False
c39d53e15f7e9c4fb2c79b5c2e5000dd,P,MILD,1,0.9120898,COVID/images/COVID-1567.png,False
c4afba8657601827dd2e6f755a8d6829,P,MILD,1,0.91565555,Normal/images/Normal-3588.png,False
c4bfbcea6d83b7694be30e7f32a6f26b,P,MODERATE,1,0.93069273,COVID/images/COVID-3295.png,False
c6ab65ab570fdab83015247eb538c146,P,MODERATE,1,0.91074824,Normal/images/Normal-5570.png,False
c6d8608ddd4737798a6c7595523ec9dd,P,MILD,1,0.90412676,COVID/images/COVID-2562.png,False
c787fb5d1ed7f425fea970f25ae8c71f,P,NORMAL-PCR+,1,0.88250756,COVID/images/COVID-3356.png,False
c7ede8f74fc8cc5191d1943d19292a96,P,MODERATE,1,0.8682287,Normal/images/Normal-4273.png,False
c9f4beda36388a49caa5222168cec0ca,P,NORMAL-PCR+,1,0.8712763,Normal/images/Normal-8472.png,False
cbc6a73b61495db72cd74c3d990419c8,P,SEVERE,1,0.8811333,Normal/images/Normal-9502.png,False
cd1a1e20b5004e8304915dcde776bb99,P,MILD,1,0.93420005,Normal/images/Normal-3966.png,False
cd40a9768ebc7fab3030fc25c40df76e,P,MODERATE,1,0.94401866,COVID/images/COVID-1958.png,False
ce2efe8068fbce6e522ddca8f1423ce4,P,MODERATE,1,0.8543446,Normal/images/Normal-2810.png,False
cf5199b4f9c5f6bf7a19e5abd06db0d5,P,MILD,1,0.93337107,Normal/images/Normal-3071.png,False
d048242e9d965a549ce56a6d4fafe0a5,P,MODERATE,1,0.87902087,Normal/images/Normal-2535.png,False
d23956bdff336fcd60402e9accdb75b2,P,SEVERE,1,0.91851664,COVID/images/COVID-3380.png,False
d26f65c4b015409ce2331181968ab59d,P,NORMAL-PCR+,1,0.9283019,Normal/images/Normal-6100.png,False
d2dfc604dcd1dfbdfaf7a91e0f8d1024,P,SEVERE,1,0.9205028,Lung_Opacity/images/Lung_Opacity-3404.png,False
d2e1eace9f7ae24e13964b18ce91b477,P,MILD,1,0.9384133,Normal/images/Normal-3819.png,False
d3066860fb300fbd150663f3a038befe,P,SEVERE,1,0.86357987,COVID/images/COVID-2680.png,False
d31980e9cd1575e47c185d7bb5bbcde0,P,MILD,1,0.91733944,Normal/images/Normal-4689.png,False
d31fcb7ee2eb12169dfdf609eac37fb3,P,MODERATE,1,0.91464776,Lung_Opacity/images/Lung_Opacity-3167.png,False
d349402bf70b3fcfd3a0e9373cce816a,P,MODERATE,1,0.91324216,Normal/images/Normal-4357.png,False
d3a7482359895cbb45995d010cc5f511,P,SEVERE,1,0.9198116,Normal/images/Normal-1854.png,False
d4abd50161515b5d76e94bd4f26c1547,P,MILD,1,0.8633642,COVID/images/COVID-3126.png,False
d53a176b66d6fb2dbaf12b16202981d1,P,MILD,1,0.8841211,Normal/images/Normal-9986.png,False
d59263cbda46c31d23722812b2309600,P,MILD,1,0.8604256,Normal/images/Normal-9507.png,False
d676141a85702634e5010d8f30404f58,P,SEVERE,1,0.89578027,Normal/images/Normal-9337.png,False
d7c6f1454821c84f00e96c70ef5c7ff5,P,NORMAL-PCR+,1,0.9023322,COVID/images/COVID-2344.png,False
d88b12521c8e8a865865324271a2a573,P,MODERATE,1,0.87127745,COVID/images/COVID-1201.png,False
d8bee22a591910c5c53a4c46cf6e83c2,P,MODERATE,1,0.9237386,Normal/images/Normal-3080.png,False
d9e2e31c86aad757f9ce4ac3216a21d4,P,NORMAL-PCR+,1,0.92416394,Normal/images/Normal-6612.png,False
da63163c0fa3ac0790af836b402c2972,P,MODERATE,1,0.9092901,COVID/images/COVID-787.png,False
da6a295a034fc7c38789c34ac0b3312a,P,MILD,1,0.87271935,Normal/images/Normal-5581.png,False
dba61ecab9b5dfa6e0e9ae7776d2c64c,P,MODERATE,1,0.92429096,COVID/images/COVID-3249.png,False
dc8047e4c6956dce996eaa1517286519,P,NORMAL-PCR+,1,0.9351183,COVID/images/COVID-3114.png,False
dd4beda33a20453611cbf26376743cb0,P,NORMAL-PCR+,1,0.903705,COVID/images/COVID-2446.png,False
dd4d6fde9ce94979ce481e3798f8721d,P,MODERATE,1,0.86372566,Normal/images/Normal-7381.png,False
ddc636ae242949a36f6b1f4bb1228f0d,P,SEVERE,1,0.8728004,COVID/images/COVID-3211.png,False
ddccf09fc3340dacdc5a8e89a49a2ff9,P,NORMAL-PCR+,1,0.9174827,Normal/images/Normal-1810.png,False
de888070e2cf3f9819b45a999ab04f85,P,NORMAL-PCR+,1,0.8204443,Normal/images/Normal-9127.png,False
df7abaca3c7421e200b046e8eda55262,P,MILD,1,0.8224498,Normal/images/Normal-6459.png,False
e08348d7d1fa4b64467ac0393389af55,P,SEVERE,1,0.8662012,Lung_Opacity/images/Lung_Opacity-842.png,False
e0dbaca3395b99e0cb027304f0a376fc,P,MILD,1,0.9033503,Normal/images/Normal-2000.png,False
e2003a6ab5922eea4c9ebbca4611f888,P,MODERATE,1,0.9170765,Normal/images/Normal-2762.png,False
e333c4a68639a43630d1cfd6ba4d413b,P,SEVERE,1,0.7574762,Normal/images/Normal-6809.png,False
e40699dc027bc4e7111d62a3b21e1da0,P,MILD,1,0.92034996,COVID/images/COVID-3055.png,False
e4207facc395eb89f85e9aef8e9d56b9,P,SEVERE,1,0.9103207,COVID/images/COVID-3155.png,False
e423e549c4c0b699522724ee550ecc32,P,SEVERE,1,0.9204039,COVID/images/COVID-2246.png,False
e4661aeb654a57a4f3ecf46ae5e5cf2a,P,NORMAL-PCR+,1,0.8062243,Normal/images/Normal-7843.png,False
e492c77d9145476618ffa1ac40c2a3bc,P,MODERATE,1,0.9482013,Normal/images/Normal-4907.png,False
e4f4231d929577edded1c8cebec37958,P,NORMAL-PCR+,1,0.8844175,Normal/images/Normal-8472.png,False
e6017e300d6439a5720e181b7e173011,P,MODERATE,1,0.90375614,Normal/images/Normal-2535.png,False
e60e3767b947ec45a15496ec9b56c67b,P,MODERATE,1,0.936877,Lung_Opacity/images/Lung_Opacity-1310.png,False
e6126e34da6cd697dff27083632c767f,P,MILD,1,0.90325564,Lung_Opacity/images/Lung_Opacity-1583.png,False
e6b477faf2ac6bd49987baf7f0aff1d2,P,MODERATE,1,0.90462404,Normal/images/Normal-2508.png,False
e729d873330ef7e1b67668480fae2edb,P,MODERATE,1,0.9317723,Lung_Opacity/images/Lung_Opacity-3678.png,False
e7e80e7c8f2a936c36bb1ad066004777,P,MILD,1,0.8652984,Normal/images/Normal-5873.png,False
e82881cdea434eef0663bc1f7050408f,P,MODERATE,1,0.8567182,Normal/images/Normal-4588.png,False
eb031b0cdd0ae57b4469f839d24c9059,P,MODERATE,1,0.93941957,COVID/images/COVID-3175.png,False
ec54db8d249b7ab1901ce16a70138803,P,MILD,1,0.87599534,Normal/images/Normal-9684.png,False
ecaec3c0ed748644fbe00e9b68291761,P,MODERATE,1,0.90212446,COVID/images/COVID-2849.png,False
ecbb344d093e0d171e6746b6aaceb813,P,MILD,1,0.92194146,Lung_Opacity/images/Lung_Opacity-1212.png,False
ed56e3becb5abe3a2b692fe37a00b375,P,MILD,1,0.90450037,Lung_Opacity/images/Lung_Opacity-4880.png,False
ed64660a707866be6ec8be4700bd21ec,P,MODERATE,1,0.92695796,Lung_Opacity/images/Lung_Opacity-2850.png,False
ee036c96583b0408580558966047fa97,P,NORMAL-PCR+,1,0.90560573,Normal/images/Normal-6429.png,False
f01d9b63264bad25b80b54c54a825eac,P,MODERATE,1,0.9268728,COVID/images/COVID-2760.png,False
f10a259b86c5ccd3020b3139e8c0ef46,P,MODERATE,1,0.924266,COVID/images/COVID-3513.png,False
f151833d47cdc106c1693d822dedc180,P,SEVERE,1,0.91851044,Normal/images/Normal-6545.png,False
f198732ce6c46fedc2ac9bac2dea790f,P,MODERATE,1,0.94362235,COVID/images/COVID-2237.png,False
f1aa4936cbff516626c76ba8abb586d4,P,NORMAL-PCR+,1,0.94835615,COVID/images/COVID-2511.png,False
f31a680c1a7c4f9faac251c10f13ffd7,P,SEVERE,1,0.9004365,COVID/images/COVID-1552.png,False
f415dcd69aa525c96d1b22e7138e83f0,P,MILD,1,0.8936162,Normal/images/Normal-4358.png,False
f5603154d7423599634021f944c93506,P,MODERATE,1,0.90150297,Normal/images/Normal-3742.png,False
f58a7d47a7e72fa15a713ef7cd0d16d3,P,MODERATE,1,0.87809527,Lung_Opacity/images/Lung_Opacity-352.png,False
f5d2a9d9f91eac85727d270d0ba0d937,P,MODERATE,1,0.8424379,COVID/images/COVID-3571.png,False
f741127f858367a20c9007b8da1bf23e,P,MODERATE,1,0.8926564,COVID/images/COVID-2059.png,False
f908d3c9fd842884d0953026d7d124c9,P,MODERATE,1,0.92538214,Normal/images/Normal-3925.png,False
f9be56b8f0984c00a11b905cca1ec053,P,MODERATE,1,0.91418767,COVID/images/COVID-3061.png,False
fa06c09376e02caae02114f4cbf4a5a4,P,MILD,1,0.9149311,COVID/images/COVID-2849.png,False
fa1c65404ed486761e677e2af3d46c75,P,NORMAL-PCR+,1,0.9114495,Normal/images/Normal-8472.png,False
fadce2b281e2d549a424c1558d38e6d7,P,MODERATE,1,0.9464005,Lung_Opacity/images/Lung_Opacity-2188.png,False
fafe272aa3cceb971dd9c49a4454e974,P,MODERATE,1,0.88908374,Normal/images/Normal-8472.png,False
fce08de62beee486ecc151e71b5385c8,P,MODERATE,1,0.86647016,COVID/images/COVID-851.png,False
fd7e93527e83912bf242c6924f039b70,P,MODERATE,1,0.9132135,COVID/images/COVID-2562.png,False
fe2fc80d17efd2209a4405dcef47a5de,P,MODERATE,1,0.90955025,COVID/images/COVID-3209.png,False
fe5cdf1fb4625e50d9dd557a2166ba10,P,MILD,1,0.8931436,COVID/images/COVID-3037.png,False
fffe7622e878cd2dbfd767e022f606b5,P,SEVERE,1,0.92416966,COVID/images/COVID-2314.png,False
00535c36caec75964ce74fc33d82d909,N,,0,0.82576305,Normal/images/Normal-9246.png,False
0274491805b1da9656246df7e2c46ae8,N,,0,0.9276073,Normal/images/Normal-4855.png,False
02fb3c2ce8607576ea2cb1eeb48408c8,N,,0,0.88497573,COVID/images/COVID-1892.png,False
03465f96a67979c916a3646ef55157a4,N,,0,0.84612024,COVID/images/COVID-1081.png,False
03ed1038301ccca1930523393736942d,N,,0,0.9422407,COVID/images/COVID-3393.png,False
046e0e8bc1f6fa349e2921433c644475,N,,0,0.8397887,Lung_Opacity/images/Lung_Opacity-1692.png,False
04e8fa1443349a1f8bd5261f46688652,N,,0,0.86832374,Normal/images/Normal-5918.png,False
067f98b6e988c51a7b8437bf56e20869,N,,0,0.93338764,COVID/images/COVID-2653.png,False
068478fc6ff804079e07aa9776a047c3,N,,0,0.92599165,COVID/images/COVID-202.png,False
0737776bebc9869ed9b29c6d53a8f5bd,N,,0,0.884313,COVID/images/COVID-84.png,False
074fae5689af4d17c5092759a6dcacfe,N,,0,0.9093411,COVID/images/COVID-2481.png,False
07be11ae8f5dbb9af7b0af6f99e48c9d,N,,0,0.92241406,Normal/images/Normal-3296.png,False
07efb09588d28f8273d4fcca4f5f3c77,N,,0,0.7495372,Lung_Opacity/images/Lung_Opacity-2984.png,False
0823ae20d30b59fdfb2ed23111535fa7,N,,0,0.853431,Normal/images/Normal-9952.png,False
0866e66954419307282bf99bfd4eef32,N,,0,0.90570974,COVID/images/COVID-740.png,False
08754d6575ba3dea0f47aaa447fab2ca,N,,0,0.93053085,COVID/images/COVID-2037.png,False
097825008b12e681d9eea99f08ab8cd2,N,,0,0.91657484,Normal/images/Normal-2812.png,False
0b54ce0c4f7f6ea5862f75c1d1d33311,N,,0,0.9105496,Normal/images/Normal-2474.png,False
0c059d97a821616bef37761cce4138e5,N,,0,0.9245992,Normal/images/Normal-7379.png,False
0c11534f96da38fb5594f87853585ad7,N,,0,0.9203594,COVID/images/COVID-3244.png,False
0d0e1b436ee1b7f6d5b4df8b0cce7ebf,N,,0,0.91615194,Normal/images/Normal-9317.png,False
0df8133c8eea12ac9a5098889a35793e,N,,0,0.9136478,Normal/images/Normal-9911.png,False
0e3860fcb09afc17ac43bfcef8f7663b,N,,0,0.9206892,COVID/images/COVID-2326.png,False
0fb644068f13fa34df3ad126a0e184c9,N,,0,0.8793061,Normal/images/Normal-2093.png,False
100ca90c66871ba9eecf2b174ec212d8,N,,0,0.89011335,Normal/images/Normal-8673.png,False
10858a613508f9c1d3c66e4809394598,N,,0,0.84036636,Normal/images/Normal-3212.png,False
129d9c0a35f032aa5a301ea59011f2d5,N,,0,0.9259986,Normal/images/Normal-8058.png,False
131efb6aa01d8aa7f48d25f8c0429103,N,,0,0.9233279,Lung_Opacity/images/Lung_Opacity-5615.png,False
13854d7738db21f98546d083d0c4de2d,N,,0,0.93930405,Normal/images/Normal-4662.png,False
138a0d1e1b97592e370e4ff617504059,N,,0,0.92446315,Normal/images/Normal-3819.png,False
141a49299c9c88cb6b0ee294dc79cc34,N,,0,0.9365386,COVID/images/COVID-3092.png,False
15d3b2bd2bf0c9f6f58cc17179664b22,N,,0,0.8977531,COVID/images/COVID-3426.png,False
18668631c575fec122b4932e56b98512,N,,0,0.92711896,COVID/images/COVID-3092.png,False
188349f4734c4e12bce2051901b59e89,N,,0,0.9165995,COVID/images/COVID-3597.png,False
191643e41067cf1fe680999231b0840f,N,,0,0.93194634,COVID/images/COVID-3037.png,False
19e1d272a6ed598b79db18a3c136932f,N,,0,0.9495936,Normal/images/Normal-5001.png,False
1a7669caac6e8693a53b6a4b53a7df64,N,,0,0.8520293,COVID/images/COVID-2598.png,False
1b09121687ba18de95814a52569c99dc,N,,0,0.93980044,COVID/images/COVID-2511.png,False
1b98777e9b354ba6990b9dbb38ceeb91,N,,0,0.8908173,Normal/images/Normal-5941.png,False
1c7626549fa08a7e5df877a8d7c19389,N,,0,0.89774466,Normal/images/Normal-1734.png,False
1c9c0522e5efa5330cd041e362b4fd1c,N,,0,0.91321015,Normal/images/Normal-5337.png,False
1ca8e9137bbb283a73ace1c6d02ab214,N,,0,0.94009084,Normal/images/Normal-9805.png,False
1cdc50961d48aaeb7a2f9dd87c5c47fe,N,,0,0.9070535,Normal/images/Normal-9480.png,False
1cde48d3d4152d51afbe0937570bbd6d,N,,0,0.9457554,Normal/images/Normal-9135.png,False
1cf2a580b74820388aaf7c0cbed9a475,N,,0,0.8824976,COVID/images/COVID-2452.png,False
1de1f859a4b4b6ef6d16f539264a4d1d,N,,0,0.9024306,Normal/images/Normal-6010.png,False
1e70699bd3ec25487be502c96a4ffbaf,N,,0,0.85138386,COVID/images/COVID-2464.png,False
1eae70c203058ffea9a9360773f62a52,N,,0,0.85346794,Normal/images/Normal-6490.png,False
1f186735d5fe6246e63d9c4cbe4924db,N,,0,0.907821,Normal/images/Normal-4332.png,False
1fd3792bbab7eed057f0e6a7f0d92c0f,N,,0,0.9153547,Normal/images/Normal-8303.png,False
2037c1fa965f6d111e093f58d0c2247a,N,,0,0.85588574,Normal/images/Normal-7317.png,False
20b038d8f0d70fce15e6eaba06728d41,N,,0,0.9221258,Normal/images/Normal-5937.png,False
20c2c83d76838265a0c5dda9d7511a2b,N,,0,0.849398,COVID/images/COVID-1349.png,False
223855492aa5ab4a81b6d7a8ad8ac7f9,N,,0,0.9229406,Normal/images/Normal-3587.png,False
22cba3d4554b1c6969f639add4e07d13,N,,0,0.8746001,Normal/images/Normal-4456.png,False
2424359a00d2edff94e51b2ed50cfaa4,N,,0,0.9300589,COVID/images/COVID-860.png,False
24772cd9c3a3b121421fb5736c82b347,N,,0,0.73938173,Normal/images/Normal-9344.png,False
251ba521d46dc88068756007ac8036f8,N,,0,0.8522196,Normal/images/Normal-2079.png,False
25468a330a645949a5892fcad6511b44,N,,0,0.92416835,COVID/images/COVID-3362.png,False
255b30c9094aa07cd7e2885510f8c969,N,,0,0.8939938,Normal/images/Normal-4418.png,False
26a463180c9660a6f39bc15a13b45491,N,,0,0.9325609,COVID/images/COVID-763.png,False
26af3631deea5e78ead272b01c8e6284,N,,0,0.9140044,Normal/images/Normal-6287.png,False
276cb0e8654a8cf5f1fa3a37144bdd8a,N,,0,0.9061051,Normal/images/Normal-8353.png,False
2799e224da8be13052a30e48ac3b2305,N,,0,0.8429209,Normal/images/Normal-7661.png,False
2a4d5cad95b800f26d660eea3aff8950,N,,0,0.8926831,COVID/images/COVID-2976.png,False
2b11f8dcd10d3cc5d0084d718bcfd50e,N,,0,0.92026705,COVID/images/COVID-3444.png,False
2b797d76cbb0955042401f2c2b59234f,N,,0,0.9184351,Normal/images/Normal-5941.png,False
2c6ed7f34a22dd1e75731899f0d50bab,N,,0,0.90608907,Normal/images/Normal-5382.png,False
2c9405c40494d5094740d8851fdc1576,N,,0,0.9074641,Normal/images/Normal-2565.png,False
2cbe5b542018e3047288e0e44663ec9c,N,,0,0.90421265,Normal/images/Normal-9669.png,False
2d2a601ccb95577f58608d02984cdc74,N,,0,0.91074383,Normal/images/Normal-3955.png,False
2d45ddb792f95beaf619d0bb2c3f6a74,N,,0,0.8812471,COVID/images/COVID-3433.png,False
2dbd5f32a97c82887e976eeaf0ea8fff,N,,0,0.8879937,Normal/images/Normal-7908.png,False
2df539bbda598a65c1c9fb2b4a1dab7a,N,,0,0.87121516,Normal/images/Normal-8365.png,False
2e0d900b1c8516ce3ce841bf402aac13,N,,0,0.9051891,Normal/images/Normal-4332.png,False
2fd4474434dc5b1138c705189b9ff3b7,N,,0,0.87054306,Normal/images/Normal-7102.png,False
306193c4e090b785725598a61f4fb91d,N,,0,0.92279226,COVID/images/COVID-1030.png,False
324d4085178f0b05b95b907ea82dcbd6,N,,0,0.9235844,Lung_Opacity/images/Lung_Opacity-1502.png,False
335533cbc2866303012218abad982efc,N,,0,0.8827369,Normal/images/Normal-1785.png,False
34d2af514a87d7d854dfc4196aaaadb9,N,,0,0.9484954,Normal/images/Normal-1675.png,False
34e9b53a89032cdea8f38def25cc57df,N,,0,0.8780323,COVID/images/COVID-2576.png,False
34f58e302c70007263da4452c8e942c5,N,,0,0.8971362,Normal/images/Normal-4663.png,False
350f5efe9154d43145f7c00c27668081,N,,0,0.88554996,Normal/images/Normal-7937.png,False
35645393ee42714b4fad3f0fb85bd93a,N,,0,0.84875804,COVID/images/COVID-2551.png,False
35e6c0a7767a95675cbf1ead9afc1644,N,,0,0.91264,Normal/images/Normal-7090.png,False
361b1686d7736f4717097390ec4e8886,N,,0,0.91458416,Normal/images/Normal-2124.png,False
362843222baab82664a9d644c109b55d,N,,0,0.8417852,Normal/images/Normal-8695.png,False
366abce8053e3ba03f55cd23eae68175,N,,0,0.92887586,COVID/images/COVID-913.png,False
36f39e92ec6490480a4ad42bbd751144,N,,0,0.8973201,COVID/images/COVID-3486.png,False
376debb5c4fcca68fc7514fe01b1d555,N,,0,0.79532963,Lung_Opacity/images/Lung_Opacity-4972.png,False
3849518036710b885855bec7d5ec1461,N,,0,0.9249111,Normal/images/Normal-9805.png,False
39bfc6adf064260a35730bf8e6f8e5cc,N,,0,0.91301644,Normal/images/Normal-1671.png,False
3ae45f37fb89e7f808ff2e2039ec3b52,N,,0,0.93877375,Normal/images/Normal-1554.png,False
3b6ed92d167ff162069f89b8b4c52c77,N,,0,0.8853965,Normal/images/Normal-3918.png,False
3c52aea3c8fa1bb53dc595dd9876b6f8,N,,0,0.91039133,Normal/images/Normal-4499.png,False
3d009d963b4a6608b08e174902908b20,N,,0,0.90945417,Normal/images/Normal-6721.png,False
41a570f1084f1bc3ac1f9935fd0f000a,N,,0,0.8550823,COVID/images/COVID-2028.png,False
42cc66664bde3261b507b04a779328b2,N,,0,0.9388478,Normal/images/Normal-7469.png,False
4367830d2fa9b3b6f1fe7d81e77222e5,N,,0,0.916501,COVID/images/COVID-3612.png,False
4394b163c13f4b434ab18fb657758f76,N,,0,0.8468472,COVID/images/COVID-761.png,False
43aefd51456fc482516495e4bd99198b,N,,0,0.92283696,Normal/images/Normal-9125.png,False
43b04adc0c19aba4219faf522403f198,N,,0,0.87891626,Normal/images/Normal-2729.png,False
43e9f841094742835fc2663bc32a241e,N,,0,0.91488975,Normal/images/Normal-7876.png,False
4427acb083b23e27267938ffd56b5c77,N,,0,0.9191759,Lung_Opacity/images/Lung_Opacity-671.png,False
44e0f16202f95581b5178d1bed02dc7e,N,,0,0.928056,Lung_Opacity/images/Lung_Opacity-1936.png,False
458836231838434f2b6bdd668981bd03,N,,0,0.9330652,Normal/images/Normal-5969.png,False
460ef8fd0be280c30497a1124cb58506,N,,0,0.84994453,Normal/images/Normal-5816.png,False
46bc2c4895049980278d23ac5b4617e0,N,,0,0.89661217,Normal/images/Normal-6479.png,False
46bcfd28b104e7eae27cf75f245e8c12,N,,0,0.9164358,Normal/images/Normal-8472.png,False
474fad3aef75a3195fb85f1005eba7bd,N,,0,0.9179534,Normal/images/Normal-9609.png,False
47e389e958fa3064db613647073ddd5f,N,,0,0.9268491,Normal/images/Normal-1343.png,False
47e4768e92d3eb21cd47fc2b7f22bb4f,N,,0,0.9017183,Normal/images/Normal-7204.png,False
4a324e93b27ca947e39c408b55f5887f,N,,0,0.9062919,Normal/images/Normal-1459.png,False
4a36fd88a1c955e426ff559f7f42bcb3,N,,0,0.90962774,Normal/images/Normal-9444.png,False
4b2ddb8ddd180819203d9b887bb2d1fc,N,,0,0.92972153,Normal/images/Normal-6831.png,False
4b318f6caab2708c0a9a962a732fadd2,N,,0,0.9246236,Normal/images/Normal-6848.png,False
4b3d9920b5c89c51194eda98c256154d,N,,0,0.902263,Normal/images/Normal-8483.png,False
4be07447468384452df3a7a58f672eb4,N,,0,0.9155622,Normal/images/Normal-9237.png,False
4c1b036a6e174f1786236ad07979527c,N,,0,0.9153175,COVID/images/COVID-2804.png,False
4c6060954396cd0bb65bbece65700114,N,,0,0.91516966,COVID/images/COVID-2787.png,False
4c66333c5b494743c683c7713410760e,N,,0,0.93966466,COVID/images/COVID-2531.png,False
4e8b64dfa3fed0638d36ada0d3ebdbea,N,,0,0.9007763,Normal/images/Normal-6871.png,False
4ea4492c869e909fbb8841660b9d7f0b,N,,0,0.90660626,Normal/images/Normal-2661.png,False
4f20b25f1f5019752020885c386bacbb,N,,0,0.86719275,Normal/images/Normal-2297.png,False
4f89c833a15bb823a90ebf5fbcf9b5e0,N,,0,0.9397052,Normal/images/Normal-4279.png,False
4f941a20a06e66d16fccd901af942f9e,N,,0,0.8847794,COVID/images/COVID-3433.png,False
500103a39eeabcff0c5a989ab1f02f59,N,,0,0.9217731,COVID/images/COVID-3393.png,False
50b12051578b5a034c9e2fa697be2dba,N,,0,0.91249025,Normal/images/Normal-8979.png,False
50e9338a04bb666d8d62d47b98f17fc5,N,,0,0.9316353,Normal/images/Normal-3777.png,False
513bee2d5e4f106fff05ebe1fa0aeade,N,,0,0.9272827,Normal/images/Normal-5354.png,False
5164204f342549379759d56c2d828878,N,,0,0.9160349,COVID/images/COVID-1313.png,False
51b9696ce4a6752abf3e6f116abf0a2f,N,,0,0.92976815,Normal/images/Normal-9234.png,False
52a62caf33bfe525983a39902e57d26d,N,,0,0.95390064,Normal/images/Normal-4907.png,False
53f29089edeffbb3cf2f02307535d246,N,,0,0.94401574,Normal/images/Normal-8150.png,False
54a082684c6b94ec5e30b1a4f0c2f096,N,,0,0.94190216,COVID/images/COVID-3175.png,False
5623836b5d5f1d944c129c47d6c4f1e6,N,,0,0.89416224,Normal/images/Normal-5473.png,False
5657fa2c29e516c8a67a48965a8dc8d8,N,,0,0.87999547,Lung_Opacity/images/Lung_Opacity-352.png,False
56edcf48a09f846039b61544cdf5cbfa,N,,0,0.8966998,Normal/images/Normal-3900.png,False
57f7b8210d2901f22b4f391d61f84347,N,,0,0.89616543,COVID/images/COVID-1721.png,False
58d1566c3e3bd8bfb2ee8d48b092bf2d,N,,0,0.9100216,Lung_Opacity/images/Lung_Opacity-3628.png,False
595615c600f157de2fd4b75c9b61e388,N,,0,0.9126885,COVID/images/COVID-150.png,False
59eb0ab599efcf2a04c580ac2c855f48,N,,0,0.92079926,COVID/images/COVID-3426.png,False
5a7dc22a3225e58462f01e10969d5592,N,,0,0.9317128,COVID/images/COVID-3286.png,False
5a93ba7c0ac6a39d4a23bc8af413c5d3,N,,0,0.8895917,Normal/images/Normal-3064.png,False
5b26e1bb37f773082b14ee13c4fe5209,N,,0,0.92002463,Normal/images/Normal-1864.png,False
5b5399dfa6fe8375f1750091e10504e2,N,,0,0.84057474,Lung_Opacity/images/Lung_Opacity-1362.png,False
5ba2e3a9130c47c61806b9cbbb1c223b,N,,0,0.9490516,COVID/images/COVID-2781.png,False
5d0a6936b98edc15b648bfecbdf8a835,N,,0,0.89675933,COVID/images/COVID-2481.png,False
5d335105a765f5037ce125c4fccb0965,N,,0,0.8988391,COVID/images/COVID-3244.png,False
5e2c485f67280c7dee30081eee40dcfe,N,,0,0.8820787,COVID/images/COVID-3366.png,False
5eb0cee9ae89f7234cc16c2b0f79fdd1,N,,0,0.80204415,Normal/images/Normal-7305.png,False
62a7db9b14c2b0e7a07c574b8f03e78d,N,,0,0.92388785,COVID/images/COVID-3231.png,False
64f05b7d5918391b60c2e8894bc86559,N,,0,0.9154196,Normal/images/Normal-9191.png,False
65767652ddc839f2fa3cb000b7964305,N,,0,0.87671626,COVID/images/COVID-1537.png,False
657ca63808b618e9d38d616dcabed273,N,,0,0.86412966,Normal/images/Normal-4776.png,False
6699d3c663e3493aca78f539c4ceedc0,N,,0,0.92194366,COVID/images/COVID-3244.png,False
671000c6d061663471d21f2e3c7c9e84,N,,0,0.92070794,Normal/images/Normal-1863.png,False
672f515d0196e9d7345a33305e2eb95d,N,,0,0.77871394,Lung_Opacity/images/Lung_Opacity-5715.png,False
676941c15735dd44171f03eb91e0308e,N,,0,0.9171193,Normal/images/Normal-9855.png,False
67894e24ff940c1c9aab205fada820ea,N,,0,0.9345928,Normal/images/Normal-8072.png,False
67c0f84bc5ff59d42b4730b6b21b8036,N,,0,0.7980734,Normal/images/Normal-2842.png,False
67d6b01bfd59f4dd5cdf7b7b90b373ea,N,,0,0.9279367,COVID/images/COVID-2347.png,False
69ee574033ee3987dc66e5238413ee9b,N,,0,0.9345061,Normal/images/Normal-4361.png,False
6b4a6b6f6f85eae940198f6c977bc9cb,N,,0,0.81742626,Lung_Opacity/images/Lung_Opacity-2955.png,False
6c15d8438d6e671261198b03c12ffea4,N,,0,0.8313516,Normal/images/Normal-7821.png,False
6c950dc06fd3fe6053a4f0f0356d13af,N,,0,0.9176065,COVID/images/COVID-3228.png,False
6ca486cfd402cfcf00c3a1f8a236771f,N,,0,0.9272886,Normal/images/Normal-4989.png,False
6ce8cff4b62d678160feed0c15139b3a,N,,0,0.92865115,Normal/images/Normal-2412.png,False
6d1ccc5c3a7d3dafcf3945e1f2747c23,N,,0,0.9303942,COVID/images/COVID-2531.png,False
6e6638c9959e7a3bd954f95f79512efc,N,,0,0.8929378,COVID/images/COVID-2569.png,False
6e7ba1a6db7a3ecd990772ca6d2af846,N,,0,0.88456905,COVID/images/COVID-764.png,False
6eee1867f7c0f9088401c11b81ef6d70,N,,0,0.8814517,COVID/images/COVID-1858.png,False
705ce717b6acf5ddd45a715d38517ef6,N,,0,0.9274697,Normal/images/Normal-4366.png,False
70efdc646a1fa5a0aadabffc7dd32f9c,N,,0,0.9277288,Normal/images/Normal-2495.png,False
72fc46f9df04e84feefeaf39915cc0d6,N,,0,0.8945834,Normal/images/Normal-3738.png,False
73229f8a6e52b77dbd9cd1c1d0af0222,N,,0,0.9142102,COVID/images/COVID-2628.png,False
734cb1148e50e38c551564c80ba6dc37,N,,0,0.91801023,Normal/images/Normal-6232.png,False
742d90a563cd065b3998475bd4a2677b,N,,0,0.89949244,Normal/images/Normal-8184.png,False
749d5f96618aa9561f32920b5137ed3e,N,,0,0.8528833,COVID/images/COVID-2962.png,False
75c39302e50ba349dda3121e26574db1,N,,0,0.9360041,Normal/images/Normal-2691.png,False
76b0d1fd1bc84a25d59b7c4618423bd3,N,,0,0.91030836,COVID/images/COVID-3330.png,False
76bbf1b2820f27002b831b2e6fda5bf9,N,,0,0.86215174,Normal/images/Normal-10151.png,False
76f148eb8ea5b9542926758ed4d5e1d8,N,,0,0.8964278,Normal/images/Normal-2664.png,False
77e0aea62880921f9263890ff3f0dda7,N,,0,0.8921903,Normal/images/Normal-9145.png,False
7880737ed438dc4629c8016c23f2e889,N,,0,0.91522104,COVID/images/COVID-3383.png,False
78a2b00a469d5a627c9cb587a0f1c640,N,,0,0.91533905,Normal/images/Normal-6849.png,False
7946eab1ee4e7a89b2af3493ef12c727,N,,0,0.91433734,Lung_Opacity/images/Lung_Opacity-4445.png,False
7964302d28cf35c70184905e382c9db8,N,,0,0.938111,Normal/images/Normal-5016.png,False
7a7be4d8088f7535b4606e41e2d2a7bb,N,,0,0.91919094,Normal/images/Normal-5347.png,False
7ac7935bb964411143c508516e718242,N,,0,0.8258101,Normal/images/Normal-5053.png,False
7b8739b6c0d40434c4df18b5743a33af,N,,0,0.925793,Normal/images/Normal-5968.png,False
7bdb66ad76ffd9a6905ddbdc824b4c02,N,,0,0.93863225,COVID/images/COVID-763.png,False
7c70507393db870ec32d3007214ceecf,N,,0,0.8685237,Normal/images/Normal-7041.png,False
7e650604c0bf97280f97caf1a941eeee,N,,0,0.8438478,Lung_Opacity/images/Lung_Opacity-5598.png,False
7e713ff282afdb8a8d13ab73402e7083,N,,0,0.8947223,Normal/images/Normal-4089.png,False
7e826b17350c62f402a193f2c8e78146,N,,0,0.8028878,Lung_Opacity/images/Lung_Opacity-5646.png,False
7f4283c69201e0cecfa3fce697bc15c8,N,,0,0.92379326,Normal/images/Normal-6729.png,False
80c996c9e60db63f571d6929ab3d3a62,N,,0,0.89706856,Normal/images/Normal-5980.png,False
80daf46f79b7b78751c41a5715021e74,N,,0,0.83919144,Normal/images/Normal-5473.png,False
810a05ce8f15e552fcbb6e99d4451e4e,N,,0,0.924592,COVID/images/COVID-580.png,False
81d7192867b41ee8daa5a1d1473d2f43,N,,0,0.9121193,COVID/images/COVID-3435.png,False
82574c1cbb80c8870c7e629d5dbca379,N,,0,0.91143143,Normal/images/Normal-6277.png,False
8499f7f065e13732a3fbeddbfa477c66,N,,0,0.8893272,COVID/images/COVID-3369.png,False
84e27caec6fd82e3c73453f6bb9e6f52,N,,0,0.91416925,Normal/images/Normal-3014.png,False
85467d24c61f4104acf7f21d403821a2,N,,0,0.8846473,COVID/images/COVID-2238.png,False
859140579c29d68c142251764024f4c3,N,,0,0.89695156,Normal/images/Normal-8472.png,False
85c0b766158357b107badd553295a1b3,N,,0,0.72191525,COVID/images/COVID-2727.png,False
85d6cf4a4b37f7011fb0760a3478530a,N,,0,0.91871184,Normal/images/Normal-8480.png,False
85dc4ff53070de670a28874a698965f9,N,,0,0.9038608,Normal/images/Normal-7628.png,False
862456c5aff5624087a7cff7dbb22b1f,N,,0,0.90370524,Normal/images/Normal-5236.png,False
868bade90ac616c741379c2499973a6c,N,,0,0.927677,COVID/images/COVID-3444.png,False
895ef0895e4ad5152a94f8c1d1ceb5e4,N,,0,0.90611035,COVID/images/COVID-2651.png,False
89f009d500013907f316565760aa51f9,N,,0,0.8698101,Normal/images/Normal-10057.png,False
8b2962dec01f282017607234b39773de,N,,0,0.9378702,Normal/images/Normal-1819.png,False
8bb738e3e4d36d98f31524de2aa6f0ef,N,,0,0.90626866,Normal/images/Normal-2678.png,False
8df37bada770c18f826759c9dc0e8bea,N,,0,0.78795826,Viral Pneumonia/images/Viral Pneumonia-784.png,False
8e2a1c9c71886d83c084ed2918051f4d,N,,0,0.91812336,COVID/images/COVID-2441.png,False
8eb5125ca9bd4571fd1c125961647c9e,N,,0,0.9181451,Normal/images/Normal-8776.png,False
8ef679f9c9b492007d4b013d4f1a1496,N,,0,0.89052624,Normal/images/Normal-2883.png,False
8f6f5398065274bc66e4fbfceb6930ca,N,,0,0.95063007,Normal/images/Normal-7516.png,False
8faa56a3bdd92a4be400b8b4273c9048,N,,0,0.8472855,COVID/images/COVID-202.png,False
8fac2e97e7a6ab5d6b5cb8180041fc63,N,,0,0.92278844,Normal/images/Normal-5971.png,False
8fb52144485257ec347c724f85b68155,N,,0,0.9359472,COVID/images/COVID-3138.png,False
906ec57b6ec682b3df9e9677bf620bb0,N,,0,0.88700294,COVID/images/COVID-3379.png,False
907fd24fd997a31ca13f89bfcf08b773,N,,0,0.91642255,Normal/images/Normal-8979.png,False
90be5f65a2cf784e9f29422c126f0541,N,,0,0.9016398,Normal/images/Normal-8611.png,False
926be844d48ff4164eeffc8b211edd89,N,,0,0.91483325,COVID/images/COVID-2321.png,False
92954ea737e57c75a04d00f3bc781168,N,,0,0.93232065,Normal/images/Normal-5787.png,False
929da2d1d99b970f1ff5e9044379cb96,N,,0,0.83822936,Lung_Opacity/images/Lung_Opacity-4437.png,False
93b0501557b2d89730ec9ea6a0d2daa7,N,,0,0.8842142,Normal/images/Normal-4074.png,False
93ca10afc52a925cf21eed1a355c777b,N,,0,0.885733,Normal/images/Normal-8273.png,False
947ea3ab4a5a211f1ad7d4f77040ab4c,N,,0,0.8922581,Normal/images/Normal-1849.png,False
94f9a63a7589fc3e521de582d03c0e1b,N,,0,0.81132823,Normal/images/Normal-2061.png,False
958b0b8fa0e887c67874ea990aba3f09,N,,0,0.9120023,Normal/images/Normal-8696.png,False
95cda26273f18061740bac922d56933d,N,,0,0.93526167,Normal/images/Normal-5170.png,False
96a6fd2052db2283879a9cf3de7e35e0,N,,0,0.88051707,COVID/images/COVID-3211.png,False
9769896d7d8af8463596dffa32e62753,N,,0,0.92473614,Normal/images/Normal-6612.png,False
97dd04d6f0eee96d44aab6f52222910f,N,,0,0.90489674,Normal/images/Normal-1987.png,False
98a4cc751cba5e910c24a8bc57256c5e,N,,0,0.9449353,Normal/images/Normal-1451.png,False
98c00b94f0994568e89741b632040682,N,,0,0.9172325,Normal/images/Normal-8562.png,False
99f6a16fb5332a5c51ea1cfe83439822,N,,0,0.90724385,Normal/images/Normal-5334.png,False
9a06fd5688bc5b8e22c6ecd1e3919b8c,N,,0,0.9112027,Normal/images/Normal-5245.png,False
9a6c34edbd8e2e68420ea63db1b9671e,N,,0,0.88352805,Normal/images/Normal-1556.png,False
9b92bc9b35df999a758a0ab88dc673a2,N,,0,0.87433356,Normal/images/Normal-9570.png,False
9bdd15160ec6bc3d214edbfcd1b2e704,N,,0,0.88866043,COVID/images/COVID-3490.png,False
9c7a9d1814247cf6b1393d82cf136083,N,,0,0.8639062,Normal/images/Normal-8743.png,False
9cc8b4df489f096eb05d97b9e887edc8,N,,0,0.92815816,COVID/images/COVID-3449.png,False
9d670beda5edb58c960a1e0feb8d43f0,N,,0,0.9026905,COVID/images/COVID-3426.png,False
9db5b2d3c9cc43a69550953872c93b9c,N,,0,0.8840944,Lung_Opacity/images/Lung_Opacity-1731.png,False
9e25ce3b77e6dc54189e47016855fded,N,,0,0.92526406,COVID/images/COVID-2666.png,False
9e2cf26afabe6b33ee52ab30f6df451c,N,,0,0.9015383,Normal/images/Normal-5323.png,False
9e311cf985b88573169ae2bf7be2695f,N,,0,0.88852334,Normal/images/Normal-2213.png,False
9e680e2dfb0f78b2e2f31ab33924ef63,N,,0,0.8843947,Lung_Opacity/images/Lung_Opacity-4437.png,False
9ea9c9b28e7245901e37c42f6efc3e32,N,,0,0.9101331,COVID/images/COVID-3356.png,False
9f2ded3fde069e1625aaf8826cd73ee0,N,,0,0.9304294,COVID/images/COVID-3380.png,False
9fbce75394cf73af9a2a54771c603fca,N,,0,0.94206685,COVID/images/COVID-2760.png,False
a04d1c63769b59095b8e68659a20d739,N,,0,0.9399498,Normal/images/Normal-6793.png,False
a1ccee2d2457502076580188457a92c2,N,,0,0.9385977,COVID/images/COVID-3092.png,False
a45bde55b9e894f181a40d9a03617ecd,N,,0,0.8824402,Normal/images/Normal-7183.png,False
a4760631ce105db394905f8075e45a5e,N,,0,0.8203235,COVID/images/COVID-3153.png,False
a59847559177d11da034513dd6b1d56e,N,,0,0.9235503,Normal/images/Normal-3014.png,False
a5cdd9f58838a5f74ef4bc56190ef9c0,N,,0,0.92590654,Normal/images/Normal-5627.png,False
a5d0738b21267116ffd369b48d3aa92c,N,,0,0.9026893,Normal/images/Normal-7136.png,False
a60e6e8308c9bd98b7cda8b68b3b6e13,N,,0,0.88576585,Lung_Opacity/images/Lung_Opacity-657.png,False
a6846153cd7a803569b1c103b26acb1d,N,,0,0.94159615,COVID/images/COVID-2494.png,False
a6c4f34f6f9e9438c5b5ebd9bb238d92,N,,0,0.9063681,COVID/images/COVID-2427.png,False
a7244fcb718b4214bb848343482c40a4,N,,0,0.85367286,Normal/images/Normal-7560.png,False
a74a4202f8440fe2c808864ac785b3fc,N,,0,0.8816224,COVID/images/COVID-378.png,False
a7954a3b37de518498f5ec36a3a52975,N,,0,0.9276499,COVID/images/COVID-98.png,False
a7a3f1e019102c63fa6326e7fd79dfcf,N,,0,0.9089599,Normal/images/Normal-1794.png,False
a7bab286b30afd3afd20426107656803,N,,0,0.9583353,Normal/images/Normal-3795.png,False
a7be41beb4bc53bf1f72b84945d2397c,N,,0,0.88907,Lung_Opacity/images/Lung_Opacity-1908.png,False
a926acdcc107f44f9d1d6cfe4fcc6c20,N,,0,0.91873807,COVID/images/COVID-3589.png,False
aa8b21dc71e891cfa794753373202244,N,,0,0.9414076,Normal/images/Normal-6048.png,False
aa90672f27c04d2ffd65970f7ad3c8ec,N,,0,0.8503682,Normal/images/Normal-4012.png,False
aacc72197e7fc94d001b615507f290de,N,,0,0.9145937,Normal/images/Normal-4414.png,False
aafe7477231ffa3c9221fe81398c1c45,N,,0,0.9352324,Normal/images/Normal-5629.png,False
ab813dd779e9220d759dbdf1a65c575a,N,,0,0.8308216,Normal/images/Normal-4246.png,False
ad4f2ef924bc6ee13967aabb0d826de5,N,,0,0.89104414,COVID/images/COVID-365.png,False
ad6068fa72cb7c1396cb7f41081cf3db,N,,0,0.9169763,COVID/images/COVID-2371.png,False
addfd4e8c88cd3b8e2237770affc01e7,N,,0,0.87850535,COVID/images/COVID-571.png,False
ae115e180608c12fa8420a68ef7c766a,N,,0,0.87049305,COVID/images/COVID-761.png,False
ae1ef642e4ce38accfed5ba3b3d71785,N,,0,0.9016176,Normal/images/Normal-3067.png,False
af26413341588bcc0d076f40b81112db,N,,0,0.8729941,Normal/images/Normal-9238.png,False
af30c49c654a74813e223d0253e69b5a,N,,0,0.90929943,Normal/images/Normal-7068.png,False
af765289005f49b21caa5d339c093fe1,N,,0,0.906274,COVID/images/COVID-2327.png,False
b01a8b2f661be5258941f5a01bb380a9,N,,0,0.9262773,Lung_Opacity/images/Lung_Opacity-2055.png,False
b040a276a71616a3d89e91ed0c0dbb54,N,,0,0.8637557,Normal/images/Normal-2297.png,False
b04534a78a89c1e4e796d91612f42944,N,,0,0.83936495,Normal/images/Normal-7393.png,False
b08636b6e6e058e68b58632c38b8fc03,N,,0,0.9227107,Lung_Opacity/images/Lung_Opacity-1212.png,False
b0c5732bfa8ae5d409dea00bbc8a1c46,N,,0,0.88516104,COVID/images/COVID-2213.png,False
b13824779997480267fe9addf49a1a7d,N,,0,0.8901857,Normal/images/Normal-5356.png,False
b21a5e82295815e7d41db9f61a4c8d1e,N,,0,0.9016541,COVID/images/COVID-2666.png,False
b2267549f1de51a8e4d86f0f9bfaa4a2,N,,0,0.9006857,COVID/images/COVID-2751.png,False
b39138e458ca7600422f6d08f10c66ce,N,,0,0.8810668,Normal/images/Normal-8774.png,False
b391b57f0b4dcff86c5178d12f387cbd,N,,0,0.8830153,Normal/images/Normal-6099.png,False
b3b9f166eb9717dfab60832d4c9bf7f4,N,,0,0.88822913,Normal/images/Normal-2344.png,False
b3e08c44d9c60eea5b9a35d263d5fa98,N,,0,0.8918983,Lung_Opacity/images/Lung_Opacity-5669.png,False
b4429411e2d8baf03f2c2927d7c35e17,N,,0,0.8900049,Normal/images/Normal-7937.png,False
b481766b82ce5fb93d5ba8dbc1f3a2de,N,,0,0.90645736,COVID/images/COVID-1923.png,False
b4d203191b2eefbeb66d1cc1d1052c3b,N,,0,0.8478441,COVID/images/COVID-2875.png,False
b4e21c0aa1a0a6db4501095d315ed783,N,,0,0.90829194,Normal/images/Normal-3617.png,False
b565964409c0da5362c8e91b8b938a2b,N,,0,0.88929945,COVID/images/COVID-3233.png,False
b6278dc046ddb741ee108a68b4936f80,N,,0,0.9055024,COVID/images/COVID-3273.png,False
b735fae31e9431e5322aa9fcde99cb23,N,,0,0.9246963,Normal/images/Normal-8017.png,False
b855d668c681bb95f20871d9ab52b7bb,N,,0,0.76024896,Viral Pneumonia/images/Viral Pneumonia-1161.png,False
b994c1ddae735572dfe1a985c35c3f69,N,,0,0.9134685,COVID/images/COVID-1653.png,False
ba2d0d81f09f9a3ce79e1ddb1ce6fb6c,N,,0,0.76596475,Normal/images/Normal-4328.png,False
ba9814c2e767ba42a8afa0f6c2916eaf,N,,0,0.8903347,Normal/images/Normal-4513.png,False
bac0ce042c50334c76fe13bd10d70bd3,N,,0,0.9156973,Normal/images/Normal-2018.png,False
bad580b0684198f314317246099f20b0,N,,0,0.92624044,Normal/images/Normal-7259.png,False
bb55a58fdf91b543f41a940a3d2e10d1,N,,0,0.8973375,COVID/images/COVID-87.png,False
bb66b37e1ec360eab1ad8f385697e7cc,N,,0,0.9035247,Normal/images/Normal-4693.png,False
bbcde6e7ac1d9c32187deab3b10f3a6b,N,,0,0.9165914,Normal/images/Normal-2297.png,False
bc6686ef41681de4f4f90475b7545b1d,N,,0,0.8712946,COVID/images/COVID-3194.png,False
bc9edf661c0b0922c48252376ef69aba,N,,0,0.83861077,Normal/images/Normal-1931.png,False
bd5d933692d952f2c059de0ff405b003,N,,0,0.8994022,COVID/images/COVID-3138.png,False
bd86ea673983c8f6d226646fcb2f959a,N,,0,0.93819934,Normal/images/Normal-7175.png,False
bd9ed431b73a5836f5c28f7f9cb9380d,N,,0,0.9058358,Normal/images/Normal-4513.png,False
bde60241ca4f0f59fa002d686cf3fbeb,N,,0,0.84358245,COVID/images/COVID-273.png,False
bdf2490d045ba87941abf803e04cbb81,N,,0,0.9276533,Normal/images/Normal-2240.png,False
bf35dafbf1ffa0182b35b078e125244d,N,,0,0.85647327,Normal/images/Normal-8483.png,False
bf3febd38a5c44ebb8afc07dd9c816e9,N,,0,0.90344936,Normal/images/Normal-8112.png,False
bf81ccbf35092b6ffa78abd1e7863efa,N,,0,0.8473696,Normal/images/Normal-8204.png,False
bfac5053f7f4eaa0065e7f8d9092b9fc,N,,0,0.9481837,Normal/images/Normal-3966.png,False
c0220a963d54ef3d0b53a08659b91a85,N,,0,0.9218529,Normal/images/Normal-2339.png,False
c1364ebc01f765d44042900c31b65305,N,,0,0.8491388,COVID/images/COVID-3088.png,False
c2728488951a3583ab4dfab0e9fbad75,N,,0,0.89098334,Normal/images/Normal-1929.png,False
c48347c097e55f54498de16dd987045f,N,,0,0.91577655,COVID/images/COVID-3149.png,False
c512b17e537a1117e7f2467e677500d1,N,,0,0.90406483,COVID/images/COVID-2888.png,False
c5eebaec43fe73979e831724ec71dbe5,N,,0,0.90233266,Lung_Opacity/images/Lung_Opacity-3656.png,False
c626ab80e1aae2489214d3b53c7f1a7c,N,,0,0.88107145,Lung_Opacity/images/Lung_Opacity-157.png,False
c63fc7799bd24aed83586e551850fc85,N,,0,0.91494775,Normal/images/Normal-8112.png,False
c70111dcc796523b6c824f401d8393d7,N,,0,0.85252005,COVID/images/COVID-3515.png,False
c7238d5d56d2d9798a809dbf323f87df,N,,0,0.92364246,Normal/images/Normal-2479.png,False
c843888ccf3a577914838cba63b01c31,N,,0,0.92455906,COVID/images/COVID-3587.png,False
c8acf371291dd588ff9df2df817e3026,N,,0,0.86631775,Normal/images/Normal-4854.png,False
c9cd707001d82d2c4eacdaead3853597,N,,0,0.8508118,Normal/images/Normal-4048.png,False
ca83e1a308db7d131049f8f90459d19d,N,,0,0.8414906,COVID/images/COVID-1755.png,False
cba9725c689765b45ff9f7129f6a399a,N,,0,0.8601,COVID/images/COVID-242.png,False
cbd8c2cf0e4fd1612aa37f0d47ddcf6e,N,,0,0.9144054,Normal/images/Normal-828.png,False
cd199ed4695f2282326f8d998cdea976,N,,0,0.912839,Normal/images/Normal-10031.png,False
cde3e22b123f6ed608ae09ae0bda3c7d,N,,0,0.9178041,Normal/images/Normal-7389.png,False
cf71f1797a0467b00b16d1028b69624e,N,,0,0.8759948,Normal/images/Normal-3338.png,False
cf8182ca060f857539a662b78d5ff1f6,N,,0,0.8632576,Normal/images/Normal-7843.png,False
cff2f83da0805e8e512430bfe44f8f4d,N,,0,0.8846762,COVID/images/COVID-3406.png,False
d0ee3bf9798ba9c7630b43abef4efa5a,N,,0,0.9455488,COVID/images/COVID-3417.png,False
d1a4fcb7937e0b44e880dc88f3e7a8b9,N,,0,0.88221323,COVID/images/COVID-2533.png,False
d2378ffe918f69d221fc14ae7c46b7fa,N,,0,0.9188713,Normal/images/Normal-5682.png,False
d5e08a0a96cffcfe387755f0855cb797,N,,0,0.8922953,COVID/images/COVID-3237.png,False
d60b1507847bd9f61198dd5004a9e03e,N,,0,0.88001096,Normal/images/Normal-9977.png,False
d71c547279a0a34a7be06bd90e512c81,N,,0,0.89435,Normal/images/Normal-7867.png,False
d7a28dae921c08e810955d997f1918f6,N,,0,0.8916383,Normal/images/Normal-7259.png,False
d7c746ad55baa1acaa00d5b60bcba4cc,N,,0,0.9259884,Normal/images/Normal-8112.png,False
d7e01b9391e54ab3f4667d629f23707e,N,,0,0.91245246,COVID/images/COVID-2601.png,False
d835ef676e1f04d1a89eadd1338739e6,N,,0,0.8974121,COVID/images/COVID-3138.png,False
d8b40dd5ed4fb0bf3d4f5517c21f96b6,N,,0,0.92437214,Normal/images/Normal-4580.png,False
d8ed0caee4b7c74727cf7b9027d86084,N,,0,0.8837965,COVID/images/COVID-19.png,False
dacfa523c8929c235c12e60df12b03c4,N,,0,0.91070706,Normal/images/Normal-2661.png,False
db943dfaad8e1d5c2ca24a4fda8b9cfb,N,,0,0.7576443,Viral Pneumonia/images/Viral Pneumonia-826.png,False
db96332e4a073998e85963cd2b536963,N,,0,0.7635978,COVID/images/COVID-1850.png,False
dbb9151b26048fce87ec411db4739f91,N,,0,0.93479687,Normal/images/Normal-1867.png,False
dc6091a6dafc7db8475d6c8eab3e72de,N,,0,0.91698,COVID/images/COVID-3583.png,False
dcb19d2369c38906dbe2c2cfe53d9832,N,,0,0.92313457,Lung_Opacity/images/Lung_Opacity-1997.png,False
de18e34f1c85e142165ec76fd20fa365,N,,0,0.86492723,Lung_Opacity/images/Lung_Opacity-46.png,False
debb98eea18436b90de6b5e46e0df4c8,N,,0,0.82464844,Normal/images/Normal-4404.png,False
df53a59172178792a2ca6bd6fba709ba,N,,0,0.87873155,COVID/images/COVID-2116.png,False
dfc6f3d3d5d6a49662ff685d95315f4c,N,,0,0.87856895,Normal/images/Normal-5419.png,False
e22aae7fb3053d268a6993d61c827e49,N,,0,0.9203214,Normal/images/Normal-1722.png,False
e247b4cb7ee766a4521ec4f7dce8a2ea,N,,0,0.9396872,COVID/images/COVID-3380.png,False
e4c8f5d931209cbfea529d8e24395fe0,N,,0,0.9085473,Normal/images/Normal-3655.png,False
e518ad725763329bc6d031a41e385920,N,,0,0.92062694,COVID/images/COVID-2372.png,False
e55b0304c7b8b80a2fbb5719699d0e8b,N,,0,0.950795,Lung_Opacity/images/Lung_Opacity-507.png,False
e5e44adf205fa410d0d396a933379c1e,N,,0,0.8837377,Normal/images/Normal-8776.png,False
e5e8c518c567399ca23aaab14baedf8e,N,,0,0.8744974,Normal/images/Normal-6291.png,False
e699e481546fdb35913acdbbf3dc2dc5,N,,0,0.92808044,Normal/images/Normal-4324.png,False
e819b8575468f9ef0c3866c23b144bf9,N,,0,0.81198645,Normal/images/Normal-2226.png,False
e97a4c1e9f6cc63e12c539a4297da955,N,,0,0.9011337,COVID/images/COVID-2141.png,False
eb8843ab906d7722c783beef6603ff23,N,,0,0.8764366,Normal/images/Normal-2478.png,False
ec60c3835de86228eadaba00f27c52e4,N,,0,0.9453788,Normal/images/Normal-7667.png,False
ed003843fa24bf3d0f075a1dbfac7abd,N,,0,0.94489634,Normal/images/Normal-5623.png,False
ed11209d72309330417b27733d47561e,N,,0,0.89696956,Normal/images/Normal-2108.png,False
ed345c83de2a19d43d865e1cbd1a2fa2,N,,0,0.86477965,Normal/images/Normal-7937.png,False
ed4cffc0235043aacd6e09efc46815e1,N,,0,0.8237661,Normal/images/Normal-1584.png,False
ee0b56689b1acb3107a1503ca20b04aa,N,,0,0.84935486,Normal/images/Normal-4404.png,False
ee43f22b98d0fba2f48c67bd2d25113f,N,,0,0.9201098,COVID/images/COVID-2340.png,False
ee90dbe4ddd845825c92cbbc310f4756,N,,0,0.89530885,Normal/images/Normal-9222.png,False
ef41f2e61fcd27cad1b99c9132f37264,N,,0,0.9283285,Lung_Opacity/images/Lung_Opacity-388.png,False
ef7715f9c4b1b21371504b3771970080,N,,0,0.91248393,COVID/images/COVID-3547.png,False
efafa21234d7b1de39e67fc20a64b8af,N,,0,0.9142665,Normal/images/Normal-4584.png,False
efe4e9c845b8eb898717c48a243808ca,N,,0,0.87585837,COVID/images/COVID-2562.png,False
f03cffc5965f9efe04b34c0b6d1d1a2e,N,,0,0.9293524,COVID/images/COVID-3244.png,False
f04ecce7481ef6f744a2c4c74dcf7ef1,N,,0,0.84013784,Normal/images/Normal-3521.png,False
f0885f97b54f72c7947745366c6c3819,N,,0,0.9594489,Lung_Opacity/images/Lung_Opacity-4874.png,False
f08ff093b46a0e2a5aaed1b774935bbb,N,,0,0.91945016,COVID/images/COVID-2816.png,False
f0e0a6a8712589bbaa81b0d46d1d38b7,N,,0,0.8290585,Normal/images/Normal-8334.png,False
f15e9367852147b3aff67a5a7ffc1a2d,N,,0,0.85147506,Normal/images/Normal-5404.png,False
f1b25089950137463669efd5cb4aeb06,N,,0,0.8836941,Normal/images/Normal-8472.png,False
f26304f352fd4f3edb63c69d1c70c4fb,N,,0,0.86981606,COVID/images/COVID-3575.png,False
f2725aa4034cccc210998040b33b7db7,N,,0,0.9090954,COVID/images/COVID-1352.png,False
f27f1a6ce7d05c5b7233b77795cd7a96,N,,0,0.897002,Normal/images/Normal-7720.png,False
f2c1e5de3da01d8d313e6c0cf070e68d,N,,0,0.8847014,Normal/images/Normal-4414.png,False
f31f6ce12cf782c0ece246f77c248270,N,,0,0.8384521,Normal/images/Normal-6818.png,False
f32eff6296ef6f6241bb7db40860f4fc,N,,0,0.90949285,Normal/images/Normal-2018.png,False
f3799dde38182360a921a93c3bd00db5,N,,0,0.9382378,Normal/images/Normal-6726.png,False
f42df2d92da370d09d242283891114be,N,,0,0.9049484,Normal/images/Normal-7339.png,False
f4639f3dd89a27f1c85862d6cb27f855,N,,0,0.8734133,COVID/images/COVID-3515.png,False
f5030b47ccfb050509d827513eda7f27,N,,0,0.89422953,Normal/images/Normal-3356.png,False
f7a64ff16059c8b6f68a387dcd193920,N,,0,0.8841138,Normal/images/Normal-699.png,False
f8d5437fd6ef95a611b17440e0049659,N,,0,0.9199049,COVID/images/COVID-2213.png,False
f8d917b0ca60aad352660a8ef7a375e2,N,,0,0.93357927,Normal/images/Normal-10042.png,False
f8f54e39049ca35a6fc92091074018da,N,,0,0.9260164,Normal/images/Normal-4967.png,False
f9d5076cca6df223df158492806ca673,N,,0,0.9355991,COVID/images/COVID-3545.png,False
f9d91cdf0e24e1d803223f20fa785500,N,,0,0.9362914,Lung_Opacity/images/Lung_Opacity-920.png,False
f9ed5b6dd207a443e663d97950631c4a,N,,0,0.8770151,COVID/images/COVID-2182.png,False
f9f42b90fe8d76030db12155bf63cf00,N,,0,0.85556024,COVID/images/COVID-2962.png,False
fb013882e531a810e151853abe5b1471,N,,0,0.8866451,Normal/images/Normal-3392.png,False
fb6914fe68bfd79ad20cb85fd3401009,N,,0,0.9281344,Normal/images/Normal-8112.png,False
fccffb76c877ba6ac216786d2a4f0e25,N,,0,0.9065108,COVID/images/COVID-3449.png,False
fce878de9b689a03dbcaf39f8781ed3b,N,,0,0.8974901,COVID/images/COVID-3426.png,False
fdcc1850da438857920b514329f73d77,N,,0,0.91460836,Normal/images/Normal-5540.png,False
fe38997d3341993de4f0180c9e8a69f5,N,,0,0.8880384,Normal/images/Normal-9235.png,False
fe7bc3be1e4249b56e0dc5d78d183c39,N,,0,0.86592406,Normal/images/Normal-8628.png,False
ffa5b2d615a83b54ab8234af6195fb8f,N,,0,0.87664264,Normal/images/Normal-7393.png,False
ffcd1a010b8272bb43400f02118539a5,N,,0,0.9088768,COVID/images/COVID-3138.png,False
ffd63d89cd9be44c2ca03121778a62c6,N,,0,0.85563296,Normal/images/Normal-6087.png,False
