backbone,seed,baseline_arm,selected_arm,auroc_baseline,auroc_selected,auroc_diff,ci_low,ci_high
densenet121,42,A0_vanilla,A2_full,0.6519705084969913,0.6428343141792854,-0.009136194317705959,-0.028434338424915558,0.008896630959465766
densenet121,123,A0_vanilla,A2_full,0.6364698362317882,0.6243607970199916,-0.012109039211796624,-0.02853586700169716,0.004441083118428811
densenet121,2026,A0_vanilla,A2_full,0.6340342524631356,0.6177786594370605,-0.016255593026075155,-0.0323633014833917,0.0009277397562210717
resnet50,42,A0_vanilla,A3_multiply,0.6454296986929402,0.6480471246886641,0.0026174259957238988,-0.011980372060217351,0.017509615596552678
resnet50,123,A0_vanilla,A3_multiply,0.6436718904979171,0.6566102404725693,0.012938349974652263,-0.0022982377835086,0.028230454715775132
resnet50,2026,A0_vanilla,A3_multiply,0.6553042826599661,0.6468293328043379,-0.008474949855628244,-0.02267999625294812,0.007026273446626504
efficientnet_b0,42,A0,A3,0.6380898851638783,0.6512872225528445,0.013197337388966224,-0.0017713086027902473,0.027972569375564898
efficientnet_b0,123,A0,A3,0.6501796380788644,0.6499096299235161,-0.00027000815534827804,-0.016277772267407276,0.015029260067446818
efficientnet_b0,2026,A0,A3,0.6576076175362031,0.6526593048116556,-0.004948312724547543,-0.021744473098371204,0.010943595847384694
vit_base_patch16_224,42,A0_vanilla,A3_multiply,0.6370814873592101,0.626451982631312,-0.010629504727898142,-0.027513417752209657,0.006861375608896089
vit_base_patch16_224,123,A0_vanilla,A3_multiply,0.6312515153518923,0.6162054486543675,-0.01504606669752473,-0.03443485639974438,0.0032040049372919492
vit_base_patch16_224,2026,A0_vanilla,A3_multiply,0.6442945623663734,0.5957178910709956,-0.048576671295377793,-0.06817933225330053,-0.030102740858295316
