backbone,arm,seed,role,n,auroc_covid,avg_precision_covid,auroc_covid_excl_normal_pcr,auroc_any_abnormal,sensitivity_pred_covid,specificity_pred_covid,auroc_normal_vs_neg,auroc_mild_vs_neg,auroc_moderate_vs_neg,auroc_severe_vs_neg,pos_pred_COVID,neg_pred_COVID,pos_pred_Lung_Opacity,neg_pred_Lung_Opacity,pos_pred_Normal,neg_pred_Normal,pos_pred_Viral Pneumonia,neg_pred_Viral Pneumonia,internal_auroc_covid_vs_normal,internal_auroc_covid_vs_rest,auroc_drop_vs_internal,checkpoint_sha256_12
densenet121,A0_vanilla,42,baseline,852,0.6519705084969913,0.6713190508758324,0.6800804828973843,0.7286638453569617,0.7136150234741784,0.47417840375586856,0.5225166790214975,0.6015258215962442,0.690113389891003,0.7609546165884193,0.7136150234741784,0.5258215962441315,0.07511737089201878,0.023474178403755867,0.2112676056338028,0.4460093896713615,0.0,0.004694835680751174,0.9977821164738789,0.9981353611485222,0.3458116079768876,8fc1931123fa
densenet121,A1_gate_only,42,other,852,0.664897837730609,0.6859229707618726,0.6890543259557345,0.7405827767859111,0.7605633802816901,0.38967136150234744,0.553650852483321,0.6215727699530517,0.6923578508085549,0.7710816179126037,0.7605633802816901,0.6103286384976526,0.07276995305164319,0.02112676056338028,0.16666666666666666,0.36384976525821594,0.0,0.004694835680751174,0.9978671876319809,0.9982331127906797,0.33296934990137195,4221691f91f0
densenet121,A2_bg,42,other,852,0.6539873041063281,0.6610438769541157,0.6814621059691481,0.7308404417113007,0.7699530516431925,0.3732394366197183,0.527458611317025,0.6296948356807511,0.6773879142300194,0.7606536655832431,0.7699530516431925,0.6267605633802817,0.07042253521126761,0.018779342723004695,0.1596244131455399,0.352112676056338,0.0,0.002347417840375587,0.9978521040933104,0.998254485013517,0.3438647999869823,4263d4a5f4b0
densenet121,A2_full,42,selected,852,0.6428343141792854,0.6589211807723059,0.6675989268947016,0.7214094425709185,0.7464788732394366,0.4107981220657277,0.528786755621448,0.6041784037558686,0.6778409246904428,0.7284519080293728,0.7464788732394366,0.5892018779342723,0.07511737089201878,0.023474178403755867,0.1784037558685446,0.3826291079812207,0.0,0.004694835680751174,0.9982020421904677,0.9985480903042984,0.3553677280111823,b53fe4be3252
densenet121,A3_multiply,42,other,852,0.6284219400912517,0.6330766791568425,0.6488564721663312,0.7266415393771077,0.6854460093896714,0.4953051643192488,0.5343155423770696,0.5997535211267606,0.643453312467397,0.7248705910677742,0.6854460093896714,0.5046948356807511,0.12206572769953052,0.035211267605633804,0.19248826291079812,0.45774647887323944,0.0,0.002347417840375587,0.9988874381876585,0.9991605271160953,0.3704654980964067,f4a9ff398e02
densenet121,A4_guidance_only,42,other,852,0.6314719301725847,0.6491595212822696,0.6504761904761904,0.7124385593687319,0.7394366197183099,0.3732394366197183,0.5439523103533481,0.5881220657276995,0.6597891442220575,0.7146081617912603,0.7394366197183099,0.6267605633802817,0.09154929577464789,0.02112676056338028,0.16901408450704225,0.3474178403755869,0.0,0.004694835680751174,0.9983643410665631,0.9987131118937471,0.3668924108939784,0cec3579a7c4
densenet121,A5_cbam,42,other,852,0.5900008816592828,0.5939978331394699,0.6005566733735749,0.70532467103088,0.7018779342723005,0.39436619718309857,0.5413886829750433,0.5631455399061033,0.6029020124646515,0.6471650415312387,0.7018779342723005,0.6056338028169014,0.107981220657277,0.01643192488262911,0.19014084507042253,0.3732394366197183,0.0,0.004694835680751174,0.997543193221337,0.9979412593214424,0.4075423115620542,aba1ae2e1b77
densenet121,A0_vanilla,123,baseline,852,0.6364698362317882,0.6490463224923434,0.6567940979208584,0.7256689589808019,0.6971830985915493,0.4507042253521127,0.5428712626637016,0.6077699530516432,0.663509321033413,0.7075659082701335,0.6971830985915493,0.5492957746478874,0.1056338028169014,0.025821596244131457,0.19718309859154928,0.42018779342723006,0.0,0.004694835680751174,0.9983227104998323,0.9986840316561161,0.36185287426804413,95ca129eae54
densenet121,A2_full,123,selected,852,0.6243607970199916,0.6392129543386875,0.6409993293091885,0.710567788578104,0.7652582159624414,0.33098591549295775,0.5477359772671114,0.5867253521126761,0.6462811959476155,0.7019230769230769,0.7652582159624414,0.6690140845070423,0.09389671361502347,0.018779342723004695,0.14084507042253522,0.30985915492957744,0.0,0.002347417840375587,0.9988427909131936,0.9991198848562736,0.374481993893202,0739973b9544
densenet121,A0_vanilla,2026,baseline,852,0.6340342524631356,0.6584137868413384,0.6559657947686118,0.7217786373955783,0.7934272300469484,0.29107981220657275,0.533033728687917,0.5849765258215962,0.665019355901491,0.7299416155049957,0.7934272300469484,0.7089201877934272,0.07981220657276995,0.01643192488262911,0.1267605633802817,0.2699530516431925,0.0,0.004694835680751174,0.9982780632253674,0.9985887325641202,0.3642438107622318,e093a90adb40
densenet121,A2_full,2026,selected,852,0.6177786594370605,0.6483404782814886,0.6394164989939638,0.7037790121007736,0.7793427230046949,0.31690140845070425,0.5181307141092166,0.5646713615023474,0.6361021881777997,0.7431834597327556,0.7793427230046949,0.6830985915492958,0.07042253521126761,0.011737089201877934,0.15023474178403756,0.3004694835680751,0.0,0.004694835680751174,0.9963582304233768,0.9967135827833782,0.37857957098631634,a3a62560e733
efficientnet_b0,A0,42,baseline,852,0.6380898851638783,0.6330888384471738,0.6597920858484239,0.7353617007207565,0.636150234741784,0.5539906103286385,0.5381455399061034,0.6218544600938967,0.6495483622985477,0.737360057782593,0.636150234741784,0.4460093896713615,0.13380281690140844,0.025821596244131457,0.22769953051643194,0.5211267605633803,0.002347417840375587,0.007042253521126761,0.9949114173940954,0.9950647683461262,0.35682153223021706,0d89b63e70a0
efficientnet_b0,A1,42,other,852,0.6374286407018008,0.6315584122974983,0.65897384305835,0.7341990125416034,0.6408450704225352,0.5610328638497653,0.5382073140597974,0.6222535211267606,0.6486286137879911,0.7352534007463585,0.6408450704225352,0.43896713615023475,0.13145539906103287,0.028169014084507043,0.22535211267605634,0.5258215962441315,0.002347417840375587,0.007042253521126761,0.9949162441264701,0.9950311333724807,0.35748760342466923,409fc0e4c135
efficientnet_b0,A2,42,other,852,0.6401783155899403,0.6331946270913869,0.6612541918175722,0.7368412352046553,0.636150234741784,0.5539906103286385,0.5431183592784778,0.6236150234741784,0.6508524833209786,0.7385939569038161,0.636150234741784,0.4460093896713615,0.13849765258215962,0.025821596244131457,0.22535211267605634,0.5211267605633803,0.0,0.007042253521126761,0.9942175746152491,0.9944123900031252,0.35403925902530875,4cfafe45668f
efficientnet_b0,A3,42,selected,852,0.6512872225528445,0.6457296807925077,0.6754661301140175,0.7350393440454936,0.676056338028169,0.539906103286385,0.5399369903632321,0.6201173708920189,0.6714713230650962,0.7618273745034309,0.676056338028169,0.460093896713615,0.11267605633802817,0.018779342723004695,0.20892018779342722,0.5164319248826291,0.002347417840375587,0.004694835680751174,0.9956619742783432,0.9955931177238092,0.3443747517254987,5ae97fab1c63
efficientnet_b0,A4,42,other,852,0.6382386651678459,0.6332151441321742,0.6599597585513078,0.7355325222067932,0.636150234741784,0.5539906103286385,0.5382073140597973,0.6219953051643192,0.6498091865030338,0.7373901528831106,0.636150234741784,0.4460093896713615,0.13615023474178403,0.025821596244131457,0.22535211267605634,0.5211267605633803,0.002347417840375587,0.007042253521126761,0.9949174508095637,0.9950745785467731,0.35667878564171784,a3a67067b985
efficientnet_b0,A5,42,other,852,0.641561418589786,0.6385069481491099,0.6650905432595573,0.7332705151094359,0.6338028169014085,0.5586854460093896,0.5332036076105757,0.6207511737089202,0.6572358125360349,0.7454556398218369,0.6338028169014085,0.4413145539906103,0.12910798122065728,0.028169014084507043,0.23708920187793428,0.5187793427230047,0.0,0.011737089201877934,0.995730755214681,0.9958208545245346,0.354169336624895,2d29f79b7ce8
efficientnet_b0,A6,42,other,852,0.6415999911834072,0.6338461393282608,0.6631388329979878,0.738632105622782,0.647887323943662,0.5610328638497653,0.5424079565109958,0.6238262910798122,0.6535568184938089,0.7410918502467799,0.647887323943662,0.43896713615023475,0.13615023474178403,0.028169014084507043,0.2136150234741784,0.5258215962441315,0.002347417840375587,0.007042253521126761,0.9946133666699648,0.9947641557691689,0.35301337548655765,13a146f3dc9d
efficientnet_b0,A0,123,baseline,852,0.6501796380788644,0.6479186417189425,0.6829845741113347,0.739612951574864,0.6549295774647887,0.5469483568075117,0.4991042747714356,0.641150234741784,0.6775389177168273,0.7549055013843746,0.6549295774647887,0.45305164319248825,0.11032863849765258,0.03051643192488263,0.2347417840375587,0.5093896713615024,0.0,0.007042253521126761,0.9954556314693297,0.9956779058865408,0.34527599339046533,d4f547063e9d
efficientnet_b0,A3,123,selected,852,0.6499096299235161,0.6551368034289211,0.6850167672702884,0.7406378804910841,0.6126760563380281,0.596244131455399,0.4882320237212751,0.6314319248826291,0.6780880213052193,0.7757915011436138,0.6126760563380281,0.40375586854460094,0.12206572769953052,0.014084507042253521,0.2652582159624413,0.5774647887323944,0.0,0.004694835680751174,0.9964885521974907,0.9966988674824082,0.3465789222739746,70bc59a84f0d
efficientnet_b0,A0,2026,baseline,852,0.6576076175362031,0.6577610540000378,0.6861032863849765,0.7441975798452689,0.647887323943662,0.5845070422535211,0.5263775636273783,0.6335680751173709,0.673475551162727,0.7857529794149513,0.647887323943662,0.4154929577464789,0.11737089201877934,0.03286384976525822,0.2347417840375587,0.5446009389671361,0.0,0.007042253521126761,0.994575959494062,0.994822316244431,0.33696834195785885,4931c756daf0
efficientnet_b0,A3,2026,selected,852,0.6526593048116556,0.6576459313337031,0.6807377598926896,0.7434591901959489,0.607981220657277,0.6009389671361502,0.5233506300963677,0.6265727699530517,0.6675177772286742,0.7859937402190923,0.607981220657277,0.39906103286384975,0.13380281690140844,0.028169014084507043,0.25586854460093894,0.568075117370892,0.002347417840375587,0.004694835680751174,0.995355476772557,0.9959301681888828,0.3426961719609014,f00878b0a041
resnet50,A0_vanilla,42,baseline,852,0.6454296986929402,0.6376466254928882,0.6690342052313883,0.7136315545857304,0.6713615023474179,0.5516431924882629,0.5367247343711391,0.6073239436619718,0.6792823216099716,0.7248705910677741,0.6713615023474179,0.44835680751173707,0.07746478873239436,0.01643192488262911,0.2511737089201878,0.5305164319248826,0.0,0.004694835680751174,0.9907893879462013,0.9919465259977326,0.3453596892532611,610316c0dc22
resnet50,A1_gate_only,42,other,852,0.6525490974013091,0.6401914468695495,0.6796177062374245,0.7181720998919967,0.6572769953051644,0.5751173708920188,0.5278910303928835,0.6226525821596244,0.6870109546165885,0.7375406283856989,0.6572769953051644,0.42488262910798125,0.07511737089201878,0.01643192488262911,0.2676056338028169,0.5563380281690141,0.0,0.002347417840375587,0.9904322097504822,0.9912934469261138,0.3378831123491731,6938ab25831b
resnet50,A2_full,42,other,852,0.6490059291586767,0.6343680509370593,0.6711737089201877,0.7145297449800525,0.6807511737089202,0.5422535211267606,0.5469174697306647,0.6135446009389672,0.6764269829503335,0.733056458408571,0.6807511737089202,0.45774647887323944,0.07981220657276995,0.014084507042253521,0.23943661971830985,0.5258215962441315,0.0,0.002347417840375587,0.9917245673437768,0.9925015030628848,0.34271863818510007,b31ba5af8547
resnet50,A3_multiply,42,selected,852,0.6480471246886641,0.6410399840505077,0.6691884641180416,0.7186294606449337,0.6784037558685446,0.5328638497652582,0.5506856931060045,0.6076291079812206,0.682604398319743,0.7161430119176598,0.6784037558685446,0.4671361502347418,0.08215962441314555,0.02112676056338028,0.23943661971830985,0.5093896713615024,0.0,0.002347417840375587,0.990183633033191,0.9911126589427688,0.3421365083445269,72eb08b5dde8
resnet50,A4_guidance_only,42,other,852,0.6492869580550596,0.6400384093366481,0.6724815560026827,0.7158963168683462,0.676056338028169,0.5422535211267606,0.5424697306646898,0.6104225352112675,0.680215797710238,0.7346214036354882,0.676056338028169,0.45774647887323944,0.07981220657276995,0.01643192488262911,0.24413145539906103,0.5234741784037559,0.0,0.002347417840375587,0.9920443383635928,0.992965385407747,0.3427573803085332,f23276f4edd3
resnet50,A5_cbam,42,other,852,0.653739337433049,0.6440479254222266,0.6799798792756538,0.7206848288478918,0.6502347417840375,0.5845070422535211,0.5328947368421053,0.6154225352112677,0.6896741070202894,0.7420849885638618,0.6502347417840375,0.4154929577464789,0.07276995305164319,0.023474178403755867,0.27699530516431925,0.5586854460093896,0.0,0.002347417840375587,0.9907109535451142,0.9916241908336288,0.33697161611206516,dc47935dec34
resnet50,A6_full_bg,42,other,852,0.6495128832462694,0.6354484369955363,0.6719047619047619,0.7155684498225661,0.6854460093896714,0.5492957746478874,0.5463923894242649,0.612488262910798,0.6772369107432116,0.735704827254123,0.6854460093896714,0.4507042253521127,0.07981220657276995,0.014084507042253521,0.2347417840375587,0.5328638497652582,0.0,0.002347417840375587,0.9918114485265193,0.9926080138127625,0.3422985652802498,50b97658e71d
resnet50,A0_vanilla,123,baseline,852,0.6436718904979171,0.6354402847227311,0.6660093896713615,0.7170534946769821,0.6502347417840375,0.5938967136150235,0.5408018285149493,0.6193427230046948,0.6693435466600773,0.7171662453352594,0.6502347417840375,0.4061032863849765,0.0892018779342723,0.025821596244131457,0.2605633802816901,0.5633802816901409,0.0,0.004694835680751174,0.9904334164335757,0.9916900593236846,0.3467615259356587,ec0782652d86
resnet50,A3_multiply,123,selected,852,0.6566102404725693,0.6491062325031153,0.6808853118712275,0.7158963168683462,0.7018779342723005,0.5164319248826291,0.5448171485050655,0.6119718309859155,0.6937923839332291,0.7385638618032985,0.7018779342723005,0.4835680751173709,0.06338028169014084,0.011737089201877934,0.2347417840375587,0.5023474178403756,0.0,0.002347417840375587,0.9911972468318535,0.9915877529455127,0.3345870063592842,58501af8c33f
resnet50,A0_vanilla,2026,baseline,852,0.6553042826599661,0.6490924857970461,0.6787860496311201,0.718337411007516,0.6901408450704225,0.5563380281690141,0.547164566345441,0.6196713615023474,0.6821376602696099,0.7460876369327074,0.6901408450704225,0.44366197183098594,0.06807511737089202,0.01643192488262911,0.24178403755868544,0.5352112676056338,0.0,0.004694835680751174,0.9913167084581245,0.992088073178491,0.3360124257981584,747b2581aca0
resnet50,A3_multiply,2026,selected,852,0.6468293328043379,0.6372111613420507,0.6702012072434608,0.7165134783662854,0.6901408450704225,0.5117370892018779,0.5391957005189029,0.6072769953051643,0.6841967987260796,0.7167750090285302,0.6901408450704225,0.48826291079812206,0.07042253521126761,0.014084507042253521,0.23943661971830985,0.4953051643192488,0.0,0.002347417840375587,0.9907218136929571,0.9914945560393698,0.34389248088861923,a45306f6d90e
vit_base_patch16_224,A0_vanilla,42,baseline,852,0.6370814873592101,0.6450302810339835,0.6597317236753857,0.7022526394674778,0.7676056338028169,0.4225352112676056,0.532771188534717,0.5807276995305164,0.6696592812234029,0.7410918502467798,0.7676056338028169,0.5774647887323944,0.056338028169014086,0.01643192488262911,0.176056338028169,0.4014084507042254,0.0,0.004694835680751174,0.9974605354294224,0.9978007632336103,0.36037904807021226,4b8ff3db5a34
vit_base_patch16_224,A1_gate_only,42,other,852,0.6345577376622804,0.6504885600560939,0.6564788732394367,0.7012414864775507,0.7112676056338029,0.48826291079812206,0.5336051396095873,0.571549295774648,0.6677236910743212,0.7424160346695557,0.7112676056338029,0.5117370892018779,0.06572769953051644,0.018779342723004695,0.22300469483568075,0.4647887323943662,0.0,0.004694835680751174,0.9971751548777752,0.99753623818046,0.3626174172154948,b933e0b6dda1
vit_base_patch16_224,A2_full,42,other,852,0.6231925984703213,0.6261878829939235,0.6448524480214621,0.6922733584606229,0.7300469483568075,0.44366197183098594,0.5234432913269088,0.5625821596244132,0.6561170139746864,0.7277898158179849,0.7300469483568075,0.5563380281690141,0.06103286384976526,0.018779342723004695,0.20892018779342722,0.41784037558685444,0.0,0.007042253521126761,0.9972173887860525,0.997578281897517,0.3740247903157312,eb447b452e4a
vit_base_patch16_224,A3_multiply,42,selected,852,0.626451982631312,0.6006874498548829,0.6484708249496982,0.6947172077850514,0.7323943661971831,0.4507042253521127,0.5250494193229553,0.5602112676056338,0.6645526178513577,0.7263452509931383,0.7323943661971831,0.5492957746478874,0.07042253521126761,0.01643192488262911,0.19718309859154928,0.4295774647887324,0.0,0.004694835680751174,0.9978877012445729,0.9982001785456518,0.37143571861326097,7742fa14678a
vit_base_patch16_224,A4_guidance_only,42,other,852,0.6341334391324472,0.638211552932486,0.6561636485580148,0.7000457360752937,0.7417840375586855,0.45305164319248825,0.5326785273041759,0.5716197183098591,0.6665911649232628,0.743725171542073,0.7417840375586855,0.5469483568075117,0.05868544600938967,0.018779342723004695,0.19953051643192488,0.4295774647887324,0.0,0.004694835680751174,0.9972584160112365,0.9975705738827233,0.3631249768787893,8080bfaf8870
vit_base_patch16_224,A5_cbam,42,other,852,0.6384976525821595,0.6467104679092939,0.6616968477531857,0.7026548965152416,0.7605633802816901,0.4272300469483568,0.5316592537682234,0.5813615023474179,0.6712379540400297,0.7456061153244252,0.7605633802816901,0.5727699530516432,0.056338028169014086,0.01643192488262911,0.18309859154929578,0.4061032863849765,0.0,0.004694835680751174,0.9975081994116213,0.9978326463857119,0.35901054682946176,cdcd066cdba0
vit_base_patch16_224,A6_full_bg,42,other,852,0.6236857766316207,0.6272608795321546,0.6455264922870557,0.6930971588529613,0.7394366197183099,0.4413145539906103,0.5231035334815913,0.562793427230047,0.6570436262800977,0.7286023835319609,0.7394366197183099,0.5586854460093896,0.051643192488262914,0.018779342723004695,0.20892018779342722,0.4154929577464789,0.0,0.007042253521126761,0.9972185954691464,0.9975775811688994,0.37353281883752565,a797565326b9
vit_base_patch16_224,A0_vanilla,123,baseline,852,0.6312515153518923,0.638793115812319,0.6564252179745137,0.6971803434062906,0.7511737089201878,0.4014084507042254,0.5153199901161354,0.5707276995305164,0.6567690744859017,0.7645961237510532,0.7511737089201878,0.5985915492957746,0.06807511737089202,0.01643192488262911,0.1807511737089202,0.38028169014084506,0.0,0.004694835680751174,0.9968487471009438,0.9970895236867295,0.36559723174905157,0af58d4e76e0
vit_base_patch16_224,A3_multiply,123,selected,852,0.6162054486543675,0.5817858814820559,0.6396478873239436,0.682671537834204,0.7089201877934272,0.47183098591549294,0.5082468495181616,0.556056338028169,0.6532891304944678,0.716293487420248,0.7089201877934272,0.528169014084507,0.07746478873239436,0.018779342723004695,0.2136150234741784,0.44835680751173707,0.0,0.004694835680751174,0.9969241647942968,0.997154341083859,0.38071871613992925,d202120b7108
vit_base_patch16_224,A0_vanilla,2026,baseline,852,0.6442945623663734,0.6459539479724132,0.6705030181086519,0.6972519782230158,0.7723004694835681,0.431924882629108,0.523597726711144,0.5846009389671362,0.6784861214068034,0.7620982304080897,0.7723004694835681,0.568075117370892,0.046948356807511735,0.014084507042253521,0.1807511737089202,0.4131455399061033,0.0,0.004694835680751174,0.9977338491501331,0.9979356534925015,0.3534392867837597,27f8a6deef82
vit_base_patch16_224,A3_multiply,2026,selected,852,0.5957178910709956,0.563235971059256,0.6134708249496983,0.6644735392007759,0.8145539906103286,0.3380281690140845,0.5139609587348654,0.5319483568075117,0.6340842324904592,0.6724148308655351,0.8145539906103286,0.6619718309859155,0.046948356807511735,0.011737089201877934,0.13849765258215962,0.3215962441314554,0.0,0.004694835680751174,0.9972855663808436,0.9975442965595626,0.40156767530984805,101fecdc8997
