model_name,n_bins,temperature,test_n,val_n_used_for_temperature_fit,before_scaling,after_scaling,run_name,backbone
resnet50_A0_vanilla,15,1.0301052331924438,3175,3175,"{'ece': 0.009468951262533665, 'brier': 0.12617406249046326}","{'ece': 0.008061797358095646, 'brier': 0.12612874805927277}",resnet50_A0_vanilla,resnet50
resnet50_A1_gate_only,15,1.034972071647644,3175,3175,"{'ece': 0.008303620852530003, 'brier': 0.12838779389858246}","{'ece': 0.007846185006201267, 'brier': 0.12835654616355896}",resnet50_A1_gate_only,resnet50
resnet50_A2_full,15,1.0372428894042969,3175,3175,"{'ece': 0.010799766518175602, 'brier': 0.1242360919713974}","{'ece': 0.008999315090477467, 'brier': 0.12418067455291748}",resnet50_A2_full,resnet50
resnet50_A3_multiply,15,1.037997126579285,3175,3175,"{'ece': 0.011620567180216312, 'brier': 0.13393975794315338}","{'ece': 0.008355305530130863, 'brier': 0.13389696180820465}",resnet50_A3_multiply,resnet50
resnet50_A4_guidance_only,15,1.028359293937683,3175,3175,"{'ece': 0.011307314038276672, 'brier': 0.12316238135099411}","{'ece': 0.008508681319653988, 'brier': 0.12311570346355438}",resnet50_A4_guidance_only,resnet50
resnet50_A5_cbam,15,1.030739188194275,3175,3175,"{'ece': 0.013612321577966213, 'brier': 0.12741553783416748}","{'ece': 0.011686098761856556, 'brier': 0.12741050124168396}",resnet50_A5_cbam,resnet50
resnet50_A6_full_bg,15,1.0352163314819336,3175,3175,"{'ece': 0.012092456221580505, 'brier': 0.12403634935617447}","{'ece': 0.011161990463733673, 'brier': 0.12398318201303482}",resnet50_A6_full_bg,resnet50
densenet121_A0_vanilla,15,1.120964765548706,3175,3175,"{'ece': 0.02500714734196663, 'brier': 0.08572463691234589}","{'ece': 0.020084019750356674, 'brier': 0.08473183959722519}",densenet121_A0_vanilla,densenet121
densenet121_A1_gate_only,15,1.122398018836975,3175,3175,"{'ece': 0.024916525930166245, 'brier': 0.0898100957274437}","{'ece': 0.019181469455361366, 'brier': 0.08879905194044113}",densenet121_A1_gate_only,densenet121
densenet121_A2_full,15,1.1233736276626587,3175,3175,"{'ece': 0.02318241074681282, 'brier': 0.08607139438390732}","{'ece': 0.01880469173192978, 'brier': 0.0850314199924469}",densenet121_A2_full,densenet121
densenet121_A3_multiply,15,1.1893821954727173,3175,3175,"{'ece': 0.029901225119829178, 'brier': 0.09138722717761993}","{'ece': 0.022381935268640518, 'brier': 0.08939492702484131}",densenet121_A3_multiply,densenet121
densenet121_A4_guidance_only,15,1.1479421854019165,3175,3175,"{'ece': 0.02850060723721981, 'brier': 0.08717619627714157}","{'ece': 0.02421647496521473, 'brier': 0.08564078062772751}",densenet121_A4_guidance_only,densenet121
densenet121_A5_cbam,15,1.0875179767608645,3175,3175,"{'ece': 0.01862368732690811, 'brier': 0.08972834795713425}","{'ece': 0.015240234322845936, 'brier': 0.08907872438430786}",densenet121_A5_cbam,densenet121
vit_base_A0_vanilla,15,1.0850714445114136,3175,3175,"{'ece': 0.01279163733124733, 'brier': 0.10209773480892181}","{'ece': 0.010890902951359749, 'brier': 0.10197576880455017}",vit_base_A0_vanilla,vit_base_patch16_224
vit_base_A1_gate_only,15,1.085498929023743,3175,3175,"{'ece': 0.017921997234225273, 'brier': 0.1070495992898941}","{'ece': 0.018136240541934967, 'brier': 0.10679657012224197}",vit_base_A1_gate_only,vit_base_patch16_224
vit_base_A2_full,15,1.070866346359253,3175,3175,"{'ece': 0.012208351865410805, 'brier': 0.10643336176872253}","{'ece': 0.011256285943090916, 'brier': 0.10636094212532043}",vit_base_A2_full,vit_base_patch16_224
vit_base_A3_multiply,15,1.0720512866973877,3175,3175,"{'ece': 0.013476303778588772, 'brier': 0.09985259920358658}","{'ece': 0.013273238204419613, 'brier': 0.09971395879983902}",vit_base_A3_multiply,vit_base_patch16_224
vit_base_A4_guidance_only,15,1.0742677450180054,3175,3175,"{'ece': 0.011347462423145771, 'brier': 0.10092246532440186}","{'ece': 0.014094378799200058, 'brier': 0.10087050497531891}",vit_base_A4_guidance_only,vit_base_patch16_224
vit_base_A5_cbam,15,1.0856300592422483,3175,3175,"{'ece': 0.01442438643425703, 'brier': 0.10229656845331192}","{'ece': 0.012339385226368904, 'brier': 0.10217732936143875}",vit_base_A5_cbam,vit_base_patch16_224
vit_base_A6_full_bg,15,1.0676158666610718,3175,3175,"{'ece': 0.010660944506525993, 'brier': 0.1059563085436821}","{'ece': 0.008940223604440689, 'brier': 0.10590602457523346}",vit_base_A6_full_bg,vit_base_patch16_224
EfficientNet-B0-A0,15,1.1145368814468384,3175,3175,"{'ece': 0.025219939649105072, 'brier': 0.13155540823936462}","{'ece': 0.01754050888121128, 'brier': 0.130619615316391}",efficientnet_b0_A0,efficientnet_b0
EfficientNet-B0-A1,15,1.1187191009521484,3175,3175,"{'ece': 0.025971924886107445, 'brier': 0.1322912573814392}","{'ece': 0.021303948014974594, 'brier': 0.1312745362520218}",efficientnet_b0_A1,efficientnet_b0
EfficientNet-B0-A2,15,1.1583126783370972,3175,3175,"{'ece': 0.03234643489122391, 'brier': 0.13779744505882263}","{'ece': 0.021621663123369217, 'brier': 0.1358938366174698}",efficientnet_b0_A2,efficientnet_b0
EfficientNet-B0-A3,15,1.041711926460266,3175,3175,"{'ece': 0.011265682056546211, 'brier': 0.12229979783296585}","{'ece': 0.009320770390331745, 'brier': 0.1222781091928482}",efficientnet_b0_A3,efficientnet_b0
EfficientNet-B0-A4,15,1.1137042045593262,3175,3175,"{'ece': 0.025615064427256584, 'brier': 0.13131225109100342}","{'ece': 0.017771083861589432, 'brier': 0.13038617372512817}",efficientnet_b0_A4,efficientnet_b0
EfficientNet-B0-A5,15,1.0943005084991455,3175,3175,"{'ece': 0.021690094843506813, 'brier': 0.1245262548327446}","{'ece': 0.014392707496881485, 'brier': 0.1237165629863739}",efficientnet_b0_A5,efficientnet_b0
EfficientNet-B0-A6,15,1.1320863962173462,3175,3175,"{'ece': 0.02799813635647297, 'brier': 0.13418281078338623}","{'ece': 0.018435664474964142, 'brier': 0.1328664869070053}",efficientnet_b0_A6,efficientnet_b0
resnet50_A0_vanilla_seed123,15,1.0259302854537964,3175,3175,"{'ece': 0.01570071652531624, 'brier': 0.12633360922336578}","{'ece': 0.014198693446815014, 'brier': 0.12641112506389618}",resnet50_A0_vanilla_seed123,resnet50
resnet50_A0_vanilla_seed2026,15,1.0304503440856934,3175,3175,"{'ece': 0.01024557463824749, 'brier': 0.12449564784765244}","{'ece': 0.010811733081936836, 'brier': 0.12452321499586105}",resnet50_A0_vanilla_seed2026,resnet50
resnet50_A3_multiply_seed123,15,1.0419443845748901,3175,3175,"{'ece': 0.010723905637860298, 'brier': 0.13145823776721954}","{'ece': 0.011448238044977188, 'brier': 0.1313951313495636}",resnet50_A3_multiply_seed123,resnet50
resnet50_A3_multiply_seed2026,15,1.037447452545166,3175,3175,"{'ece': 0.012373091652989388, 'brier': 0.13110771775245667}","{'ece': 0.011513173580169678, 'brier': 0.131119504570961}",resnet50_A3_multiply_seed2026,resnet50
densenet121_A0_vanilla_seed123,15,1.1197181940078735,3175,3175,"{'ece': 0.023125341162085533, 'brier': 0.08483769744634628}","{'ece': 0.01857767440378666, 'brier': 0.08380650728940964}",densenet121_A0_vanilla_seed123,densenet121
densenet121_A0_vanilla_seed2026,15,1.103258490562439,3175,3175,"{'ece': 0.021936094388365746, 'brier': 0.08503644168376923}","{'ece': 0.01760117895901203, 'brier': 0.08421144634485245}",densenet121_A0_vanilla_seed2026,densenet121
densenet121_A2_full_seed123,15,1.1497539281845093,3175,3175,"{'ece': 0.029152099043130875, 'brier': 0.08542263507843018}","{'ece': 0.02366037853062153, 'brier': 0.08372312784194946}",densenet121_A2_full_seed123,densenet121
densenet121_A2_full_seed2026,15,1.0677244663238525,3175,3175,"{'ece': 0.01858753152191639, 'brier': 0.08703573048114777}","{'ece': 0.013791007921099663, 'brier': 0.08655085414648056}",densenet121_A2_full_seed2026,densenet121
efficientnet_b0_A0_seed123,15,1.1020110845565796,3175,3175,"{'ece': 0.02352789044380188, 'brier': 0.13279679417610168}","{'ece': 0.01569255441427231, 'brier': 0.13198541104793549}",efficientnet_b0_A0_seed123,efficientnet_b0
efficientnet_b0_A0_seed2026,15,1.1141916513442993,3175,3175,"{'ece': 0.02296813577413559, 'brier': 0.13232120871543884}","{'ece': 0.014628049917519093, 'brier': 0.1315440684556961}",efficientnet_b0_A0_seed2026,efficientnet_b0
efficientnet_b0_A3_seed123,15,1.027742624282837,3175,3175,"{'ece': 0.01234712079167366, 'brier': 0.12056808918714523}","{'ece': 0.01184600219130516, 'brier': 0.12059120833873749}",efficientnet_b0_A3_seed123,efficientnet_b0
efficientnet_b0_A3_seed2026,15,1.0455902814865112,3175,3175,"{'ece': 0.01803160086274147, 'brier': 0.12095083296298981}","{'ece': 0.01103657390922308, 'brier': 0.12084150314331055}",efficientnet_b0_A3_seed2026,efficientnet_b0
vit_base_A0_vanilla_seed123,15,1.0671510696411133,3175,3175,"{'ece': 0.013744056224822998, 'brier': 0.1087283194065094}","{'ece': 0.011851283721625805, 'brier': 0.10858028382062912}",vit_base_A0_vanilla_seed123,vit_base_patch16_224
vit_base_A0_vanilla_seed2026,15,1.1017917394638062,3175,3175,"{'ece': 0.01625528559088707, 'brier': 0.10550794750452042}","{'ece': 0.011985868215560913, 'brier': 0.10521940141916275}",vit_base_A0_vanilla_seed2026,vit_base_patch16_224
vit_base_A3_multiply_seed123,15,1.0659338235855103,3175,3175,"{'ece': 0.01273062452673912, 'brier': 0.10480885952711105}","{'ece': 0.010461749508976936, 'brier': 0.1045575961470604}",vit_base_A3_multiply_seed123,vit_base_patch16_224
vit_base_A3_multiply_seed2026,15,1.0620158910751343,3175,3175,"{'ece': 0.011462603695690632, 'brier': 0.1038288101553917}","{'ece': 0.006457297131419182, 'brier': 0.1036832332611084}",vit_base_A3_multiply_seed2026,vit_base_patch16_224
