backbone,arm,seed,role,hospital_id,n_normal,normals_called_covid
densenet121,A0_vanilla,42,baseline,1,888,0.17342342342342343
densenet121,A0_vanilla,42,baseline,2,332,0.25903614457831325
densenet121,A0_vanilla,42,baseline,4,741,0.49527665317139
densenet121,A0_vanilla,42,baseline,6,95,0.10526315789473684
densenet121,A0_vanilla,42,baseline,7,51,0.3137254901960784
densenet121,A0_vanilla,42,baseline,11,93,0.8387096774193549
densenet121,A0_vanilla,42,baseline,15,179,0.0111731843575419
densenet121,A2_full,42,selected,1,888,0.3186936936936937
densenet121,A2_full,42,selected,2,332,0.4307228915662651
densenet121,A2_full,42,selected,4,741,0.6045883940620783
densenet121,A2_full,42,selected,6,95,0.37894736842105264
densenet121,A2_full,42,selected,7,51,0.3333333333333333
densenet121,A2_full,42,selected,11,93,0.9139784946236559
densenet121,A2_full,42,selected,15,179,0.01675977653631285
densenet121,A3_multiply,42,other,1,888,0.24662162162162163
densenet121,A3_multiply,42,other,2,332,0.3042168674698795
densenet121,A3_multiply,42,other,4,741,0.5074224021592443
densenet121,A3_multiply,42,other,6,95,0.25263157894736843
densenet121,A3_multiply,42,other,7,51,0.21568627450980393
densenet121,A3_multiply,42,other,11,93,0.7204301075268817
densenet121,A3_multiply,42,other,15,179,0.0335195530726257
densenet121,A0_vanilla,123,baseline,1,888,0.25225225225225223
densenet121,A0_vanilla,123,baseline,2,332,0.29819277108433734
densenet121,A0_vanilla,123,baseline,4,741,0.5492577597840755
densenet121,A0_vanilla,123,baseline,6,95,0.29473684210526313
densenet121,A0_vanilla,123,baseline,7,51,0.35294117647058826
densenet121,A0_vanilla,123,baseline,11,93,0.9247311827956989
densenet121,A0_vanilla,123,baseline,15,179,0.0446927374301676
densenet121,A2_full,123,selected,1,888,0.30067567567567566
densenet121,A2_full,123,selected,2,332,0.3704819277108434
densenet121,A2_full,123,selected,4,741,0.5897435897435898
densenet121,A2_full,123,selected,6,95,0.3473684210526316
densenet121,A2_full,123,selected,7,51,0.3333333333333333
densenet121,A2_full,123,selected,11,93,0.8602150537634409
densenet121,A2_full,123,selected,15,179,0.0670391061452514
densenet121,A0_vanilla,2026,baseline,1,888,0.2939189189189189
densenet121,A0_vanilla,2026,baseline,2,332,0.37650602409638556
densenet121,A0_vanilla,2026,baseline,4,741,0.6369770580296896
densenet121,A0_vanilla,2026,baseline,6,95,0.4105263157894737
densenet121,A0_vanilla,2026,baseline,7,51,0.4117647058823529
densenet121,A0_vanilla,2026,baseline,11,93,0.946236559139785
densenet121,A0_vanilla,2026,baseline,15,179,0.055865921787709494
densenet121,A2_full,2026,selected,1,888,0.2702702702702703
densenet121,A2_full,2026,selected,2,332,0.4126506024096386
densenet121,A2_full,2026,selected,4,741,0.5695006747638327
densenet121,A2_full,2026,selected,6,95,0.35789473684210527
densenet121,A2_full,2026,selected,7,51,0.3137254901960784
densenet121,A2_full,2026,selected,11,93,0.8494623655913979
densenet121,A2_full,2026,selected,15,179,0.03910614525139665
efficientnet_b0,A0,42,baseline,1,888,0.4380630630630631
efficientnet_b0,A0,42,baseline,2,332,0.3704819277108434
efficientnet_b0,A0,42,baseline,4,741,0.7449392712550608
efficientnet_b0,A0,42,baseline,6,95,0.5789473684210527
efficientnet_b0,A0,42,baseline,7,51,0.7843137254901961
efficientnet_b0,A0,42,baseline,11,93,0.956989247311828
efficientnet_b0,A0,42,baseline,15,179,0.3240223463687151
efficientnet_b0,A3,42,selected,1,888,0.45045045045045046
efficientnet_b0,A3,42,selected,2,332,0.4307228915662651
efficientnet_b0,A3,42,selected,4,741,0.7368421052631579
efficientnet_b0,A3,42,selected,6,95,0.6210526315789474
efficientnet_b0,A3,42,selected,7,51,0.7058823529411765
efficientnet_b0,A3,42,selected,11,93,0.989247311827957
efficientnet_b0,A3,42,selected,15,179,0.3016759776536313
efficientnet_b0,A0,123,baseline,1,888,0.4572072072072072
efficientnet_b0,A0,123,baseline,2,332,0.49096385542168675
efficientnet_b0,A0,123,baseline,4,741,0.7341430499325237
efficientnet_b0,A0,123,baseline,6,95,0.6842105263157895
efficientnet_b0,A0,123,baseline,7,51,0.6666666666666666
efficientnet_b0,A0,123,baseline,11,93,0.978494623655914
efficientnet_b0,A0,123,baseline,15,179,0.2849162011173184
efficientnet_b0,A3,123,selected,1,888,0.4864864864864865
efficientnet_b0,A3,123,selected,2,332,0.46987951807228917
efficientnet_b0,A3,123,selected,4,741,0.7435897435897436
efficientnet_b0,A3,123,selected,6,95,0.6947368421052632
efficientnet_b0,A3,123,selected,7,51,0.6666666666666666
efficientnet_b0,A3,123,selected,11,93,0.967741935483871
efficientnet_b0,A3,123,selected,15,179,0.2681564245810056
efficientnet_b0,A0,2026,baseline,1,888,0.4313063063063063
efficientnet_b0,A0,2026,baseline,2,332,0.37349397590361444
efficientnet_b0,A0,2026,baseline,4,741,0.7705802968960864
efficientnet_b0,A0,2026,baseline,6,95,0.6105263157894737
efficientnet_b0,A0,2026,baseline,7,51,0.6470588235294118
efficientnet_b0,A0,2026,baseline,11,93,0.9247311827956989
efficientnet_b0,A0,2026,baseline,15,179,0.21787709497206703
efficientnet_b0,A3,2026,selected,1,888,0.5112612612612613
efficientnet_b0,A3,2026,selected,2,332,0.4457831325301205
efficientnet_b0,A3,2026,selected,4,741,0.7921727395411606
efficientnet_b0,A3,2026,selected,6,95,0.6526315789473685
efficientnet_b0,A3,2026,selected,7,51,0.7450980392156863
efficientnet_b0,A3,2026,selected,11,93,0.967741935483871
efficientnet_b0,A3,2026,selected,15,179,0.26256983240223464
resnet50,A0_vanilla,42,baseline,1,888,0.39414414414414417
resnet50,A0_vanilla,42,baseline,2,332,0.46987951807228917
resnet50,A0_vanilla,42,baseline,4,741,0.5317139001349528
resnet50,A0_vanilla,42,baseline,6,95,0.45263157894736844
resnet50,A0_vanilla,42,baseline,7,51,0.7058823529411765
resnet50,A0_vanilla,42,baseline,11,93,0.967741935483871
resnet50,A0_vanilla,42,baseline,15,179,0.4860335195530726
resnet50,A3_multiply,42,selected,1,888,0.38400900900900903
resnet50,A3_multiply,42,selected,2,332,0.39457831325301207
resnet50,A3_multiply,42,selected,4,741,0.5668016194331984
resnet50,A3_multiply,42,selected,6,95,0.47368421052631576
resnet50,A3_multiply,42,selected,7,51,0.6666666666666666
resnet50,A3_multiply,42,selected,11,93,0.989247311827957
resnet50,A3_multiply,42,selected,15,179,0.39664804469273746
resnet50,A0_vanilla,123,baseline,1,888,0.3581081081081081
resnet50,A0_vanilla,123,baseline,2,332,0.40963855421686746
resnet50,A0_vanilla,123,baseline,4,741,0.48582995951417
resnet50,A0_vanilla,123,baseline,6,95,0.4105263157894737
resnet50,A0_vanilla,123,baseline,7,51,0.6274509803921569
resnet50,A0_vanilla,123,baseline,11,93,0.9139784946236559
resnet50,A0_vanilla,123,baseline,15,179,0.43575418994413406
resnet50,A3_multiply,123,selected,1,888,0.375
resnet50,A3_multiply,123,selected,2,332,0.4126506024096386
resnet50,A3_multiply,123,selected,4,741,0.5668016194331984
resnet50,A3_multiply,123,selected,6,95,0.4421052631578947
resnet50,A3_multiply,123,selected,7,51,0.7450980392156863
resnet50,A3_multiply,123,selected,11,93,0.989247311827957
resnet50,A3_multiply,123,selected,15,179,0.45251396648044695
resnet50,A0_vanilla,2026,baseline,1,888,0.34797297297297297
resnet50,A0_vanilla,2026,baseline,2,332,0.42771084337349397
resnet50,A0_vanilla,2026,baseline,4,741,0.5128205128205128
resnet50,A0_vanilla,2026,baseline,6,95,0.4
resnet50,A0_vanilla,2026,baseline,7,51,0.6470588235294118
resnet50,A0_vanilla,2026,baseline,11,93,0.946236559139785
resnet50,A0_vanilla,2026,baseline,15,179,0.49162011173184356
resnet50,A3_multiply,2026,selected,1,888,0.38063063063063063
resnet50,A3_multiply,2026,selected,2,332,0.42771084337349397
resnet50,A3_multiply,2026,selected,4,741,0.5937921727395412
resnet50,A3_multiply,2026,selected,6,95,0.5157894736842106
resnet50,A3_multiply,2026,selected,7,51,0.7058823529411765
resnet50,A3_multiply,2026,selected,11,93,0.978494623655914
resnet50,A3_multiply,2026,selected,15,179,0.4301675977653631
vit_base_patch16_224,A0_vanilla,42,baseline,1,888,0.43243243243243246
vit_base_patch16_224,A0_vanilla,42,baseline,2,332,0.3885542168674699
vit_base_patch16_224,A0_vanilla,42,baseline,4,741,0.7584345479082322
vit_base_patch16_224,A0_vanilla,42,baseline,6,95,0.45263157894736844
vit_base_patch16_224,A0_vanilla,42,baseline,7,51,0.6078431372549019
vit_base_patch16_224,A0_vanilla,42,baseline,11,93,0.9032258064516129
vit_base_patch16_224,A0_vanilla,42,baseline,15,179,0.15083798882681565
vit_base_patch16_224,A3_multiply,42,selected,1,888,0.39076576576576577
vit_base_patch16_224,A3_multiply,42,selected,2,332,0.42771084337349397
vit_base_patch16_224,A3_multiply,42,selected,4,741,0.7233468286099866
vit_base_patch16_224,A3_multiply,42,selected,6,95,0.3894736842105263
vit_base_patch16_224,A3_multiply,42,selected,7,51,0.6470588235294118
vit_base_patch16_224,A3_multiply,42,selected,11,93,0.7741935483870968
vit_base_patch16_224,A3_multiply,42,selected,15,179,0.2011173184357542
vit_base_patch16_224,A0_vanilla,123,baseline,1,888,0.38175675675675674
vit_base_patch16_224,A0_vanilla,123,baseline,2,332,0.3614457831325301
vit_base_patch16_224,A0_vanilla,123,baseline,4,741,0.6950067476383266
vit_base_patch16_224,A0_vanilla,123,baseline,6,95,0.3894736842105263
vit_base_patch16_224,A0_vanilla,123,baseline,7,51,0.5294117647058824
vit_base_patch16_224,A0_vanilla,123,baseline,11,93,0.7526881720430108
vit_base_patch16_224,A0_vanilla,123,baseline,15,179,0.08379888268156424
vit_base_patch16_224,A3_multiply,123,selected,1,888,0.45382882882882886
vit_base_patch16_224,A3_multiply,123,selected,2,332,0.4036144578313253
vit_base_patch16_224,A3_multiply,123,selected,4,741,0.7516869095816464
vit_base_patch16_224,A3_multiply,123,selected,6,95,0.4421052631578947
vit_base_patch16_224,A3_multiply,123,selected,7,51,0.6274509803921569
vit_base_patch16_224,A3_multiply,123,selected,11,93,0.8279569892473119
vit_base_patch16_224,A3_multiply,123,selected,15,179,0.2569832402234637
vit_base_patch16_224,A0_vanilla,2026,baseline,1,888,0.4144144144144144
vit_base_patch16_224,A0_vanilla,2026,baseline,2,332,0.3704819277108434
vit_base_patch16_224,A0_vanilla,2026,baseline,4,741,0.7314439946018894
vit_base_patch16_224,A0_vanilla,2026,baseline,6,95,0.4105263157894737
vit_base_patch16_224,A0_vanilla,2026,baseline,7,51,0.5490196078431373
vit_base_patch16_224,A0_vanilla,2026,baseline,11,93,0.8172043010752689
vit_base_patch16_224,A0_vanilla,2026,baseline,15,179,0.1452513966480447
vit_base_patch16_224,A3_multiply,2026,selected,1,888,0.46959459459459457
vit_base_patch16_224,A3_multiply,2026,selected,2,332,0.4819277108433735
vit_base_patch16_224,A3_multiply,2026,selected,4,741,0.7773279352226721
vit_base_patch16_224,A3_multiply,2026,selected,6,95,0.47368421052631576
vit_base_patch16_224,A3_multiply,2026,selected,7,51,0.6078431372549019
vit_base_patch16_224,A3_multiply,2026,selected,11,93,0.7849462365591398
vit_base_patch16_224,A3_multiply,2026,selected,15,179,0.22905027932960895
