backbone,arm,seed,role,n,n_cam,E1_h2_C1_covid_vs_normal,E1_within_C1_covid_vs_normal,E1_h2_C2_anypneumonia_vs_normal,E1_within_C2_anypneumonia_vs_normal,E1_h2_C3_covid_vs_pneumonia,E1_within_C3_covid_vs_pneumonia,E1_h2_C4_pneumonia_vs_normal,E1_within_C4_pneumonia_vs_normal,E1_normals_called_covid,E2_eil_post,E2_eil_pre,E2_eil_excess_post,E2_eil_excess_pre,E2_share_images_eil_above_lung_fraction,E3_LRG_blur,E3_LRG_swap,E3_dP_lung_blur,E3_dP_background_blur,E3_dP_lung_swap,E3_dP_background_swap,E3_LRG_swap_same_hospital_donor,E3_flip_lung_blur,E3_flip_background_blur,E3_flip_lung_swap,E3_flip_background_swap
densenet121,A0_vanilla,42,baseline,4792,1000,0.6825352987882763,0.6959415572828562,0.7964730895901947,0.8386054569538303,0.49817945220905646,0.5023417085427136,0.6929420739727469,0.6587306286696872,0.2967395790342551,0.37931084632873535,0.37931084632873535,-0.041544459760189056,-0.041544459760189056,0.33,-0.07684610038995743,0.08593191206455231,0.27941271662712097,0.3562588095664978,0.4770910441875458,0.3911590874195099,0.08465271443128586,0.26982470784641066,0.34891485809682804,0.49394824707846413,0.40275459098497496
densenet121,A2_full,42,selected,4792,1000,0.7005946421790313,0.7155307166870088,0.7976065160295159,0.8374865455783495,0.516409954830395,0.5213919597989949,0.6365154942915768,0.610844392232283,0.4197276104003302,0.4568077623844147,0.3931838870048523,0.03595247492194176,-0.027671383693814278,0.584,-0.1336422860622406,0.08656194806098938,0.26847922801971436,0.40212154388427734,0.5172404646873474,0.43067848682403564,0.08594121038913727,0.25918196994991655,0.4167362270450751,0.5419449081803005,0.4434474123539232
densenet121,A3_multiply,42,other,4792,1000,0.7158577001415404,0.7268438220452096,0.7989744444907658,0.8370157516477787,0.5368488882771737,0.5336934673366834,0.6152207081601515,0.5850822696816032,0.3342963268675196,0.6951639652252197,0.36556476354599,0.27430859208106995,-0.055290549993515015,0.993,0.09915825724601746,0.15304037928581238,0.48418882489204407,0.3850305676460266,0.5526202321052551,0.39957985281944275,0.14979813992977142,0.5158597662771286,0.3946160267111853,0.5644824707846411,0.4065108514190317
densenet121,A0_vanilla,123,baseline,4792,1000,0.7028256291642213,0.7121260786706923,0.8016998791011798,0.8371035267873767,0.5109795923474431,0.5108643216080402,0.6779212921555217,0.6405358483594618,0.3615352868345027,0.3823355734348297,0.3823355734348297,-0.03851969912648201,-0.03851969912648201,0.336,-0.04979370906949043,0.09052484482526779,0.3449873626232147,0.39478105306625366,0.5094218254089355,0.41889697313308716,0.08886100351810455,0.3510016694490818,0.40045909849749584,0.5348497495826378,0.4348914858096828
densenet121,A2_full,123,selected,4792,1000,0.7022085476576795,0.7163265597453303,0.7831247133864176,0.8332201418233468,0.5161284268214862,0.5188090452261307,0.6541011206397643,0.592535924151309,0.4023937267849773,0.4711351692676544,0.4104006886482239,0.0502798855304718,-0.01045460905879736,0.681,-0.00313032534904778,0.09542835503816605,0.34271734952926636,0.3458476662635803,0.5127355456352234,0.41730713844299316,0.09486006945371628,0.35058430717863104,0.34390651085141904,0.531093489148581,0.43113522537562604
densenet121,A0_vanilla,2026,baseline,4792,1000,0.7229304035626748,0.7248559988008823,0.8024424688372869,0.8358143848381302,0.5054491310168792,0.5034874371859296,0.6122744252117641,0.5872044414022439,0.4213784564589352,0.38906481862068176,0.38906481862068176,-0.03179045021533966,-0.03179045021533966,0.347,-0.08564337342977524,0.05767405778169632,0.2891078293323517,0.3747512102127075,0.4587222933769226,0.4010482132434845,0.05672941729426384,0.29152754590984975,0.3656093489148581,0.4716193656093489,0.41089315525876463
densenet121,A2_full,2026,selected,4792,1000,0.7062260503331377,0.7208625082974669,0.7947586192520949,0.838507042403372,0.5183493700028778,0.5184874371859296,0.6370021571000157,0.5830643117508153,0.3867106892282295,0.4465206265449524,0.3789713382720947,0.025665368884801865,-0.041883956640958786,0.586,-0.14617732167243958,0.0852699801325798,0.28593921661376953,0.4321165382862091,0.5082833766937256,0.4230134189128876,0.0820702537894249,0.2929883138564274,0.44303005008347246,0.5371452420701168,0.4419866444073456
efficientnet_b0,A0,42,baseline,4792,1000,0.725368522801809,0.712839839261115,0.7660034602076125,0.7767514686820075,0.5355288347242902,0.535175879396985,0.5656468669437575,0.6054915930262027,0.5464300453982666,0.5187636017799377,0.5187636017799377,0.09790831804275513,0.09790831804275513,0.878,-0.058797985315322876,0.03221673145890236,0.3517897129058838,0.41058772802352905,0.4351571202278137,0.40294042229652405,0.030259892344474792,0.3645659432387312,0.42508347245409017,0.46640233722871455,0.43009181969949917
efficientnet_b0,A3,42,selected,4792,1000,0.7360056270928989,0.7246275954119469,0.7908215908617168,0.788811240892221,0.5359730233605685,0.5324874371859296,0.5756300310411954,0.5949304728227015,0.5575732562938506,0.5694051384925842,0.5391414165496826,0.1485498696565628,0.1182861477136612,0.911,0.011157306842505932,0.07326860725879669,0.380645751953125,0.3694884479045868,0.4487593173980713,0.3754907250404358,0.07173939049243927,0.37959098497495825,0.381677796327212,0.48267946577629384,0.39336393989983304
efficientnet_b0,A0,123,baseline,4792,1000,0.6816722477301758,0.6809525848839783,0.768111372826948,0.7744560157888857,0.534152475569625,0.5279145728643216,0.6207976008838849,0.6284802076696613,0.5633512174989682,0.42118632793426514,0.42118632793426514,0.000331042887410149,0.000331042887410149,0.492,0.01568247750401497,0.05140426754951477,0.40193188190460205,0.3862493932247162,0.43487274646759033,0.38346850872039795,0.05138729512691498,0.4154841402337229,0.39336393989983304,0.46410684474123537,0.4056761268781302
efficientnet_b0,A3,123,selected,4792,1000,0.7126039976525012,0.7064945076122567,0.7835181556676533,0.7859855906912248,0.5433740819058821,0.5346432160804021,0.6129452307044773,0.6120570617869349,0.574081716879901,0.5122258067131042,0.47429344058036804,0.09137053787708282,0.05343814194202423,0.83,0.0703238844871521,0.0765146017074585,0.4045172333717346,0.3341933488845825,0.4343133270740509,0.3577987253665924,0.07685178518295288,0.4113105175292154,0.3424457429048414,0.46640233722871455,0.3829298831385643
efficientnet_b0,A0,2026,baseline,4792,1000,0.7272068215555633,0.7231750926104366,0.7765899237086755,0.7801170689841668,0.5267576732022873,0.5239798994974875,0.5845214920818645,0.6040918123488604,0.5394139496491952,0.4554358422756195,0.4554358422756195,0.034580569714307785,0.034580569714307785,0.675,0.02174779213964939,0.06702688336372375,0.3741460144519806,0.35239824652671814,0.44855377078056335,0.381526917219162,0.06781339645385742,0.38585141903171954,0.3603923205342237,0.4776711185308848,0.4000417362270451
efficientnet_b0,A3,2026,selected,4792,1000,0.7361998135809714,0.7260800982134571,0.7943990494851377,0.7899931021152922,0.5364422367087499,0.5300452261306533,0.5549665912558531,0.5771596531575595,0.5938918695831614,0.5647050738334656,0.5232052803039551,0.14384979009628296,0.10234995931386948,0.96,0.0650179386138916,0.06966209411621094,0.39671364426612854,0.33169570565223694,0.43119677901268005,0.36153465509414673,0.06986185908317566,0.39628547579298834,0.34369782971619367,0.4597245409015025,0.37875626043405675
resnet50,A0_vanilla,42,baseline,4792,1000,0.6871698829702765,0.674018400748021,0.7616547504898487,0.7746457519492287,0.5035973023360568,0.5141457286432161,0.5876650707634029,0.6229450343313383,0.48287247214197276,0.49340227246284485,0.49340227246284485,0.07254699617624283,0.07254699617624283,0.734,-0.08824648708105087,0.05401894822716713,0.3825083076953888,0.4707547724246979,0.42127978801727295,0.3672608733177185,0.05326610431075096,0.39774624373956596,0.5068864774624374,0.4586811352253756,0.39482470784641066
resnet50,A3_multiply,42,selected,4792,1000,0.7102047157109814,0.6996531123530545,0.7753314295243257,0.7811393390443326,0.5131942793508589,0.5199899497487437,0.6101699373914874,0.5979597782141073,0.4762690879075526,0.7480657696723938,0.6496565937995911,0.32721051573753357,0.22880138456821442,0.995,0.05068109557032585,0.06852506846189499,0.41195985674858093,0.3612787425518036,0.4120933711528778,0.3435683250427246,0.06740172952413559,0.4246661101836394,0.3912771285475793,0.44824707846410683,0.3647746243739566
resnet50,A0_vanilla,123,baseline,4792,1000,0.6775123416301309,0.666895070055602,0.7582414432817777,0.7736890915893684,0.5062248970858723,0.5135678391959798,0.6008049665912558,0.6385723658188244,0.43788691704498556,0.4891609847545624,0.4891609847545624,0.06830569356679916,0.06830569356679916,0.726,-0.02934284880757332,0.040890466421842575,0.401876837015152,0.4312196969985962,0.4208996593952179,0.38000917434692383,0.04066774994134903,0.4296744574290484,0.47224540901502504,0.4645242070116861,0.4184056761268781
resnet50,A3_multiply,123,selected,4792,1000,0.7119480788483447,0.6982791232164908,0.7723975486721975,0.7777506866853093,0.5127250660026776,0.5193618090452261,0.5941363708107539,0.5956102309519693,0.4803962030540652,0.7401413321495056,0.642173707485199,0.3192861080169678,0.22131839394569397,0.996,0.03745975345373154,0.06807856261730194,0.4039921760559082,0.36653241515159607,0.4095246195793152,0.34144604206085205,0.06724587827920914,0.4154841402337229,0.39398998330550916,0.44553422370617696,0.36498330550918195
resnet50,A0_vanilla,2026,baseline,4792,1000,0.693590982842545,0.682918995310593,0.7626474757160129,0.7756236911308098,0.5063625330013388,0.5172361809045226,0.58844110064713,0.6272699066102333,0.45109368551382584,0.4864637851715088,0.4864637851715088,0.06560848653316498,0.06560848653316498,0.716,-0.08762215077877045,0.039152614772319794,0.37028831243515015,0.4579105079174042,0.40684613585472107,0.3676935136318207,0.03922681882977486,0.38835559265442404,0.49165275459098495,0.4501252086811352,0.40379799666110183
resnet50,A3_multiply,2026,selected,4792,1000,0.7172731038768253,0.7046387300771575,0.7810793346395964,0.7829223269810139,0.5198070594712279,0.5256633165829145,0.6004498342715842,0.5915340506715868,0.4931902600082542,0.7403178811073303,0.6437063813209534,0.3194625973701477,0.22285106778144836,0.996,0.043232522904872894,0.07069022208452225,0.3999691307544708,0.35673660039901733,0.40822508931159973,0.3375348448753357,0.06996199488639832,0.4113105175292154,0.38981636060100167,0.4403171953255426,0.35914023372287146
vit_base_patch16_224,A0_vanilla,42,baseline,4792,1000,0.7398246280249939,0.7432067835806513,0.7944224996873306,0.7960495867475499,0.535635189749878,0.5416080402010051,0.5651075919398116,0.5307513577398871,0.5241436236070987,0.4257573187351227,0.4257573187351227,0.004902026150375605,0.004902026150375605,0.561,-0.13751406967639923,-0.0012695587938651443,0.28090405464172363,0.41841810941696167,0.5173861384391785,0.5186557769775391,-0.000512739468831569,0.28213689482470783,0.42863105175292154,0.5306761268781303,0.5300500834724541
vit_base_patch16_224,A3_multiply,42,selected,4792,1000,0.7306331342562226,0.7376644325960187,0.7879867219744028,0.7821350105773476,0.5680046545964139,0.5696130653266331,0.6280580838638397,0.589883209500508,0.5018572018159306,0.8158559799194336,0.5095328688621521,0.39500072598457336,0.08867757022380829,0.998,-0.0740455612540245,0.03768741339445114,0.3675016164779663,0.4415471851825714,0.5399761199951172,0.5022886395454407,0.038162946701049805,0.36894824707846413,0.45346410684474125,0.5469532554257095,0.5073038397328882
vit_base_patch16_224,A0_vanilla,123,baseline,4792,1000,0.7314746090378706,0.7408370984204478,0.7860116938341601,0.7915925602146324,0.5346842506975639,0.5385427135678392,0.5591755668964066,0.5456515611936269,0.4663640115559224,0.4130745828151703,0.4130745828151703,-0.007780709303915501,-0.007780709303915501,0.543,-0.1047944575548172,0.01547577790915966,0.2815680205821991,0.3863624632358551,0.5202489495277405,0.5047731995582581,0.015181302092969418,0.2831803005008347,0.3887729549248748,0.5340150250417363,0.5135642737896494
vit_base_patch16_224,A3_multiply,123,selected,4792,1000,0.7259381365001554,0.735009243199646,0.7819964981031392,0.7799849629659841,0.553402735201011,0.5614522613065327,0.6255458515283843,0.560236754782584,0.5410647957078002,0.8042812347412109,0.5035900473594666,0.3834259510040283,0.08273477107286453,0.998,-0.08708750456571579,0.03525083512067795,0.3346254825592041,0.4217129945755005,0.5347748398780823,0.4995240569114685,0.03469927981495857,0.33764607679465775,0.4323873121869783,0.5438230383973289,0.5073038397328882
vit_base_patch16_224,A0_vanilla,2026,baseline,4792,1000,0.7458530396658266,0.7541094765993589,0.7939404677533664,0.7905933422113306,0.5376747037699728,0.5433115577889447,0.5330273057294681,0.5092643690683998,0.49896822121337187,0.43239259719848633,0.43239259719848633,0.011537326499819756,0.011537326499819756,0.61,-0.1514967679977417,0.013444384559988976,0.28196799755096436,0.43346479535102844,0.5503503084182739,0.5369059443473816,0.012561919167637825,0.28130217028380633,0.44136060100166946,0.5580133555926544,0.5469532554257095
vit_base_patch16_224,A3_multiply,2026,selected,4792,1000,0.7465952635757931,0.7552943191794608,0.7908137741276525,0.7839756286561892,0.5542473192277374,0.5617587939698493,0.591795128110696,0.537394986843009,0.561287659925712,0.8116301894187927,0.49449804425239563,0.3907749354839325,0.07364275306463242,1.0,-0.10581066459417343,0.04064495861530304,0.31352055072784424,0.41933125257492065,0.5406739115715027,0.5000289678573608,0.038892097771167755,0.3128130217028381,0.42779632721202004,0.5523789649415692,0.5060517529215359
