backbone,arm,seed,role,hospital_id,n_normal,mean_p_covid,normals_called_diseased,normals_called_covid
densenet121,A0_vanilla,42,baseline,1,888,0.18325434625148773,0.17454954954954954,0.16441441441441443
densenet121,A0_vanilla,42,baseline,2,332,0.21293838322162628,0.21385542168674698,0.19879518072289157
densenet121,A0_vanilla,42,baseline,4,741,0.1774238646030426,0.26450742240215924,0.1767881241565452
densenet121,A0_vanilla,42,baseline,6,95,0.18444401025772095,0.16842105263157894,0.1368421052631579
densenet121,A0_vanilla,42,baseline,7,51,0.013484426774084568,0.058823529411764705,0.0196078431372549
densenet121,A0_vanilla,42,baseline,11,93,0.5404999852180481,0.5376344086021505,0.5376344086021505
densenet121,A0_vanilla,42,baseline,15,179,0.05662037432193756,0.0335195530726257,0.0335195530726257
densenet121,A1_gate_only,42,other,1,888,0.23791810870170593,0.22747747747747749,0.21509009009009009
densenet121,A1_gate_only,42,other,2,332,0.2785879373550415,0.27710843373493976,0.26506024096385544
densenet121,A1_gate_only,42,other,4,741,0.19085705280303955,0.2496626180836707,0.18758434547908232
densenet121,A1_gate_only,42,other,6,95,0.2098301351070404,0.18947368421052632,0.17894736842105263
densenet121,A1_gate_only,42,other,7,51,0.0417143739759922,0.0784313725490196,0.058823529411764705
densenet121,A1_gate_only,42,other,11,93,0.5554249882698059,0.5483870967741935,0.5483870967741935
densenet121,A1_gate_only,42,other,15,179,0.05269668996334076,0.0335195530726257,0.0335195530726257
densenet121,A2_bg,42,other,1,888,0.3451022803783417,0.34572072072072074,0.33896396396396394
densenet121,A2_bg,42,other,2,332,0.3612518310546875,0.33433734939759036,0.32831325301204817
densenet121,A2_bg,42,other,4,741,0.2306678593158722,0.2901484480431849,0.2213225371120108
densenet121,A2_bg,42,other,6,95,0.38474470376968384,0.3894736842105263,0.3684210526315789
densenet121,A2_bg,42,other,7,51,0.023674283176660538,0.0196078431372549,0.0
densenet121,A2_bg,42,other,11,93,0.48826926946640015,0.4946236559139785,0.4946236559139785
densenet121,A2_bg,42,other,15,179,0.04952633008360863,0.0223463687150838,0.01675977653631285
densenet121,A2_full,42,selected,1,888,0.3341296315193176,0.34459459459459457,0.33783783783783783
densenet121,A2_full,42,selected,2,332,0.33173277974128723,0.3373493975903614,0.3253012048192771
densenet121,A2_full,42,selected,4,741,0.20488891005516052,0.28475033738191635,0.20242914979757085
densenet121,A2_full,42,selected,6,95,0.3163512647151947,0.29473684210526313,0.29473684210526313
densenet121,A2_full,42,selected,7,51,0.04141101986169815,0.0784313725490196,0.0392156862745098
densenet121,A2_full,42,selected,11,93,0.6203250885009766,0.6451612903225806,0.6451612903225806
densenet121,A2_full,42,selected,15,179,0.06837157905101776,0.0446927374301676,0.0446927374301676
densenet121,A3_multiply,42,other,1,888,0.29683780670166016,0.3108108108108108,0.2972972972972973
densenet121,A3_multiply,42,other,2,332,0.25901705026626587,0.25301204819277107,0.23493975903614459
densenet121,A3_multiply,42,other,4,741,0.17501308023929596,0.2941970310391363,0.17139001349527666
densenet121,A3_multiply,42,other,6,95,0.3442341089248657,0.3473684210526316,0.3368421052631579
densenet121,A3_multiply,42,other,7,51,0.007312115281820297,0.058823529411764705,0.0
densenet121,A3_multiply,42,other,11,93,0.3431064188480377,0.3333333333333333,0.3225806451612903
densenet121,A3_multiply,42,other,15,179,0.014676676131784916,0.00558659217877095,0.00558659217877095
densenet121,A4_guidance_only,42,other,1,888,0.2894372045993805,0.2882882882882883,0.28040540540540543
densenet121,A4_guidance_only,42,other,2,332,0.30714738368988037,0.2891566265060241,0.28012048192771083
densenet121,A4_guidance_only,42,other,4,741,0.2237732708454132,0.27800269905533065,0.2145748987854251
densenet121,A4_guidance_only,42,other,6,95,0.26860111951828003,0.25263157894736843,0.24210526315789474
densenet121,A4_guidance_only,42,other,7,51,0.040770936757326126,0.09803921568627451,0.0392156862745098
densenet121,A4_guidance_only,42,other,11,93,0.6287528872489929,0.6021505376344086,0.6021505376344086
densenet121,A4_guidance_only,42,other,15,179,0.14263089001178741,0.1005586592178771,0.1005586592178771
densenet121,A5_cbam,42,other,1,888,0.3041533827781677,0.3153153153153153,0.2972972972972973
densenet121,A5_cbam,42,other,2,332,0.31724604964256287,0.3313253012048193,0.3253012048192771
densenet121,A5_cbam,42,other,4,741,0.22287794947624207,0.32118758434547906,0.2253711201079622
densenet121,A5_cbam,42,other,6,95,0.3928687274456024,0.4105263157894737,0.37894736842105264
densenet121,A5_cbam,42,other,7,51,0.01942720077931881,0.0392156862745098,0.0
densenet121,A5_cbam,42,other,11,93,0.4761306643486023,0.4838709677419355,0.4838709677419355
densenet121,A5_cbam,42,other,15,179,0.14145421981811523,0.1340782122905028,0.12849162011173185
densenet121,A0_vanilla,123,baseline,1,888,0.25626444816589355,0.2545045045045045,0.24436936936936937
densenet121,A0_vanilla,123,baseline,2,332,0.2736639380455017,0.2620481927710843,0.2469879518072289
densenet121,A0_vanilla,123,baseline,4,741,0.1801542490720749,0.25101214574898784,0.17273954116059378
densenet121,A0_vanilla,123,baseline,6,95,0.3101790249347687,0.3368421052631579,0.3157894736842105
densenet121,A0_vanilla,123,baseline,7,51,0.030549712479114532,0.058823529411764705,0.0196078431372549
densenet121,A0_vanilla,123,baseline,11,93,0.47406986355781555,0.4946236559139785,0.4946236559139785
densenet121,A0_vanilla,123,baseline,15,179,0.09554748237133026,0.061452513966480445,0.061452513966480445
densenet121,A2_full,123,selected,1,888,0.32873329520225525,0.32432432432432434,0.3186936936936937
densenet121,A2_full,123,selected,2,332,0.34343886375427246,0.3373493975903614,0.32831325301204817
densenet121,A2_full,123,selected,4,741,0.2347676157951355,0.28475033738191635,0.21997300944669365
densenet121,A2_full,123,selected,6,95,0.3291080892086029,0.30526315789473685,0.30526315789473685
densenet121,A2_full,123,selected,7,51,0.059285689145326614,0.09803921568627451,0.0784313725490196
densenet121,A2_full,123,selected,11,93,0.6316392421722412,0.6559139784946236,0.6559139784946236
densenet121,A2_full,123,selected,15,179,0.0896349623799324,0.07262569832402235,0.07262569832402235
densenet121,A0_vanilla,2026,baseline,1,888,0.2657428979873657,0.26013513513513514,0.2545045045045045
densenet121,A0_vanilla,2026,baseline,2,332,0.3248336613178253,0.3253012048192771,0.31626506024096385
densenet121,A0_vanilla,2026,baseline,4,741,0.24331967532634735,0.3157894736842105,0.24021592442645073
densenet121,A0_vanilla,2026,baseline,6,95,0.36513885855674744,0.35789473684210527,0.3473684210526316
densenet121,A0_vanilla,2026,baseline,7,51,0.037012308835983276,0.09803921568627451,0.0392156862745098
densenet121,A0_vanilla,2026,baseline,11,93,0.6141628623008728,0.5913978494623656,0.5913978494623656
densenet121,A0_vanilla,2026,baseline,15,179,0.09081736952066422,0.055865921787709494,0.055865921787709494
densenet121,A2_full,2026,selected,1,888,0.3070579171180725,0.30405405405405406,0.29842342342342343
densenet121,A2_full,2026,selected,2,332,0.2791813015937805,0.2710843373493976,0.2620481927710843
densenet121,A2_full,2026,selected,4,741,0.2445865124464035,0.31983805668016196,0.242914979757085
densenet121,A2_full,2026,selected,6,95,0.16218635439872742,0.1368421052631579,0.11578947368421053
densenet121,A2_full,2026,selected,7,51,0.062089741230010986,0.09803921568627451,0.058823529411764705
densenet121,A2_full,2026,selected,11,93,0.5223311185836792,0.5161290322580645,0.5053763440860215
densenet121,A2_full,2026,selected,15,179,0.08276887238025665,0.05027932960893855,0.05027932960893855
efficientnet_b0,A0,42,baseline,1,888,0.2624572515487671,0.28603603603603606,0.25788288288288286
efficientnet_b0,A0,42,baseline,2,332,0.23262129724025726,0.25903614457831325,0.21385542168674698
efficientnet_b0,A0,42,baseline,4,741,0.2148628830909729,0.3360323886639676,0.20242914979757085
efficientnet_b0,A0,42,baseline,6,95,0.3828616142272949,0.4105263157894737,0.3894736842105263
efficientnet_b0,A0,42,baseline,7,51,0.165414497256279,0.19607843137254902,0.09803921568627451
efficientnet_b0,A0,42,baseline,11,93,0.577326238155365,0.6236559139784946,0.6021505376344086
efficientnet_b0,A0,42,baseline,15,179,0.050297677516937256,0.0335195530726257,0.0223463687150838
efficientnet_b0,A1,42,other,1,888,0.26375383138656616,0.28716216216216217,0.26013513513513514
efficientnet_b0,A1,42,other,2,332,0.23250405490398407,0.2620481927710843,0.21987951807228914
efficientnet_b0,A1,42,other,4,741,0.21605184674263,0.3427800269905533,0.203778677462888
efficientnet_b0,A1,42,other,6,95,0.3786855936050415,0.3894736842105263,0.3684210526315789
efficientnet_b0,A1,42,other,7,51,0.16059322655200958,0.19607843137254902,0.09803921568627451
efficientnet_b0,A1,42,other,11,93,0.5754863619804382,0.6129032258064516,0.5913978494623656
efficientnet_b0,A1,42,other,15,179,0.05085619166493416,0.0335195530726257,0.0223463687150838
efficientnet_b0,A2,42,other,1,888,0.2569621801376343,0.27927927927927926,0.24774774774774774
efficientnet_b0,A2,42,other,2,332,0.23537538945674896,0.2710843373493976,0.22289156626506024
efficientnet_b0,A2,42,other,4,741,0.21015529334545135,0.33873144399460187,0.19568151147098514
efficientnet_b0,A2,42,other,6,95,0.37848442792892456,0.43157894736842106,0.4105263157894737
efficientnet_b0,A2,42,other,7,51,0.16591431200504303,0.23529411764705882,0.11764705882352941
efficientnet_b0,A2,42,other,11,93,0.5811343193054199,0.6451612903225806,0.6129032258064516
efficientnet_b0,A2,42,other,15,179,0.05369742214679718,0.03910614525139665,0.027932960893854747
efficientnet_b0,A3,42,selected,1,888,0.2756009101867676,0.2747747747747748,0.2635135135135135
efficientnet_b0,A3,42,selected,2,332,0.23481886088848114,0.2469879518072289,0.21987951807228914
efficientnet_b0,A3,42,selected,4,741,0.19344256818294525,0.3117408906882591,0.16464237516869096
efficientnet_b0,A3,42,selected,6,95,0.4824769198894501,0.5263157894736842,0.5157894736842106
efficientnet_b0,A3,42,selected,7,51,0.16757239401340485,0.19607843137254902,0.11764705882352941
efficientnet_b0,A3,42,selected,11,93,0.6310643553733826,0.6989247311827957,0.6559139784946236
efficientnet_b0,A3,42,selected,15,179,0.07197251170873642,0.0223463687150838,0.0223463687150838
efficientnet_b0,A4,42,other,1,888,0.2617102563381195,0.28603603603603606,0.25788288288288286
efficientnet_b0,A4,42,other,2,332,0.232310950756073,0.26506024096385544,0.21987951807228914
efficientnet_b0,A4,42,other,4,741,0.214947909116745,0.33738191632928477,0.20107962213225372
efficientnet_b0,A4,42,other,6,95,0.38399794697761536,0.42105263157894735,0.4
efficientnet_b0,A4,42,other,7,51,0.16623176634311676,0.19607843137254902,0.09803921568627451
efficientnet_b0,A4,42,other,11,93,0.5784282684326172,0.6236559139784946,0.6021505376344086
efficientnet_b0,A4,42,other,15,179,0.05066801235079765,0.0335195530726257,0.0223463687150838
efficientnet_b0,A5,42,other,1,888,0.27009835839271545,0.2849099099099099,0.2635135135135135
efficientnet_b0,A5,42,other,2,332,0.23557217419147491,0.2469879518072289,0.21385542168674698
efficientnet_b0,A5,42,other,4,741,0.20093601942062378,0.3292847503373819,0.18758434547908232
efficientnet_b0,A5,42,other,6,95,0.4016736149787903,0.43157894736842106,0.42105263157894735
efficientnet_b0,A5,42,other,7,51,0.1535917967557907,0.21568627450980393,0.13725490196078433
efficientnet_b0,A5,42,other,11,93,0.5719414353370667,0.6344086021505376,0.6021505376344086
efficientnet_b0,A5,42,other,15,179,0.04444800317287445,0.01675977653631285,0.0111731843575419
efficientnet_b0,A6,42,other,1,888,0.2601032853126526,0.2849099099099099,0.25563063063063063
efficientnet_b0,A6,42,other,2,332,0.2371848076581955,0.25301204819277107,0.20481927710843373
efficientnet_b0,A6,42,other,4,741,0.21197834610939026,0.33738191632928477,0.19838056680161945
efficientnet_b0,A6,42,other,6,95,0.3857486844062805,0.4,0.3894736842105263
efficientnet_b0,A6,42,other,7,51,0.16440510749816895,0.17647058823529413,0.0784313725490196
efficientnet_b0,A6,42,other,11,93,0.5850434899330139,0.6451612903225806,0.6129032258064516
efficientnet_b0,A6,42,other,15,179,0.053896382451057434,0.03910614525139665,0.027932960893854747
efficientnet_b0,A0,123,baseline,1,888,0.26433899998664856,0.28716216216216217,0.25563063063063063
efficientnet_b0,A0,123,baseline,2,332,0.27179601788520813,0.2921686746987952,0.2620481927710843
efficientnet_b0,A0,123,baseline,4,741,0.20823119580745697,0.3441295546558704,0.20512820512820512
efficientnet_b0,A0,123,baseline,6,95,0.4088793694972992,0.4631578947368421,0.4421052631578947
efficientnet_b0,A0,123,baseline,7,51,0.1371057629585266,0.13725490196078433,0.09803921568627451
efficientnet_b0,A0,123,baseline,11,93,0.4758402407169342,0.5268817204301075,0.4946236559139785
efficientnet_b0,A0,123,baseline,15,179,0.08353807032108307,0.061452513966480445,0.05027932960893855
efficientnet_b0,A3,123,selected,1,888,0.2772602438926697,0.27364864864864863,0.26126126126126126
efficientnet_b0,A3,123,selected,2,332,0.278642863035202,0.29518072289156627,0.27710843373493976
efficientnet_b0,A3,123,selected,4,741,0.20835483074188232,0.3319838056680162,0.1902834008097166
efficientnet_b0,A3,123,selected,6,95,0.4321269094944,0.47368421052631576,0.45263157894736844
efficientnet_b0,A3,123,selected,7,51,0.11917842924594879,0.1568627450980392,0.09803921568627451
efficientnet_b0,A3,123,selected,11,93,0.4826631546020508,0.5268817204301075,0.4946236559139785
efficientnet_b0,A3,123,selected,15,179,0.11600656062364578,0.0893854748603352,0.0782122905027933
efficientnet_b0,A0,2026,baseline,1,888,0.25778672099113464,0.2702702702702703,0.25225225225225223
efficientnet_b0,A0,2026,baseline,2,332,0.23917990922927856,0.25903614457831325,0.22289156626506024
efficientnet_b0,A0,2026,baseline,4,741,0.21352815628051758,0.3468286099865047,0.203778677462888
efficientnet_b0,A0,2026,baseline,6,95,0.44100451469421387,0.4631578947368421,0.45263157894736844
efficientnet_b0,A0,2026,baseline,7,51,0.1695614755153656,0.1568627450980392,0.11764705882352941
efficientnet_b0,A0,2026,baseline,11,93,0.49482980370521545,0.5268817204301075,0.5053763440860215
efficientnet_b0,A0,2026,baseline,15,179,0.06588983535766602,0.0335195530726257,0.027932960893854747
efficientnet_b0,A3,2026,selected,1,888,0.2619442045688629,0.2725225225225225,0.25675675675675674
efficientnet_b0,A3,2026,selected,2,332,0.2536202073097229,0.25903614457831325,0.24397590361445784
efficientnet_b0,A3,2026,selected,4,741,0.20330415666103363,0.358974358974359,0.1862348178137652
efficientnet_b0,A3,2026,selected,6,95,0.4165087640285492,0.42105263157894735,0.4
efficientnet_b0,A3,2026,selected,7,51,0.11929509043693542,0.11764705882352941,0.058823529411764705
efficientnet_b0,A3,2026,selected,11,93,0.4790774881839752,0.5161290322580645,0.4731182795698925
efficientnet_b0,A3,2026,selected,15,179,0.08335696160793304,0.061452513966480445,0.05027932960893855
resnet50,A0_vanilla,42,baseline,1,888,0.2506729066371918,0.2713963963963964,0.23310810810810811
resnet50,A0_vanilla,42,baseline,2,332,0.30324965715408325,0.286144578313253,0.2710843373493976
resnet50,A0_vanilla,42,baseline,4,741,0.21299688518047333,0.3292847503373819,0.20107962213225372
resnet50,A0_vanilla,42,baseline,6,95,0.3138423264026642,0.3473684210526316,0.3157894736842105
resnet50,A0_vanilla,42,baseline,7,51,0.2121759057044983,0.2549019607843137,0.17647058823529413
resnet50,A0_vanilla,42,baseline,11,93,0.6801533102989197,0.6989247311827957,0.6989247311827957
resnet50,A0_vanilla,42,baseline,15,179,0.31252530217170715,0.3016759776536313,0.3016759776536313
resnet50,A1_gate_only,42,other,1,888,0.25187045335769653,0.268018018018018,0.23198198198198197
resnet50,A1_gate_only,42,other,2,332,0.30813106894493103,0.286144578313253,0.2710843373493976
resnet50,A1_gate_only,42,other,4,741,0.21649158000946045,0.3319838056680162,0.19838056680161945
resnet50,A1_gate_only,42,other,6,95,0.3080693185329437,0.3684210526315789,0.3263157894736842
resnet50,A1_gate_only,42,other,7,51,0.21996966004371643,0.29411764705882354,0.21568627450980393
resnet50,A1_gate_only,42,other,11,93,0.6629158854484558,0.6774193548387096,0.6774193548387096
resnet50,A1_gate_only,42,other,15,179,0.3093520402908325,0.27932960893854747,0.27932960893854747
resnet50,A2_full,42,other,1,888,0.2141612470149994,0.23986486486486486,0.20495495495495494
resnet50,A2_full,42,other,2,332,0.27882182598114014,0.28313253012048195,0.2680722891566265
resnet50,A2_full,42,other,4,741,0.20350612699985504,0.33063427800269907,0.203778677462888
resnet50,A2_full,42,other,6,95,0.32088425755500793,0.35789473684210527,0.3368421052631579
resnet50,A2_full,42,other,7,51,0.21075481176376343,0.21568627450980393,0.17647058823529413
resnet50,A2_full,42,other,11,93,0.6735796928405762,0.6774193548387096,0.6774193548387096
resnet50,A2_full,42,other,15,179,0.30199143290519714,0.2905027932960894,0.2905027932960894
resnet50,A3_multiply,42,selected,1,888,0.22797074913978577,0.2511261261261261,0.21846846846846846
resnet50,A3_multiply,42,selected,2,332,0.2510596215724945,0.2620481927710843,0.24397590361445784
resnet50,A3_multiply,42,selected,4,741,0.2001916468143463,0.33738191632928477,0.17813765182186234
resnet50,A3_multiply,42,selected,6,95,0.3818941116333008,0.4,0.3894736842105263
resnet50,A3_multiply,42,selected,7,51,0.23131906986236572,0.2549019607843137,0.19607843137254902
resnet50,A3_multiply,42,selected,11,93,0.6338950395584106,0.6129032258064516,0.6129032258064516
resnet50,A3_multiply,42,selected,15,179,0.278307169675827,0.25139664804469275,0.25139664804469275
resnet50,A4_guidance_only,42,other,1,888,0.21998828649520874,0.24324324324324326,0.21171171171171171
resnet50,A4_guidance_only,42,other,2,332,0.2826681137084961,0.28012048192771083,0.25903614457831325
resnet50,A4_guidance_only,42,other,4,741,0.2033567875623703,0.3144399460188934,0.1902834008097166
resnet50,A4_guidance_only,42,other,6,95,0.3041180372238159,0.3473684210526316,0.3157894736842105
resnet50,A4_guidance_only,42,other,7,51,0.20863020420074463,0.2549019607843137,0.17647058823529413
resnet50,A4_guidance_only,42,other,11,93,0.6946699023246765,0.6881720430107527,0.6881720430107527
resnet50,A4_guidance_only,42,other,15,179,0.3146634101867676,0.27932960893854747,0.27932960893854747
resnet50,A5_cbam,42,other,1,888,0.2507898807525635,0.27815315315315314,0.23536036036036037
resnet50,A5_cbam,42,other,2,332,0.304279088973999,0.29518072289156627,0.28012048192771083
resnet50,A5_cbam,42,other,4,741,0.21417219936847687,0.340080971659919,0.20512820512820512
resnet50,A5_cbam,42,other,6,95,0.32266417145729065,0.3684210526315789,0.3263157894736842
resnet50,A5_cbam,42,other,7,51,0.2236091047525406,0.27450980392156865,0.19607843137254902
resnet50,A5_cbam,42,other,11,93,0.6675681471824646,0.6774193548387096,0.6774193548387096
resnet50,A5_cbam,42,other,15,179,0.3001841604709625,0.2681564245810056,0.2681564245810056
resnet50,A6_full_bg,42,other,1,888,0.21253789961338043,0.23536036036036037,0.20045045045045046
resnet50,A6_full_bg,42,other,2,332,0.2774984836578369,0.28313253012048195,0.2680722891566265
resnet50,A6_full_bg,42,other,4,741,0.19942714273929596,0.3184885290148448,0.19568151147098514
resnet50,A6_full_bg,42,other,6,95,0.3245695233345032,0.3473684210526316,0.3368421052631579
resnet50,A6_full_bg,42,other,7,51,0.20791494846343994,0.19607843137254902,0.1568627450980392
resnet50,A6_full_bg,42,other,11,93,0.6734108924865723,0.6666666666666666,0.6666666666666666
resnet50,A6_full_bg,42,other,15,179,0.29727479815483093,0.3016759776536313,0.3016759776536313
resnet50,A0_vanilla,123,baseline,1,888,0.21854829788208008,0.24774774774774774,0.2072072072072072
resnet50,A0_vanilla,123,baseline,2,332,0.27780744433403015,0.27710843373493976,0.2620481927710843
resnet50,A0_vanilla,123,baseline,4,741,0.20059806108474731,0.3144399460188934,0.18758434547908232
resnet50,A0_vanilla,123,baseline,6,95,0.2708073556423187,0.30526315789473685,0.2736842105263158
resnet50,A0_vanilla,123,baseline,7,51,0.22052712738513947,0.27450980392156865,0.19607843137254902
resnet50,A0_vanilla,123,baseline,11,93,0.6701558232307434,0.6774193548387096,0.6774193548387096
resnet50,A0_vanilla,123,baseline,15,179,0.31406369805336,0.2737430167597765,0.2737430167597765
resnet50,A3_multiply,123,selected,1,888,0.23001594841480255,0.24887387387387389,0.21734234234234234
resnet50,A3_multiply,123,selected,2,332,0.2724786698818207,0.2560240963855422,0.24096385542168675
resnet50,A3_multiply,123,selected,4,741,0.2112741768360138,0.3319838056680162,0.20107962213225372
resnet50,A3_multiply,123,selected,6,95,0.3861285448074341,0.43157894736842106,0.42105263157894735
resnet50,A3_multiply,123,selected,7,51,0.2433542013168335,0.27450980392156865,0.23529411764705882
resnet50,A3_multiply,123,selected,11,93,0.6445525288581848,0.6451612903225806,0.6451612903225806
resnet50,A3_multiply,123,selected,15,179,0.29228445887565613,0.2849162011173184,0.2849162011173184
resnet50,A0_vanilla,2026,baseline,1,888,0.2153850942850113,0.23310810810810811,0.20270270270270271
resnet50,A0_vanilla,2026,baseline,2,332,0.2903462052345276,0.26506024096385544,0.25
resnet50,A0_vanilla,2026,baseline,4,741,0.21138988435268402,0.3157894736842105,0.203778677462888
resnet50,A0_vanilla,2026,baseline,6,95,0.2765190601348877,0.3473684210526316,0.3157894736842105
resnet50,A0_vanilla,2026,baseline,7,51,0.2074601650238037,0.21568627450980393,0.13725490196078433
resnet50,A0_vanilla,2026,baseline,11,93,0.6899542212486267,0.7096774193548387,0.7096774193548387
resnet50,A0_vanilla,2026,baseline,15,179,0.34464317560195923,0.30726256983240224,0.30726256983240224
resnet50,A3_multiply,2026,selected,1,888,0.22983863949775696,0.24549549549549549,0.21283783783783783
resnet50,A3_multiply,2026,selected,2,332,0.2687080204486847,0.2560240963855422,0.24096385542168675
resnet50,A3_multiply,2026,selected,4,741,0.20410244166851044,0.3562753036437247,0.19973009446693657
resnet50,A3_multiply,2026,selected,6,95,0.40329670906066895,0.4421052631578947,0.43157894736842106
resnet50,A3_multiply,2026,selected,7,51,0.2216660976409912,0.2549019607843137,0.17647058823529413
resnet50,A3_multiply,2026,selected,11,93,0.6579119563102722,0.6451612903225806,0.6451612903225806
resnet50,A3_multiply,2026,selected,15,179,0.31316396594047546,0.29608938547486036,0.29608938547486036
vit_base_patch16_224,A0_vanilla,42,baseline,1,888,0.35477542877197266,0.3783783783783784,0.36261261261261263
vit_base_patch16_224,A0_vanilla,42,baseline,2,332,0.36304110288619995,0.37349397590361444,0.35843373493975905
vit_base_patch16_224,A0_vanilla,42,baseline,4,741,0.28548476099967957,0.40350877192982454,0.2793522267206478
vit_base_patch16_224,A0_vanilla,42,baseline,6,95,0.2386668622493744,0.28421052631578947,0.25263157894736843
vit_base_patch16_224,A0_vanilla,42,baseline,7,51,0.15743210911750793,0.17647058823529413,0.13725490196078433
vit_base_patch16_224,A0_vanilla,42,baseline,11,93,0.6302983164787292,0.6774193548387096,0.6559139784946236
vit_base_patch16_224,A0_vanilla,42,baseline,15,179,0.1296406388282776,0.1340782122905028,0.1340782122905028
vit_base_patch16_224,A1_gate_only,42,other,1,888,0.3199426531791687,0.3344594594594595,0.32094594594594594
vit_base_patch16_224,A1_gate_only,42,other,2,332,0.3003259599208832,0.3132530120481928,0.30120481927710846
vit_base_patch16_224,A1_gate_only,42,other,4,741,0.2368086874485016,0.340080971659919,0.2388663967611336
vit_base_patch16_224,A1_gate_only,42,other,6,95,0.17335014045238495,0.21052631578947367,0.16842105263157894
vit_base_patch16_224,A1_gate_only,42,other,7,51,0.13706696033477783,0.1568627450980392,0.13725490196078433
vit_base_patch16_224,A1_gate_only,42,other,11,93,0.5106428861618042,0.5268817204301075,0.5161290322580645
vit_base_patch16_224,A1_gate_only,42,other,15,179,0.11330094188451767,0.11173184357541899,0.11173184357541899
vit_base_patch16_224,A2_full,42,other,1,888,0.3253132700920105,0.3502252252252252,0.3333333333333333
vit_base_patch16_224,A2_full,42,other,2,332,0.31892403960227966,0.3253012048192771,0.3102409638554217
vit_base_patch16_224,A2_full,42,other,4,741,0.2537494897842407,0.3657219973009447,0.24696356275303644
vit_base_patch16_224,A2_full,42,other,6,95,0.20630228519439697,0.25263157894736843,0.22105263157894736
vit_base_patch16_224,A2_full,42,other,7,51,0.1423175185918808,0.1568627450980392,0.11764705882352941
vit_base_patch16_224,A2_full,42,other,11,93,0.5646109580993652,0.5806451612903226,0.5698924731182796
vit_base_patch16_224,A2_full,42,other,15,179,0.14071492850780487,0.1340782122905028,0.1340782122905028
vit_base_patch16_224,A3_multiply,42,selected,1,888,0.3364015519618988,0.35923423423423423,0.3367117117117117
vit_base_patch16_224,A3_multiply,42,selected,2,332,0.3589983582496643,0.3795180722891566,0.3644578313253012
vit_base_patch16_224,A3_multiply,42,selected,4,741,0.19690559804439545,0.3603238866396761,0.19433198380566802
vit_base_patch16_224,A3_multiply,42,selected,6,95,0.25346094369888306,0.2631578947368421,0.22105263157894736
vit_base_patch16_224,A3_multiply,42,selected,7,51,0.11779888719320297,0.19607843137254902,0.11764705882352941
vit_base_patch16_224,A3_multiply,42,selected,11,93,0.46938660740852356,0.5161290322580645,0.4731182795698925
vit_base_patch16_224,A3_multiply,42,selected,15,179,0.14246904850006104,0.11731843575418995,0.11731843575418995
vit_base_patch16_224,A4_guidance_only,42,other,1,888,0.33297398686408997,0.3524774774774775,0.33783783783783783
vit_base_patch16_224,A4_guidance_only,42,other,2,332,0.3281828761100769,0.32831325301204817,0.3132530120481928
vit_base_patch16_224,A4_guidance_only,42,other,4,741,0.26457884907722473,0.3684210526315789,0.25775978407557354
vit_base_patch16_224,A4_guidance_only,42,other,6,95,0.21203839778900146,0.24210526315789474,0.21052631578947367
vit_base_patch16_224,A4_guidance_only,42,other,7,51,0.13340923190116882,0.1568627450980392,0.11764705882352941
vit_base_patch16_224,A4_guidance_only,42,other,11,93,0.6004405617713928,0.6344086021505376,0.6129032258064516
vit_base_patch16_224,A4_guidance_only,42,other,15,179,0.1202167496085167,0.12290502793296089,0.12290502793296089
vit_base_patch16_224,A5_cbam,42,other,1,888,0.35284262895584106,0.37274774774774777,0.356981981981982
vit_base_patch16_224,A5_cbam,42,other,2,332,0.35850492119789124,0.35843373493975905,0.3463855421686747
vit_base_patch16_224,A5_cbam,42,other,4,741,0.28286606073379517,0.39946018893387314,0.27530364372469635
vit_base_patch16_224,A5_cbam,42,other,6,95,0.23427976667881012,0.2631578947368421,0.23157894736842105
vit_base_patch16_224,A5_cbam,42,other,7,51,0.15407714247703552,0.17647058823529413,0.13725490196078433
vit_base_patch16_224,A5_cbam,42,other,11,93,0.6320628523826599,0.6774193548387096,0.6559139784946236
vit_base_patch16_224,A5_cbam,42,other,15,179,0.12493626028299332,0.12290502793296089,0.12290502793296089
vit_base_patch16_224,A6_full_bg,42,other,1,888,0.32391420006752014,0.35135135135135137,0.3333333333333333
vit_base_patch16_224,A6_full_bg,42,other,2,332,0.3200603723526001,0.32228915662650603,0.3102409638554217
vit_base_patch16_224,A6_full_bg,42,other,4,741,0.2514685392379761,0.3643724696356275,0.24426450742240216
vit_base_patch16_224,A6_full_bg,42,other,6,95,0.20278850197792053,0.25263157894736843,0.22105263157894736
vit_base_patch16_224,A6_full_bg,42,other,7,51,0.1422700732946396,0.1568627450980392,0.11764705882352941
vit_base_patch16_224,A6_full_bg,42,other,11,93,0.5618899464607239,0.5806451612903226,0.5591397849462365
vit_base_patch16_224,A6_full_bg,42,other,15,179,0.14366735517978668,0.1340782122905028,0.1340782122905028
vit_base_patch16_224,A0_vanilla,123,baseline,1,888,0.3207751512527466,0.3490990990990991,0.31981981981981983
vit_base_patch16_224,A0_vanilla,123,baseline,2,332,0.33468636870384216,0.3644578313253012,0.3373493975903614
vit_base_patch16_224,A0_vanilla,123,baseline,4,741,0.26139500737190247,0.39946018893387314,0.25775978407557354
vit_base_patch16_224,A0_vanilla,123,baseline,6,95,0.17304843664169312,0.23157894736842105,0.16842105263157894
vit_base_patch16_224,A0_vanilla,123,baseline,7,51,0.12555207312107086,0.1568627450980392,0.11764705882352941
vit_base_patch16_224,A0_vanilla,123,baseline,11,93,0.5403595566749573,0.5376344086021505,0.5376344086021505
vit_base_patch16_224,A0_vanilla,123,baseline,15,179,0.10929650813341141,0.10614525139664804,0.10614525139664804
vit_base_patch16_224,A3_multiply,123,selected,1,888,0.37801337242126465,0.4009009009009009,0.3783783783783784
vit_base_patch16_224,A3_multiply,123,selected,2,332,0.3620206415653229,0.3825301204819277,0.3704819277108434
vit_base_patch16_224,A3_multiply,123,selected,4,741,0.2217651903629303,0.3616734143049933,0.21997300944669365
vit_base_patch16_224,A3_multiply,123,selected,6,95,0.32809382677078247,0.37894736842105264,0.3684210526315789
vit_base_patch16_224,A3_multiply,123,selected,7,51,0.139296293258667,0.19607843137254902,0.13725490196078433
vit_base_patch16_224,A3_multiply,123,selected,11,93,0.5521117448806763,0.5913978494623656,0.5806451612903226
vit_base_patch16_224,A3_multiply,123,selected,15,179,0.14393986761569977,0.12290502793296089,0.12290502793296089
vit_base_patch16_224,A0_vanilla,2026,baseline,1,888,0.315504252910614,0.3355855855855856,0.31981981981981983
vit_base_patch16_224,A0_vanilla,2026,baseline,2,332,0.26557600498199463,0.28012048192771083,0.25903614457831325
vit_base_patch16_224,A0_vanilla,2026,baseline,4,741,0.17540349066257477,0.2739541160593792,0.16464237516869096
vit_base_patch16_224,A0_vanilla,2026,baseline,6,95,0.20007531344890594,0.24210526315789474,0.18947368421052632
vit_base_patch16_224,A0_vanilla,2026,baseline,7,51,0.11046607047319412,0.17647058823529413,0.11764705882352941
vit_base_patch16_224,A0_vanilla,2026,baseline,11,93,0.4905330240726471,0.5053763440860215,0.5053763440860215
vit_base_patch16_224,A0_vanilla,2026,baseline,15,179,0.08336367458105087,0.0670391061452514,0.0670391061452514
vit_base_patch16_224,A3_multiply,2026,selected,1,888,0.3659178614616394,0.37725225225225223,0.36261261261261263
vit_base_patch16_224,A3_multiply,2026,selected,2,332,0.36352819204330444,0.3674698795180723,0.35843373493975905
vit_base_patch16_224,A3_multiply,2026,selected,4,741,0.27913084626197815,0.41700404858299595,0.27800269905533065
vit_base_patch16_224,A3_multiply,2026,selected,6,95,0.2980208098888397,0.3473684210526316,0.3157894736842105
vit_base_patch16_224,A3_multiply,2026,selected,7,51,0.15514053404331207,0.23529411764705882,0.17647058823529413
vit_base_patch16_224,A3_multiply,2026,selected,11,93,0.5670199990272522,0.6559139784946236,0.6236559139784946
vit_base_patch16_224,A3_multiply,2026,selected,15,179,0.1997886747121811,0.1787709497206704,0.1787709497206704
