backbone,arm,seed,role,n,A_h2_C1_covid_vs_normal,B_within_C1_covid_vs_normal,C_pooled_C1_covid_vs_normal,A_h2_C2_anypneumonia_vs_normal,B_within_C2_anypneumonia_vs_normal,C_pooled_C2_anypneumonia_vs_normal,A_h2_C3_covid_vs_pneumonia,B_within_C3_covid_vs_pneumonia,C_pooled_C3_covid_vs_pneumonia,A_h2_C4_pneumonia_vs_normal,B_within_C4_pneumonia_vs_normal,C_pooled_C4_pneumonia_vs_normal,D_eta2_pcovid_normals,D_eta2_pabnormal_normals,D2_h1_jpg_vs_dcm_auc,internal_C1,internal_C2,internal_C3,internal_C4,NORMAL_pred_COVID,NORMAL_pred_Lung_Opacity,NORMAL_pred_Normal,NORMAL_pred_Viral Pneumonia,COVID-19_pred_COVID,COVID-19_pred_Lung_Opacity,COVID-19_pred_Normal,COVID-19_pred_Viral Pneumonia,PNEUMONIA_pred_COVID,PNEUMONIA_pred_Lung_Opacity,PNEUMONIA_pred_Normal,PNEUMONIA_pred_Viral Pneumonia,h2_NORMAL_pred_COVID,h2_NORMAL_pred_Lung_Opacity,h2_NORMAL_pred_Normal,h2_NORMAL_pred_Viral Pneumonia,h2_COVID-19_pred_COVID,h2_COVID-19_pred_Lung_Opacity,h2_COVID-19_pred_Normal,h2_COVID-19_pred_Viral Pneumonia,h2_PNEUMONIA_pred_COVID,h2_PNEUMONIA_pred_Lung_Opacity,h2_PNEUMONIA_pred_Normal,h2_PNEUMONIA_pred_Viral Pneumonia,checkpoint_sha256_12
densenet121,A0_vanilla,42,baseline,4792,0.6426278178617048,0.6536476734973555,0.6205899197304555,0.7868845624713386,0.824527743150436,0.7548096396448346,0.5288722613580911,0.5319597989949749,0.5089798727482494,0.7727547745567422,0.7884886395126585,0.7192591682991054,0.0669944559274096,0.07317512642196225,0.5587355594239595,0.9977821164738789,0.9870427307772692,0.9986245922241831,0.9841405531701122,0.1712752785802724,0.03384234420140322,0.7936442426743706,0.0012381345439537762,0.33495539334955393,0.25060827250608275,0.3957826439578264,0.0186536901865369,0.31954225352112675,0.27992957746478875,0.38380281690140844,0.016725352112676055,0.19879518072289157,0.012048192771084338,0.786144578313253,0.0030120481927710845,0.40114613180515757,0.1833810888252149,0.40114613180515757,0.014326647564469915,0.3624454148471616,0.2663755458515284,0.34497816593886466,0.026200873362445413,8fc1931123fa
densenet121,A1_gate_only,42,other,4792,0.6517934200987331,0.6638901379699221,0.6307857016380263,0.7886824113061242,0.8196548929763929,0.7603243644216542,0.5304237934960774,0.5332412060301508,0.5267911197925591,0.7347424633029936,0.7676269335802884,0.6853688681822674,0.06844816017334501,0.06361388407777532,0.5248654850451021,0.997867187631981,0.9851950980914153,0.9987399058773196,0.981315342982531,0.20470491126702434,0.026413536937680563,0.7680561287659926,0.0008254230293025176,0.41038118410381186,0.2278994322789943,0.35279805352798055,0.008921330089213302,0.37411971830985913,0.2658450704225352,0.3485915492957746,0.011443661971830986,0.26506024096385544,0.012048192771084338,0.7228915662650602,0.0,0.5157593123209169,0.14613180515759314,0.332378223495702,0.0057306590257879654,0.44541484716157204,0.26200873362445415,0.27074235807860264,0.021834061135371178,4221691f91f0
densenet121,A2_bg,42,other,4792,0.6771843822280527,0.6933184871130526,0.6267385849116285,0.7822440280151749,0.8104269772901775,0.7458408731435604,0.5522515984534728,0.5518140703517588,0.5260518402385114,0.7407665596885358,0.7392997307020931,0.6911395633395918,0.0735297978372501,0.06336306871694378,0.5232948251305586,0.9978521040933104,0.9874408658205436,0.9988117680089844,0.9841992019032995,0.2719768881551795,0.026413536937680563,0.7011968633924887,0.0004127115146512588,0.45985401459854014,0.20437956204379562,0.3260340632603406,0.009732360097323601,0.44190140845070425,0.23503521126760563,0.31866197183098594,0.0044014084507042256,0.32831325301204817,0.006024096385542169,0.6656626506024096,0.0,0.6189111747851003,0.11461318051575932,0.2521489971346705,0.014326647564469915,0.5502183406113537,0.21397379912663755,0.2314410480349345,0.004366812227074236,4263d4a5f4b0
densenet121,A2_full,42,selected,4792,0.6417949735906376,0.6584691262856612,0.6168781938699788,0.7733511902280402,0.813362568070064,0.7481312565471568,0.5397955481037524,0.544713567839196,0.5264145191505889,0.7544325774714579,0.7791922957587356,0.6957102707038766,0.08730471996131806,0.06998450585429558,0.46014401012818484,0.9982020421904677,0.9862945388745891,0.9990273544039788,0.9830309665311229,0.271151465125877,0.03095336359884441,0.6974824597606273,0.0004127115146512588,0.41362530413625304,0.23763179237631793,0.3398215733982157,0.008921330089213302,0.3970070422535211,0.2764084507042254,0.31778169014084506,0.008802816901408451,0.3253012048192771,0.009036144578313253,0.6626506024096386,0.0030120481927710845,0.5415472779369628,0.16045845272206305,0.28939828080229224,0.008595988538681949,0.4759825327510917,0.2663755458515284,0.24890829694323144,0.008733624454148471,b53fe4be3252
densenet121,A3_multiply,42,other,4792,0.6717989436255049,0.6881794108620086,0.6034500071797745,0.7972443406845374,0.8385744253388209,0.7596998094279755,0.5679921422404625,0.564286432160804,0.513277760643341,0.7692166044089019,0.7697017353964506,0.716480268320613,0.06064776793572021,0.0522780098506285,0.46084032283589177,0.9988874381876586,0.9856647543999485,0.9995387453874539,0.9821707851110416,0.2203879488237722,0.045810978126289724,0.7313248039620306,0.0024762690879075525,0.36415247364152475,0.2822384428223844,0.3422546634225466,0.0113544201135442,0.3591549295774648,0.3019366197183099,0.3221830985915493,0.016725352112676055,0.23493975903614459,0.009036144578313253,0.7469879518072289,0.009036144578313253,0.5186246418338109,0.1833810888252149,0.28653295128939826,0.011461318051575931,0.42358078602620086,0.30131004366812225,0.25327510917030566,0.021834061135371178,f4a9ff398e02
densenet121,A4_guidance_only,42,other,4792,0.6855602927469189,0.6924869560252099,0.6249289135377745,0.7840106099137033,0.8053537515449312,0.7466191714515825,0.5626556224271468,0.5627537688442211,0.5324483396730749,0.7503288262219182,0.7654479179742734,0.7068473054588363,0.06040003597428167,0.05111856737921198,0.46429814844120904,0.998364341066563,0.9868967081940324,0.9991961468527729,0.9831707756324585,0.24803962030540652,0.025175402393726783,0.725546842756913,0.0012381345439537762,0.43876723438767234,0.2060016220600162,0.33901054339010545,0.016220600162206,0.3890845070422535,0.2640845070422535,0.33186619718309857,0.014964788732394365,0.28012048192771083,0.006024096385542169,0.7108433734939759,0.0030120481927710845,0.5902578796561605,0.11461318051575932,0.2808022922636103,0.014326647564469915,0.49344978165938863,0.21397379912663755,0.26200873362445415,0.03056768558951965,0cec3579a7c4
densenet121,A5_cbam,42,other,4792,0.6366900265819726,0.6530195641777835,0.5761846042203685,0.7815118605911535,0.8014934186377654,0.7386858422180709,0.5401208693584915,0.5459296482412059,0.4987988045874599,0.7608249592255485,0.7376109936074314,0.69805284451239,0.04676383688380361,0.0384717533648538,0.5382180724798228,0.997543193221337,0.9856234310022434,0.9984925664474036,0.9818307409408442,0.26578621543541064,0.0400330169211721,0.693768056128766,0.0004127115146512588,0.3682076236820762,0.2733171127331711,0.35360908353609083,0.004866180048661801,0.38028169014084506,0.2755281690140845,0.33274647887323944,0.011443661971830986,0.3253012048192771,0.006024096385542169,0.6686746987951807,0.0,0.5214899713467048,0.166189111747851,0.30659025787965616,0.0057306590257879654,0.45414847161572053,0.2576419213973799,0.27510917030567683,0.013100436681222707,aba1ae2e1b77
densenet121,A0_vanilla,123,baseline,4792,0.6486087616943418,0.6601571700820111,0.6133967563485776,0.7875125067745029,0.8157706213947913,0.7566320858899874,0.5422104328023923,0.5457688442211055,0.5227888009321133,0.7523412427000579,0.7834153227430017,0.7171629135107799,0.052556989413476654,0.04191039842839045,0.4702959329007754,0.9983227104998322,0.986620755312242,0.9991844483662228,0.9834462469550052,0.21295914156004953,0.03177878662814693,0.7548493602971523,0.0004127115146512588,0.39416058394160586,0.25141930251419303,0.3471208434712084,0.0072992700729927005,0.3459507042253521,0.3045774647887324,0.34330985915492956,0.006161971830985915,0.2469879518072289,0.012048192771084338,0.7379518072289156,0.0030120481927710845,0.5128939828080229,0.18051575931232092,0.3008595988538682,0.0057306590257879654,0.4148471615720524,0.28820960698689957,0.28820960698689957,0.008733624454148471,95ca129eae54
densenet121,A2_full,123,selected,4792,0.6608597714640798,0.6742503729399085,0.6278132080404103,0.7687549505982407,0.8051835209711654,0.7447780843739825,0.537067854506325,0.5438190954773869,0.5350838302320002,0.7332035565844163,0.7633707476628874,0.7064680177640337,0.07365983640209182,0.06248399271484346,0.45169330590283274,0.9988427909131936,0.9877797971497981,0.9995036499278036,0.9848757357750163,0.27404044572843583,0.02352455633512175,0.7016095749071399,0.0008254230293025176,0.4744525547445255,0.1816707218167072,0.33414436334144365,0.009732360097323601,0.41813380281690143,0.2420774647887324,0.32922535211267606,0.01056338028169014,0.32831325301204817,0.006024096385542169,0.6626506024096386,0.0030120481927710845,0.5873925501432665,0.11174785100286533,0.28939828080229224,0.011461318051575931,0.5283842794759825,0.20087336244541484,0.26200873362445415,0.008733624454148471,0739973b9544
densenet121,A0_vanilla,2026,baseline,4792,0.6747807850312425,0.6872336780796986,0.6489276027686818,0.7891566265060241,0.8144309422439582,0.7577199613873449,0.5277148684325772,0.5373668341708543,0.530168031710131,0.6954411532593255,0.75026823208411,0.6764701394499892,0.06887106128883567,0.06762752941860764,0.4687213166640291,0.9982780632253674,0.9863761923190929,0.9990189983421573,0.9832631918180871,0.25175402393726787,0.02765167148163434,0.719356170037144,0.0012381345439537762,0.47850770478507704,0.1897810218978102,0.32684509326845096,0.004866180048661801,0.44454225352112675,0.22887323943661972,0.3204225352112676,0.006161971830985915,0.31626506024096385,0.006024096385542169,0.6746987951807228,0.0030120481927710845,0.5959885386819485,0.1318051575931232,0.2693409742120344,0.0028653295128939827,0.5676855895196506,0.1965065502183406,0.2314410480349345,0.004366812227074236,e093a90adb40
densenet121,A2_full,2026,selected,4792,0.6815168985397176,0.6951314390127263,0.6517210204049527,0.7909049693584025,0.8150568942495757,0.7520580262982077,0.5394389459591347,0.5388090452261306,0.542108949316336,0.716236123533435,0.7271446132128874,0.6833979527183738,0.05595627052993629,0.05911665216973239,0.4112596929893971,0.9963582304233768,0.9860970607144021,0.9972057329268945,0.9827400925109715,0.24886504333470905,0.028477094510936857,0.7214197276104003,0.0012381345439537762,0.46715328467153283,0.17842660178426603,0.34144363341443634,0.012976480129764802,0.426056338028169,0.21566901408450703,0.3415492957746479,0.016725352112676055,0.2620481927710843,0.006024096385542169,0.7289156626506024,0.0030120481927710845,0.5444126074498568,0.11174785100286533,0.32951289398280803,0.014326647564469915,0.4672489082969432,0.2183406113537118,0.27510917030567683,0.039301310043668124,a3a62560e733
efficientnet_b0,A0,42,baseline,4792,0.7017640763627576,0.7020335039221145,0.6728867948716661,0.7908971526243381,0.8054237943330951,0.7702723843732682,0.5267826979141903,0.5306130653266332,0.5291813737249124,0.6952175514284211,0.7129928542499094,0.6450862625194004,0.07908631804028624,0.07774493835645639,0.4511473334388353,0.9949114173940955,0.9762422250424558,0.9952771538584951,0.9700938853660155,0.22988031366075112,0.058192323565827486,0.7069748245976063,0.004952538175815105,0.47526358475263586,0.2116788321167883,0.2944038929440389,0.0186536901865369,0.44278169014084506,0.21654929577464788,0.3283450704225352,0.01232394366197183,0.21385542168674698,0.024096385542168676,0.7409638554216867,0.02108433734939759,0.5272206303724928,0.15759312320916904,0.30945558739255014,0.0057306590257879654,0.5065502183406113,0.2096069868995633,0.27074235807860264,0.013100436681222707,0d89b63e70a0
efficientnet_b0,A1,42,other,4792,0.7021438188283219,0.7029613926896641,0.6730715610972035,0.7900998457497811,0.8047419854204606,0.7697474794371584,0.5266700867106268,0.5303316582914573,0.5289853986041145,0.6935997264165834,0.7094377429187914,0.6437355042346526,0.07748991669856987,0.07686057738471966,0.45159044152555783,0.9949162441264701,0.9762032856869259,0.9951902508155517,0.9699256405152558,0.23070573669005365,0.05984316962443252,0.7053239785390012,0.004127115146512587,0.4768856447688564,0.21248986212489862,0.291970802919708,0.0186536901865369,0.44366197183098594,0.2147887323943662,0.3283450704225352,0.013204225352112676,0.21987951807228914,0.024096385542168676,0.7379518072289156,0.018072289156626505,0.5300859598853869,0.15759312320916904,0.30659025787965616,0.0057306590257879654,0.5065502183406113,0.2096069868995633,0.27074235807860264,0.013100436681222707,409fc0e4c135
efficientnet_b0,A2,42,other,4792,0.7006162184554838,0.700106350327973,0.6744773910741177,0.7896386584399884,0.802857923080606,0.7698674253543544,0.5279588593736314,0.5305879396984924,0.5301273374227522,0.6983479770610828,0.7116925503719722,0.6443661971830986,0.07570353220214934,0.07382081583757698,0.45161417945877513,0.9942175746152491,0.9752667544523974,0.9946822022568051,0.968990815252936,0.22740404457284358,0.06397028477094512,0.7040858439950475,0.004539826661163846,0.47039740470397406,0.21330089213300893,0.2960259529602595,0.0202757502027575,0.4392605633802817,0.21830985915492956,0.3301056338028169,0.01232394366197183,0.22289156626506024,0.02710843373493976,0.7289156626506024,0.02108433734939759,0.5243553008595988,0.16332378223495703,0.30945558739255014,0.0028653295128939827,0.4978165938864629,0.2096069868995633,0.27510917030567683,0.017467248908296942,4cfafe45668f
efficientnet_b0,A3,42,selected,4792,0.7252131736113508,0.7242457334960708,0.6860185857417377,0.810376453912536,0.8168815532121269,0.7795633585344612,0.5474280852341687,0.5491557788944723,0.5372284905703483,0.6985584258431105,0.680710264347752,0.6228042003569083,0.11203510544946241,0.09440570210600178,0.4649865485045102,0.9956619742783431,0.9781812460116961,0.9954977538905824,0.9719694600051184,0.22988031366075112,0.05447791993396616,0.7131654973173751,0.0024762690879075525,0.4882400648824006,0.2035685320356853,0.28629359286293593,0.021897810218978103,0.45774647887323944,0.20422535211267606,0.3274647887323944,0.01056338028169014,0.21987951807228914,0.015060240963855422,0.7530120481927711,0.012048192771084338,0.5616045845272206,0.14040114613180515,0.2836676217765043,0.014326647564469915,0.49344978165938863,0.2183406113537118,0.2663755458515284,0.021834061135371178,5ae97fab1c63
efficientnet_b0,A4,42,other,4792,0.702325059550523,0.7024117970350386,0.6731960774665873,0.791394818026431,0.8056649543125965,0.7704040025874173,0.5268702844058508,0.5307336683417085,0.5293295152096684,0.6957305203346136,0.7130781200779709,0.6452784494835293,0.07929034500167759,0.07806964667964554,0.4512818483937332,0.9949174508095637,0.9762990447143004,0.9952921947697738,0.9702449502848314,0.23070573669005365,0.059017746595130004,0.7053239785390012,0.004952538175815105,0.47364152473641524,0.2141119221411192,0.2935928629359286,0.0186536901865369,0.44190140845070425,0.21654929577464788,0.32922535211267606,0.01232394366197183,0.21987951807228914,0.024096385542168676,0.7349397590361446,0.02108433734939759,0.5272206303724928,0.15759312320916904,0.30945558739255014,0.0057306590257879654,0.5065502183406113,0.2096069868995633,0.27074235807860264,0.013100436681222707,a3a67067b985
efficientnet_b0,A5,42,other,4792,0.7103773259226016,0.7127184999607432,0.6841381207869033,0.7950322049443449,0.8108569868124502,0.7730870629661188,0.5333391724327774,0.537356783919598,0.5370396547982135,0.7022018203819645,0.7096390650128254,0.6434423192061988,0.08563954086002931,0.07988885428213137,0.4537189428707074,0.995730755214681,0.9783060108855366,0.9959456388042142,0.9723154282897792,0.22905489063144863,0.05736690053652497,0.7106892282294676,0.002888980602558811,0.4906731549067315,0.20113544201135442,0.29278183292781834,0.015409570154095702,0.44630281690140844,0.21742957746478872,0.3283450704225352,0.007922535211267605,0.21385542168674698,0.02108433734939759,0.7530120481927711,0.012048192771084338,0.5530085959885387,0.1489971346704871,0.2922636103151863,0.0057306590257879654,0.5065502183406113,0.20087336244541484,0.2838427947598253,0.008733624454148471,2d29f79b7ce8
efficientnet_b0,A6,42,other,4792,0.7006334794766459,0.7002062768106322,0.6736586624732767,0.7908398299078667,0.8047561713016078,0.7705260390652615,0.5284718659676431,0.5318643216080402,0.5302654838193802,0.6990845477981796,0.7136512959221618,0.6455211354798207,0.07906903983287092,0.07669351630857696,0.4523342300996993,0.9946133666699649,0.9759577293428706,0.994972993208193,0.9698865413597976,0.22699133305819233,0.061494015683037556,0.7069748245976063,0.004539826661163846,0.47283049472830496,0.21654501216545013,0.291970802919708,0.0186536901865369,0.4410211267605634,0.22007042253521128,0.3265845070422535,0.01232394366197183,0.20481927710843373,0.02710843373493976,0.7469879518072289,0.02108433734939759,0.5329512893982808,0.16332378223495703,0.3008595988538682,0.0028653295128939827,0.5021834061135371,0.2096069868995633,0.27510917030567683,0.013100436681222707,13a146f3dc9d
efficientnet_b0,A0,123,baseline,4792,0.6888787240653157,0.6967659507647944,0.6829552152777568,0.776264226455997,0.8036337134558402,0.7672523953034162,0.5371304162860825,0.5406733668341709,0.5381555349942314,0.7137765033934866,0.6934669796238356,0.6404625130062256,0.056655629634882305,0.05564578009481658,0.48329640765943976,0.9954556314693297,0.9733402497045774,0.9959857479009573,0.9663024521094586,0.23607098638052001,0.061494015683037556,0.7011968633924887,0.0012381345439537762,0.49229521492295214,0.20113544201135442,0.28872668288726683,0.017842660178426603,0.44014084507042256,0.21566901408450703,0.3371478873239437,0.007042253521126761,0.2620481927710843,0.024096385542168676,0.7078313253012049,0.006024096385542169,0.5415472779369628,0.1318051575931232,0.31805157593123207,0.008595988538681949,0.4847161572052402,0.17903930131004367,0.3318777292576419,0.004366812227074236,d4f547063e9d
efficientnet_b0,A3,123,selected,4792,0.7045776228121655,0.706501645218161,0.670202329058606,0.7999880143411014,0.8115290429317961,0.7759454691191963,0.5315123684638581,0.5368844221105528,0.525463914876118,0.7110932814226337,0.6907218936593015,0.6430492260205891,0.05877792436727164,0.05353835044866935,0.5190457350846653,0.9964885521974906,0.9758226336196039,0.9969901465319001,0.9698344091525198,0.2373091209244738,0.053652496904663644,0.7073875361122576,0.0016508460586050352,0.48742903487429035,0.20519059205190593,0.28872668288726683,0.0186536901865369,0.44190140845070425,0.20950704225352113,0.3389084507042254,0.009683098591549295,0.27710843373493976,0.009036144578313253,0.7048192771084337,0.009036144578313253,0.5730659025787965,0.12607449856733524,0.2836676217765043,0.017191977077363897,0.5502183406113537,0.15283842794759825,0.2794759825327511,0.017467248908296942,70bc59a84f0d
efficientnet_b0,A0,2026,baseline,4792,0.7068301860738081,0.7102774387414973,0.6847017916633613,0.7822049443448534,0.8014916454026219,0.763661421856498,0.5266200372868207,0.5295477386934674,0.5314784591572141,0.6640053664439417,0.6966194467668856,0.6364923444920452,0.06244488759619953,0.0678347391699637,0.4833755341034974,0.994575959494062,0.9736384536466707,0.9951635114177229,0.9662408413190396,0.22781675608749485,0.055716054477919934,0.7139909203466777,0.0024762690879075525,0.48905109489051096,0.18896999188969993,0.3073803730738037,0.014598540145985401,0.4454225352112676,0.20422535211267606,0.34066901408450706,0.009683098591549295,0.22289156626506024,0.024096385542168676,0.7409638554216867,0.012048192771084338,0.5386819484240688,0.1318051575931232,0.32664756446991405,0.0028653295128939827,0.4978165938864629,0.1615720524017467,0.3318777292576419,0.008733624454148471,4931c756daf0
efficientnet_b0,A3,2026,selected,4792,0.7006162184554838,0.7041248224520531,0.6685906454065007,0.7992819026972944,0.8101175477576555,0.7731772183940766,0.5401709187822975,0.5402211055276382,0.5290964154758233,0.6911138001788815,0.6863875473995107,0.6260001714787279,0.060081814583181715,0.0690733504207979,0.5181832568444374,0.9953554767725571,0.9766888356099611,0.9967260949783411,0.9708450630799708,0.22451506397028478,0.06438299628559636,0.7098638052001651,0.0012381345439537762,0.47364152473641524,0.23276561232765614,0.27899432278994324,0.014598540145985401,0.4198943661971831,0.23503521126760563,0.3362676056338028,0.008802816901408451,0.24397590361445784,0.012048192771084338,0.7409638554216867,0.0030120481927710845,0.5444126074498568,0.166189111747851,0.28653295128939826,0.0028653295128939827,0.4978165938864629,0.20087336244541484,0.2925764192139738,0.008733624454148471,f00878b0a041
resnet50,A0_vanilla,42,baseline,4792,0.6687092208375047,0.6659743188939566,0.657462162253532,0.781788051861425,0.7747423932645436,0.758807923991396,0.49606486405325256,0.5216180904522613,0.5253068492055333,0.6857473562371758,0.7195914819437766,0.6402419884557032,0.07275974256686467,0.04607261700094674,0.4909479347998101,0.9907893879462012,0.9770651169332953,0.9935491202738115,0.9761589937536137,0.2509286009079653,0.0540652084193149,0.6896409409822534,0.005365249690466364,0.47364152473641524,0.2278994322789943,0.29278183292781834,0.0056772100567721,0.44014084507042256,0.2130281690140845,0.33274647887323944,0.014084507042253521,0.2710843373493976,0.009036144578313253,0.713855421686747,0.006024096385542169,0.5644699140401146,0.13753581661891118,0.29512893982808025,0.0028653295128939827,0.5633187772925764,0.1615720524017467,0.2576419213973799,0.017467248908296942,610316c0dc22
resnet50,A1_gate_only,42,other,4792,0.6821469258121311,0.6771018464986476,0.6702167220797982,0.7885026264226456,0.7792703492031968,0.762099860158914,0.49302436155703755,0.5164623115577889,0.5262685194704316,0.678000210448782,0.7068063447250058,0.6346137078351246,0.06760814970421627,0.04197207843556692,0.5021918025003956,0.9904322097504821,0.9762843431208861,0.9924862292101182,0.9749824646211884,0.2492777548493603,0.05736690053652497,0.6900536524969046,0.0033016921172100704,0.49716139497161393,0.22060016220600162,0.28061638280616386,0.0016220600162206002,0.4507042253521127,0.21390845070422534,0.3274647887323944,0.007922535211267605,0.2710843373493976,0.009036144578313253,0.713855421686747,0.006024096385542169,0.5873925501432665,0.1489971346704871,0.2636103151862464,0.0,0.5720524017467249,0.17467248908296942,0.2445414847161572,0.008733624454148471,6938ab25831b
resnet50,A2_full,42,other,4792,0.6708582179721753,0.6665810153958159,0.664673065870833,0.7883541084754242,0.7786310979340038,0.763200627446936,0.49814191514120193,0.5198994974874371,0.5272266200609986,0.7048981954016941,0.7287291365176962,0.6453561961949161,0.08030241923046713,0.05889425248407837,0.5190061718626365,0.9917245673437768,0.9781411146350787,0.9935775308840045,0.9772288888256984,0.23895996698307884,0.052827073875361126,0.70491126702435,0.0033016921172100704,0.44768856447688565,0.2441200324412003,0.30413625304136255,0.0040551500405515,0.4137323943661972,0.2262323943661972,0.3512323943661972,0.008802816901408451,0.2680722891566265,0.009036144578313253,0.7168674698795181,0.006024096385542169,0.5186246418338109,0.16332378223495703,0.3123209169054441,0.0057306590257879654,0.5021834061135371,0.1965065502183406,0.28820960698689957,0.013100436681222707,b31ba5af8547
resnet50,A3_multiply,42,selected,4792,0.6780646943073152,0.6697858004468141,0.6465080689619853,0.7941593363071664,0.7844827739071996,0.7651386642746008,0.5066753419001264,0.5253969849246232,0.5112965913893743,0.7154732466985847,0.7296717976168201,0.646488973045869,0.0693867543783939,0.05669209165218791,0.49370153505301473,0.990183633033191,0.9757662112881218,0.9923993261671747,0.974856873394565,0.23070573669005365,0.062319438712340074,0.7032604209657449,0.003714403631861329,0.44038929440389296,0.26277372262773724,0.291970802919708,0.004866180048661801,0.4198943661971831,0.23591549295774647,0.3371478873239437,0.007042253521126761,0.24397590361445784,0.012048192771084338,0.7379518072289156,0.006024096385542169,0.4871060171919771,0.17478510028653296,0.335243553008596,0.0028653295128939827,0.462882096069869,0.20087336244541484,0.3231441048034934,0.013100436681222707,72eb08b5dde8
resnet50,A4_guidance_only,42,other,4792,0.670521628059516,0.66677373075523,0.6647841933832939,0.7912046108308667,0.7793669905185117,0.7633382560229488,0.49702831546151827,0.5199597989949749,0.5287198148338531,0.6982953648655759,0.7261782671615242,0.6434063522696227,0.08601891886168571,0.05949399403123713,0.5176451970248457,0.992044338363593,0.9782869385481342,0.9942410021926307,0.977549975829613,0.2352455633512175,0.053652496904663644,0.70821295914156,0.002888980602558811,0.4606650446066504,0.23276561232765614,0.30413625304136255,0.0024330900243309003,0.41901408450704225,0.22535211267605634,0.34507042253521125,0.01056338028169014,0.25903614457831325,0.015060240963855422,0.7198795180722891,0.006024096385542169,0.5329512893982808,0.14613180515759314,0.31805157593123207,0.0028653295128939827,0.5021834061135371,0.19213973799126638,0.2838427947598253,0.021834061135371178,f23276f4edd3
resnet50,A5_cbam,42,other,4792,0.6809731763731143,0.6748249502151988,0.6649713026587927,0.790433359736524,0.781360106819685,0.7619674579845218,0.4981168904292989,0.5213467336683417,0.526749711570314,0.6788946177723997,0.711934136884813,0.6384011352473072,0.06951764984810217,0.04435126743216153,0.5075803133407185,0.9907109535451143,0.9766765180587221,0.9928889913899139,0.9756507047326566,0.2521667354519191,0.059430458109781266,0.684275691291787,0.004127115146512587,0.48337388483373883,0.2278994322789943,0.28386050283860503,0.004866180048661801,0.44454225352112675,0.22183098591549297,0.3257042253521127,0.007922535211267605,0.28012048192771083,0.009036144578313253,0.7048192771084337,0.006024096385542169,0.5787965616045845,0.14613180515759314,0.2722063037249284,0.0028653295128939827,0.5589519650655022,0.19213973799126638,0.2445414847161572,0.004366812227074236,dc47935dec34
resnet50,A6_full_bg,42,other,4792,0.6713070045223876,0.667273363168526,0.6665910196250517,0.7893468337015883,0.7795593865315698,0.76478657901875,0.49694072896985775,0.5188140703517587,0.5278156163256914,0.7027279423370337,0.7292217835242735,0.645672632576308,0.08193367034471655,0.05894904173439051,0.5194413673049533,0.9918114485265193,0.9782054837738117,0.9937112278731483,0.9773675131041412,0.23483285183656624,0.051176227816756084,0.7106892282294676,0.0033016921172100704,0.44931062449310627,0.24168694241686942,0.30494728304947283,0.0040551500405515,0.414612676056338,0.22975352112676056,0.34683098591549294,0.008802816901408451,0.2680722891566265,0.009036144578313253,0.7168674698795181,0.006024096385542169,0.5157593123209169,0.166189111747851,0.3151862464183381,0.0028653295128939827,0.5109170305676856,0.19213973799126638,0.2794759825327511,0.017467248908296942,50b97658e71d
resnet50,A0_vanilla,123,baseline,4792,0.6668191390202645,0.6602927845941914,0.6528346385795226,0.7888804352357527,0.7762549628418576,0.7599152242814439,0.49045932858697966,0.5153165829145728,0.5189935231828929,0.6936523386120903,0.727227510545725,0.6503835746630007,0.07969985237126158,0.05304333165571972,0.5232948251305586,0.9904334164335757,0.9761603729277707,0.9934304641959463,0.975287556516052,0.23194387123400742,0.05530334296326868,0.70821295914156,0.004539826661163846,0.43552311435523117,0.25060827250608275,0.30413625304136255,0.009732360097323601,0.4102112676056338,0.22975352112676056,0.34507042253521125,0.014964788732394365,0.2620481927710843,0.006024096385542169,0.7228915662650602,0.009036144578313253,0.5100286532951289,0.1518624641833811,0.3209169054441261,0.017191977077363897,0.5065502183406113,0.18340611353711792,0.28820960698689957,0.021834061135371178,ec0782652d86
resnet50,A3_multiply,123,selected,4792,0.6780819553284773,0.6692005167626675,0.656307373343924,0.786144578313253,0.7798262584206503,0.7638667323334994,0.5051238097621401,0.5227437185929649,0.5116371383205968,0.7009391276897985,0.7295699523221911,0.64661540227747,0.06744009648573464,0.05141507747086994,0.48119164424750754,0.9911972468318535,0.9758846187161615,0.9921285897641585,0.9751619652894286,0.24349979364424268,0.052414362360709864,0.7003714403631861,0.003714403631861329,0.46634225466342255,0.23276561232765614,0.2935928629359286,0.0072992700729927005,0.44366197183098594,0.21654929577464788,0.33186619718309857,0.007922535211267605,0.24096385542168675,0.009036144578313253,0.7439759036144579,0.006024096385542169,0.5243553008595988,0.15759312320916904,0.3123209169054441,0.0057306590257879654,0.519650655021834,0.18777292576419213,0.2794759825327511,0.013100436681222707,58501af8c33f
resnet50,A0_vanilla,2026,baseline,4792,0.6858494148513826,0.6802780811260287,0.6748040791830388,0.7861602117813816,0.7738061251088323,0.7619851406433387,0.49996871911012125,0.5246532663316583,0.5290489388072147,0.6799074025359079,0.7206691472706646,0.6396567083059645,0.0868531366657553,0.058142190745536164,0.5362794746004115,0.9913167084581245,0.9773515993346933,0.9931563853682015,0.9762632581681691,0.23772183243912506,0.04746182418489476,0.7111019397441188,0.003714403631861329,0.48986212489862124,0.2035685320356853,0.30170316301703165,0.004866180048661801,0.4375,0.19806338028169015,0.3512323943661972,0.013204225352112676,0.25,0.009036144578313253,0.7349397590361446,0.006024096385542169,0.5787965616045845,0.11174785100286533,0.3008595988538682,0.008595988538681949,0.5633187772925764,0.14847161572052403,0.27510917030567683,0.013100436681222707,747b2581aca0
resnet50,A3_multiply,2026,selected,4792,0.671945662305382,0.6652320078799169,0.6505207093818064,0.7916605869846167,0.7805062940981414,0.764206100012073,0.5051738591859462,0.5239597989949749,0.5159475200758484,0.7081733045719998,0.7310952632464016,0.6436773758523074,0.07626786483569996,0.05687247438269986,0.4975629055230258,0.9907218136929571,0.9763753340639099,0.9925647761912402,0.9754244035601558,0.24102352455633513,0.061494015683037556,0.693768056128766,0.003714403631861329,0.45498783454987834,0.25547445255474455,0.28386050283860503,0.0056772100567721,0.43133802816901406,0.23151408450704225,0.3301056338028169,0.007042253521126761,0.24096385542168675,0.009036144578313253,0.7439759036144579,0.006024096385542169,0.5186246418338109,0.16905444126074498,0.30659025787965616,0.0057306590257879654,0.4890829694323144,0.2052401746724891,0.2925764192139738,0.013100436681222707,a45306f6d90e
vit_base_patch16_224,A0_vanilla,42,baseline,4792,0.7149773880622777,0.7223043046901209,0.7051132714031756,0.7801100596156252,0.7770032680723693,0.7475879720986808,0.5450695061373106,0.5506080402010051,0.5700252304581749,0.6622691639922134,0.6328619238339306,0.6070034528259113,0.05287313311920308,0.059958040636489365,0.5333517961702801,0.9974605354294224,0.981181960429668,0.9982719664153163,0.9743396982019128,0.3165497317375155,0.04746182418489476,0.6339248865043334,0.0020635575732562937,0.6042173560421735,0.145985401459854,0.23682076236820762,0.012976480129764802,0.5044014084507042,0.1505281690140845,0.3362676056338028,0.008802816901408451,0.35843373493975905,0.012048192771084338,0.6265060240963856,0.0030120481927710845,0.6790830945558739,0.11174785100286533,0.20057306590257878,0.008595988538681949,0.6157205240174672,0.1222707423580786,0.24890829694323144,0.013100436681222707,4b8ff3db5a34
vit_base_patch16_224,A1_gate_only,42,other,4792,0.7155728932923672,0.7240601557425609,0.7093563675227836,0.7871763872097386,0.7852647706054356,0.7553139002945426,0.5453260094343164,0.5503869346733669,0.5707131067018494,0.678342189719577,0.6599338242434434,0.6232394366197183,0.044316641498825145,0.04705530397262832,0.545608482354803,0.9971751548777751,0.9803916504485576,0.9980363254719504,0.9735304641662165,0.27073875361122574,0.03838217086256707,0.6884028064382997,0.0024762690879075525,0.5579886455798865,0.1516626115166261,0.26926196269261965,0.021086780210867802,0.45774647887323944,0.1637323943661972,0.36795774647887325,0.01056338028169014,0.30120481927710846,0.009036144578313253,0.6867469879518072,0.0030120481927710845,0.6045845272206304,0.12607449856733524,0.25501432664756446,0.014326647564469915,0.5414847161572053,0.14410480349344978,0.28820960698689957,0.026200873362445413,b933e0b6dda1
vit_base_patch16_224,A2_full,42,other,4792,0.7171824835157248,0.7250558517662006,0.7094531020140523,0.7856078292408388,0.7796923791673243,0.7540200174666342,0.5426921585065252,0.5497939698492462,0.5733835800692231,0.6818014415741569,0.6522622682131362,0.6202153075282067,0.04368821672143592,0.04847356617074007,0.546597562905523,0.9972173887860527,0.9803018515266214,0.9980781057810578,0.9736525009241619,0.2843582335947173,0.04539826661163846,0.6677672307057367,0.0024762690879075525,0.5815085158150851,0.1411192214111922,0.2522303325223033,0.025141930251419302,0.47183098591549294,0.16725352112676056,0.3485915492957746,0.01232394366197183,0.3102409638554217,0.012048192771084338,0.6746987951807228,0.0030120481927710845,0.6275071633237822,0.12034383954154727,0.23782234957020057,0.014326647564469915,0.5633187772925764,0.13973799126637554,0.27510917030567683,0.021834061135371178,eb447b452e4a
vit_base_patch16_224,A3_multiply,42,selected,4792,0.7005212828390928,0.7101632370470297,0.6937816123464006,0.7790417726268395,0.7821775682207891,0.7478653198113547,0.5756559602607575,0.5731557788944723,0.5896559405092354,0.7521571000157836,0.7001556101362122,0.6557295693268153,0.05388250426762375,0.03933537875701381,0.5291739199240386,0.9978877012445729,0.9825392751081362,0.9986329482860046,0.976792281589748,0.2715641766405283,0.06520841931489889,0.6619892695006191,0.0012381345439537762,0.5490673154906731,0.17437145174371452,0.26682887266828875,0.009732360097323601,0.4242957746478873,0.22975352112676056,0.34066901408450706,0.00528169014084507,0.3644578313253012,0.015060240963855422,0.6204819277108434,0.0,0.6504297994269341,0.12034383954154727,0.22349570200573066,0.0057306590257879654,0.5589519650655022,0.1703056768558952,0.2576419213973799,0.013100436681222707,7742fa14678a
vit_base_patch16_224,A4_guidance_only,42,other,4792,0.7201298028791383,0.7272292527640378,0.7069744898761832,0.7861341560011673,0.7811437721321911,0.7506931515149509,0.5443625580260507,0.5506633165829146,0.569064988063009,0.6750539275003946,0.6442070159565523,0.6182204141065958,0.052294400489318424,0.05750537226696045,0.539792688716569,0.9972584160112367,0.9812749380745045,0.9980029012246644,0.9747715661462925,0.29013619479983493,0.04292199752373091,0.6648782501031779,0.0020635575732562937,0.5758313057583131,0.15328467153284672,0.2546634225466342,0.016220600162206,0.4744718309859155,0.15845070422535212,0.3573943661971831,0.009683098591549295,0.3132530120481928,0.012048192771084338,0.6716867469879518,0.0030120481927710845,0.6389684813753582,0.12320916905444126,0.22636103151862463,0.011461318051575931,0.5676855895196506,0.13973799126637554,0.27074235807860264,0.021834061135371178,8080bfaf8870
vit_base_patch16_224,A5_cbam,42,other,4792,0.7150119101046017,0.7224220751875406,0.7044249167966222,0.7799823862925751,0.7777542331555961,0.7473583588541428,0.5456638430450069,0.551035175879397,0.5687697759957964,0.6636633871731468,0.6325398084834762,0.6078782849802072,0.054292031072873545,0.06095244489855206,0.5332647570818168,0.9975081994116213,0.9813095066860463,0.9982819936895021,0.9744907631207287,0.30994634750309535,0.04746182418489476,0.6409409822534049,0.0016508460586050352,0.5952960259529603,0.145985401459854,0.24330900243309003,0.015409570154095702,0.5,0.1505281690140845,0.3397887323943662,0.009683098591549295,0.3463855421686747,0.012048192771084338,0.641566265060241,0.0,0.673352435530086,0.11174785100286533,0.2034383954154728,0.011461318051575931,0.6026200873362445,0.11790393013100436,0.2576419213973799,0.021834061135371178,cdcd066cdba0
vit_base_patch16_224,A6_full_bg,42,other,4792,0.7171263851969483,0.7249309436628766,0.7103625401205466,0.785748530453996,0.7799016209142445,0.754797618921107,0.5427484641083069,0.5502010050251256,0.5742003215562638,0.6818409007207871,0.6527193877913545,0.6204274761237669,0.043432943249495974,0.047592224528739034,0.5481088779870232,0.9972185954691464,0.9803515190719401,0.9980747633563292,0.9737129268916882,0.2831200990507635,0.04622368964094098,0.6681799422203879,0.0024762690879075525,0.5831305758313058,0.1411192214111922,0.25141930251419303,0.024330900243309004,0.47183098591549294,0.16725352112676056,0.3494718309859155,0.011443661971830986,0.3102409638554217,0.009036144578313253,0.677710843373494,0.0030120481927710845,0.6332378223495702,0.12034383954154727,0.23209169054441262,0.014326647564469915,0.5720524017467249,0.13973799126637554,0.27074235807860264,0.017467248908296942,a797565326b9
vit_base_patch16_224,A0_vanilla,123,baseline,4792,0.7093934477163669,0.7171366780154601,0.6864093730031775,0.7800996373035394,0.7802243497103419,0.7427638291893486,0.5615920721712692,0.5620050251256281,0.5726664324960306,0.6521544694060083,0.6427669708604032,0.6132838612359257,0.045910103180847865,0.05656613959764316,0.565785725589492,0.9968487471009438,0.9797837196938572,0.9974229905342532,0.9724191002928882,0.28146925299215847,0.05984316962443252,0.6566240198101527,0.0020635575732562937,0.5433901054339011,0.18815896188158962,0.25790754257907544,0.010543390105433901,0.43661971830985913,0.2007042253521127,0.3573943661971831,0.00528169014084507,0.3373493975903614,0.02108433734939759,0.6355421686746988,0.006024096385542169,0.6303724928366762,0.14326647564469913,0.2177650429799427,0.008595988538681949,0.5283842794759825,0.1965065502183406,0.26200873362445415,0.013100436681222707,0af58d4e76e0
vit_base_patch16_224,A3_multiply,123,selected,4792,0.6882141747505782,0.6997423324268573,0.6811018627581915,0.7651175636803268,0.7755447821669288,0.7401097753396421,0.5618923687141052,0.5626231155778895,0.579094345064711,0.7592992055558478,0.692953016160243,0.6553575476798056,0.06195834782326044,0.04547104711177214,0.5151052381705966,0.9969241647942967,0.9824657671410646,0.9974731269051821,0.9764818579918674,0.306231943871234,0.05447791993396616,0.6380520016508461,0.0012381345439537762,0.5709651257096513,0.16869424168694241,0.24817518248175183,0.012165450121654502,0.45598591549295775,0.2130281690140845,0.3248239436619718,0.006161971830985915,0.3704819277108434,0.012048192771084338,0.6174698795180723,0.0,0.6504297994269341,0.12893982808022922,0.2148997134670487,0.0057306590257879654,0.5589519650655022,0.17903930131004367,0.24890829694323144,0.013100436681222707,d202120b7108
vit_base_patch16_224,A0_vanilla,2026,baseline,4792,0.7411537266544689,0.745894092203593,0.716531288587104,0.7966737190978447,0.7849331756336212,0.7513240652972681,0.5582325045982908,0.5590201005025125,0.5783272220508778,0.6619534908191719,0.6482997757035023,0.622338446693367,0.059623838506403154,0.04655888049843726,0.538178509257794,0.9977338491501331,0.9804810520301311,0.9982151451949303,0.9735766722590308,0.2381345439537763,0.04374742055303343,0.7156417664052827,0.0024762690879075525,0.5352798053527981,0.1492295214922952,0.28791565287915655,0.027575020275750203,0.4128521126760563,0.17781690140845072,0.39348591549295775,0.01584507042253521,0.25903614457831325,0.015060240963855422,0.7198795180722891,0.006024096385542169,0.6303724928366762,0.09455587392550144,0.25501432664756446,0.02005730659025788,0.5065502183406113,0.14410480349344978,0.31004366812227074,0.039301310043668124,27f8a6deef82
vit_base_patch16_224,A3_multiply,2026,selected,4792,0.7201341181344288,0.730587496341977,0.704549433166006,0.7862123233418101,0.7773712143646232,0.7483883955068974,0.5663279988989127,0.5693417085427136,0.585758570074135,0.7376098279581207,0.6639294756862123,0.6355909912633041,0.036597108183606515,0.039593569908365996,0.5410903623991138,0.9972855663808436,0.9820437916760373,0.9979026284828065,0.9749481047573009,0.3210895583986793,0.052414362360709864,0.6256706562113082,0.0008254230293025176,0.6269261962692619,0.1305758313057583,0.2360097323600973,0.006488240064882401,0.49559859154929575,0.1698943661971831,0.3283450704225352,0.006161971830985915,0.35843373493975905,0.009036144578313253,0.6325301204819277,0.0,0.6905444126074498,0.09169054441260745,0.2177650429799427,0.0,0.5938864628820961,0.1572052401746725,0.24017467248908297,0.008733624454148471,101fecdc8997
