position,test_position,image_path,y_true,y_pred,correct,eil_pre,eil_post,lung_fraction
0,206,C:\Users\USER\Desktop\Dnn_1\COVID-19_Radiography_Dataset\COVID\images\COVID-2711.png,0,0,True,0.4336868226528168,0.4336868226528168,0.2817881107330322
1,223,C:\Users\USER\Desktop\Dnn_1\COVID-19_Radiography_Dataset\COVID\images\COVID-1193.png,0,0,True,0.28280362486839294,0.28280362486839294,0.12199059128761292
2,245,C:\Users\USER\Desktop\Dnn_1\COVID-19_Radiography_Dataset\COVID\images\COVID-407.png,0,1,False,0.0967717170715332,0.0967717170715332,0.23622846603393555
3,257,C:\Users\USER\Desktop\Dnn_1\COVID-19_Radiography_Dataset\COVID\images\COVID-3533.png,0,0,True,0.21651574969291687,0.21651574969291687,0.17356903851032257
4,273,C:\Users\USER\Desktop\Dnn_1\COVID-19_Radiography_Dataset\COVID\images\COVID-3563.png,0,0,True,0.19363459944725037,0.19363459944725037,0.15784437954425812
5,286,C:\Users\USER\Desktop\Dnn_1\COVID-19_Radiography_Dataset\COVID\images\COVID-1200.png,0,0,True,0.4309833347797394,0.4309833347797394,0.34323182702064514
6,364,C:\Users\USER\Desktop\Dnn_1\COVID-19_Radiography_Dataset\COVID\images\COVID-2602.png,0,0,True,0.2330065369606018,0.2330065369606018,0.13101881742477417
7,458,C:\Users\USER\Desktop\Dnn_1\COVID-19_Radiography_Dataset\COVID\images\COVID-851.png,0,0,True,0.1568724364042282,0.1568724364042282,0.18447065353393555
8,493,C:\Users\USER\Desktop\Dnn_1\COVID-19_Radiography_Dataset\COVID\images\COVID-3321.png,0,0,True,0.2776763141155243,0.2776763141155243,0.24412068724632263
9,543,C:\Users\USER\Desktop\Dnn_1\COVID-19_Radiography_Dataset\COVID\images\COVID-121.png,0,0,True,0.46312233805656433,0.46312233805656433,0.32794561982154846
10,666,C:\Users\USER\Desktop\Dnn_1\COVID-19_Radiography_Dataset\COVID\images\COVID-2298.png,0,0,True,0.22877274453639984,0.22877274453639984,0.17984694242477417
11,830,C:\Users\USER\Desktop\Dnn_1\COVID-19_Radiography_Dataset\COVID\images\COVID-395.png,0,0,True,0.3621121942996979,0.3621121942996979,0.3003427982330322
12,1133,C:\Users\USER\Desktop\Dnn_1\COVID-19_Radiography_Dataset\COVID\images\COVID-2442.png,0,0,True,0.1880180388689041,0.1880180388689041,0.15355946123600006
13,1241,C:\Users\USER\Desktop\Dnn_1\COVID-19_Radiography_Dataset\COVID\images\COVID-3616.png,0,0,True,0.3062191903591156,0.3062191903591156,0.20764906704425812
14,1270,C:\Users\USER\Desktop\Dnn_1\COVID-19_Radiography_Dataset\COVID\images\COVID-1768.png,0,0,True,0.2158840000629425,0.2158840000629425,0.1616908460855484
15,1289,C:\Users\USER\Desktop\Dnn_1\COVID-19_Radiography_Dataset\COVID\images\COVID-2020.png,0,0,True,0.32211145758628845,0.32211145758628845,0.23329877853393555
16,1351,C:\Users\USER\Desktop\Dnn_1\COVID-19_Radiography_Dataset\COVID\images\COVID-2842.png,0,0,True,0.39358851313591003,0.39358851313591003,0.3432517349720001
17,1355,C:\Users\USER\Desktop\Dnn_1\COVID-19_Radiography_Dataset\COVID\images\COVID-599.png,0,0,True,0.3760845959186554,0.3760845959186554,0.2586694657802582
18,1397,C:\Users\USER\Desktop\Dnn_1\COVID-19_Radiography_Dataset\COVID\images\COVID-3097.png,0,0,True,0.32599031925201416,0.32599031925201416,0.193359375
19,1416,C:\Users\USER\Desktop\Dnn_1\COVID-19_Radiography_Dataset\COVID\images\COVID-955.png,0,0,True,0.41436487436294556,0.41436487436294556,0.3279256820678711
20,1549,C:\Users\USER\Desktop\Dnn_1\COVID-19_Radiography_Dataset\COVID\images\COVID-2295.png,0,2,False,0.03705376759171486,0.03705376759171486,0.24035394191741943
21,1581,C:\Users\USER\Desktop\Dnn_1\COVID-19_Radiography_Dataset\COVID\images\COVID-1105.png,0,0,True,0.394315630197525,0.394315630197525,0.3003427982330322
22,1591,C:\Users\USER\Desktop\Dnn_1\COVID-19_Radiography_Dataset\COVID\images\COVID-1184.png,0,0,True,0.14823977649211884,0.14823977649211884,0.11549346148967743
23,1728,C:\Users\USER\Desktop\Dnn_1\COVID-19_Radiography_Dataset\COVID\images\COVID-3100.png,0,0,True,0.3398106098175049,0.3398106098175049,0.2458147257566452
24,1785,C:\Users\USER\Desktop\Dnn_1\COVID-19_Radiography_Dataset\COVID\images\COVID-2524.png,0,0,True,0.1924445927143097,0.1924445927143097,0.15971778333187103
25,1966,C:\Users\USER\Desktop\Dnn_1\COVID-19_Radiography_Dataset\COVID\images\COVID-1490.png,0,0,True,0.3500939905643463,0.3500939905643463,0.26169881224632263
26,2035,C:\Users\USER\Desktop\Dnn_1\COVID-19_Radiography_Dataset\COVID\images\COVID-3557.png,0,0,True,0.19821558892726898,0.19821558892726898,0.1979631632566452
27,2049,C:\Users\USER\Desktop\Dnn_1\COVID-19_Radiography_Dataset\COVID\images\COVID-3265.png,0,0,True,0.31901344656944275,0.31901344656944275,0.25603872537612915
28,2107,C:\Users\USER\Desktop\Dnn_1\COVID-19_Radiography_Dataset\COVID\images\COVID-2070.png,0,0,True,0.23889565467834473,0.23889565467834473,0.17398756742477417
29,2166,C:\Users\USER\Desktop\Dnn_1\COVID-19_Radiography_Dataset\COVID\images\COVID-2687.png,0,0,True,0.23245395720005035,0.23245395720005035,0.1775350719690323
30,2194,C:\Users\USER\Desktop\Dnn_1\COVID-19_Radiography_Dataset\COVID\images\COVID-2992.png,0,0,True,0.29701992869377136,0.29701992869377136,0.2611806392669678
31,2239,C:\Users\USER\Desktop\Dnn_1\COVID-19_Radiography_Dataset\COVID\images\COVID-251.png,0,1,False,0.1557723581790924,0.1557723581790924,0.22827646136283875
32,2249,C:\Users\USER\Desktop\Dnn_1\COVID-19_Radiography_Dataset\COVID\images\COVID-1219.png,0,0,True,0.5187211036682129,0.5187211036682129,0.3866589665412903
33,2281,C:\Users\USER\Desktop\Dnn_1\COVID-19_Radiography_Dataset\COVID\images\COVID-467.png,0,2,False,0.09828531742095947,0.09828531742095947,0.18522799015045166
34,2321,C:\Users\USER\Desktop\Dnn_1\COVID-19_Radiography_Dataset\COVID\images\COVID-132.png,0,0,True,0.48902925848960876,0.48902925848960876,0.4502550959587097
35,2412,C:\Users\USER\Desktop\Dnn_1\COVID-19_Radiography_Dataset\COVID\images\COVID-2412.png,0,0,True,0.31067872047424316,0.31067872047424316,0.25827088952064514
36,2444,C:\Users\USER\Desktop\Dnn_1\COVID-19_Radiography_Dataset\COVID\images\COVID-452.png,0,0,True,0.5239788293838501,0.5239788293838501,0.4354870617389679
37,2537,C:\Users\USER\Desktop\Dnn_1\COVID-19_Radiography_Dataset\COVID\images\COVID-1685.png,0,0,True,0.22604826092720032,0.22604826092720032,0.16695232689380646
38,2592,C:\Users\USER\Desktop\Dnn_1\COVID-19_Radiography_Dataset\COVID\images\COVID-1749.png,0,0,True,0.39008134603500366,0.39008134603500366,0.21145567297935486
39,2620,C:\Users\USER\Desktop\Dnn_1\COVID-19_Radiography_Dataset\COVID\images\COVID-602.png,0,0,True,0.2907683253288269,0.2907683253288269,0.21711574494838715
40,2654,C:\Users\USER\Desktop\Dnn_1\COVID-19_Radiography_Dataset\COVID\images\COVID-598.png,0,0,True,0.254574716091156,0.254574716091156,0.167829230427742
41,2732,C:\Users\USER\Desktop\Dnn_1\COVID-19_Radiography_Dataset\COVID\images\COVID-2163.png,0,0,True,0.27751031517982483,0.27751031517982483,0.20559629797935486
42,2784,C:\Users\USER\Desktop\Dnn_1\COVID-19_Radiography_Dataset\COVID\images\COVID-106.png,0,0,True,0.33183586597442627,0.33183586597442627,0.28840482234954834
43,2876,C:\Users\USER\Desktop\Dnn_1\COVID-19_Radiography_Dataset\COVID\images\COVID-1586.png,0,0,True,0.22950129210948944,0.22950129210948944,0.17540258169174194
44,2907,C:\Users\USER\Desktop\Dnn_1\COVID-19_Radiography_Dataset\COVID\images\COVID-333.png,0,0,True,0.25879716873168945,0.25879716873168945,0.1745854616165161
45,2928,C:\Users\USER\Desktop\Dnn_1\COVID-19_Radiography_Dataset\COVID\images\COVID-490.png,0,0,True,0.16976380348205566,0.16976380348205566,0.13327088952064514
46,3060,C:\Users\USER\Desktop\Dnn_1\COVID-19_Radiography_Dataset\COVID\images\COVID-1043.png,0,0,True,0.3919964134693146,0.3919964134693146,0.26070231199264526
47,3073,C:\Users\USER\Desktop\Dnn_1\COVID-19_Radiography_Dataset\COVID\images\COVID-382.png,0,0,True,0.30055147409439087,0.30055147409439087,0.26474806666374207
48,3128,C:\Users\USER\Desktop\Dnn_1\COVID-19_Radiography_Dataset\COVID\images\COVID-579.png,0,0,True,0.41928577423095703,0.41928577423095703,0.3407007157802582
49,3139,C:\Users\USER\Desktop\Dnn_1\COVID-19_Radiography_Dataset\COVID\images\COVID-241.png,0,0,True,0.3461293578147888,0.3461293578147888,0.22720025479793549
50,19,C:\Users\USER\Desktop\Dnn_1\COVID-19_Radiography_Dataset\Lung_Opacity\images\Lung_Opacity-4416.png,1,1,True,0.14948123693466187,0.14948123693466187,0.1767578125
51,85,C:\Users\USER\Desktop\Dnn_1\COVID-19_Radiography_Dataset\Lung_Opacity\images\Lung_Opacity-1439.png,1,1,True,0.1670628935098648,0.1670628935098648,0.20669244229793549
52,95,C:\Users\USER\Desktop\Dnn_1\COVID-19_Radiography_Dataset\Lung_Opacity\images\Lung_Opacity-1989.png,1,1,True,0.0983310267329216,0.0983310267329216,0.10634566098451614
53,97,C:\Users\USER\Desktop\Dnn_1\COVID-19_Radiography_Dataset\Lung_Opacity\images\Lung_Opacity-1892.png,1,1,True,0.08216386288404465,0.08216386288404465,0.08396444469690323
54,222,C:\Users\USER\Desktop\Dnn_1\COVID-19_Radiography_Dataset\Lung_Opacity\images\Lung_Opacity-201.png,1,1,True,0.24344657361507416,0.24344657361507416,0.2834821343421936
55,263,C:\Users\USER\Desktop\Dnn_1\COVID-19_Radiography_Dataset\Lung_Opacity\images\Lung_Opacity-2025.png,1,1,True,0.08867456018924713,0.08867456018924713,0.21835139393806458
56,331,C:\Users\USER\Desktop\Dnn_1\COVID-19_Radiography_Dataset\Lung_Opacity\images\Lung_Opacity-3521.png,1,1,True,0.1527809053659439,0.1527809053659439,0.19495375454425812
57,410,C:\Users\USER\Desktop\Dnn_1\COVID-19_Radiography_Dataset\Lung_Opacity\images\Lung_Opacity-3110.png,1,1,True,0.1244131550192833,0.1244131550192833,0.1994379758834839
58,416,C:\Users\USER\Desktop\Dnn_1\COVID-19_Radiography_Dataset\Lung_Opacity\images\Lung_Opacity-3327.png,1,2,False,0.014406368136405945,0.014406368136405945,0.1272321343421936
59,584,C:\Users\USER\Desktop\Dnn_1\COVID-19_Radiography_Dataset\Lung_Opacity\images\Lung_Opacity-1826.png,1,1,True,0.15627366304397583,0.15627366304397583,0.31867825984954834
60,669,C:\Users\USER\Desktop\Dnn_1\COVID-19_Radiography_Dataset\Lung_Opacity\images\Lung_Opacity-5825.png,1,1,True,0.14787563681602478,0.14787563681602478,0.17542250454425812
61,727,C:\Users\USER\Desktop\Dnn_1\COVID-19_Radiography_Dataset\Lung_Opacity\images\Lung_Opacity-4888.png,1,1,True,0.18271620571613312,0.18271620571613312,0.2300502210855484
62,738,C:\Users\USER\Desktop\Dnn_1\COVID-19_Radiography_Dataset\Lung_Opacity\images\Lung_Opacity-4610.png,1,1,True,0.14818155765533447,0.14818155765533447,0.1831154227256775
63,835,C:\Users\USER\Desktop\Dnn_1\COVID-19_Radiography_Dataset\Lung_Opacity\images\Lung_Opacity-599.png,1,1,True,0.153374582529068,0.153374582529068,0.18947304785251617
64,870,C:\Users\USER\Desktop\Dnn_1\COVID-19_Radiography_Dataset\Lung_Opacity\images\Lung_Opacity-4868.png,1,2,False,0.07769767940044403,0.07769767940044403,0.18955276906490326
65,959,C:\Users\USER\Desktop\Dnn_1\COVID-19_Radiography_Dataset\Lung_Opacity\images\Lung_Opacity-3899.png,1,1,True,0.056698478758335114,0.056698478758335114,0.14971300959587097
66,1095,C:\Users\USER\Desktop\Dnn_1\COVID-19_Radiography_Dataset\Lung_Opacity\images\Lung_Opacity-2717.png,1,1,True,0.14674805104732513,0.14674805104732513,0.18042489886283875
67,1317,C:\Users\USER\Desktop\Dnn_1\COVID-19_Radiography_Dataset\Lung_Opacity\images\Lung_Opacity-5104.png,1,1,True,0.19525498151779175,0.19525498151779175,0.18500876426696777
68,1386,C:\Users\USER\Desktop\Dnn_1\COVID-19_Radiography_Dataset\Lung_Opacity\images\Lung_Opacity-5649.png,1,1,True,0.15814459323883057,0.15814459323883057,0.17245295643806458
69,1396,C:\Users\USER\Desktop\Dnn_1\COVID-19_Radiography_Dataset\Lung_Opacity\images\Lung_Opacity-4082.png,1,1,True,0.13068853318691254,0.13068853318691254,0.1882772594690323
70,1423,C:\Users\USER\Desktop\Dnn_1\COVID-19_Radiography_Dataset\Lung_Opacity\images\Lung_Opacity-5553.png,1,2,False,0.035710837692022324,0.035710837692022324,0.17785395681858063
71,1446,C:\Users\USER\Desktop\Dnn_1\COVID-19_Radiography_Dataset\Lung_Opacity\images\Lung_Opacity-2932.png,1,1,True,0.1936877965927124,0.1936877965927124,0.33402422070503235
72,1469,C:\Users\USER\Desktop\Dnn_1\COVID-19_Radiography_Dataset\Lung_Opacity\images\Lung_Opacity-5421.png,1,1,True,0.15869468450546265,0.15869468450546265,0.23788264393806458
73,1559,C:\Users\USER\Desktop\Dnn_1\COVID-19_Radiography_Dataset\Lung_Opacity\images\Lung_Opacity-338.png,1,1,True,0.1604488492012024,0.1604488492012024,0.15864157676696777
74,1701,C:\Users\USER\Desktop\Dnn_1\COVID-19_Radiography_Dataset\Lung_Opacity\images\Lung_Opacity-3534.png,1,1,True,0.09187871962785721,0.09187871962785721,0.16844706237316132
75,1722,C:\Users\USER\Desktop\Dnn_1\COVID-19_Radiography_Dataset\Lung_Opacity\images\Lung_Opacity-4717.png,1,1,True,0.0534609816968441,0.0534609816968441,0.06369578838348389
76,1750,C:\Users\USER\Desktop\Dnn_1\COVID-19_Radiography_Dataset\Lung_Opacity\images\Lung_Opacity-3488.png,1,2,False,0.15057450532913208,0.15057450532913208,0.37334582209587097
77,1755,C:\Users\USER\Desktop\Dnn_1\COVID-19_Radiography_Dataset\Lung_Opacity\images\Lung_Opacity-2672.png,1,1,True,0.07844416052103043,0.07844416052103043,0.17713648080825806
78,1765,C:\Users\USER\Desktop\Dnn_1\COVID-19_Radiography_Dataset\Lung_Opacity\images\Lung_Opacity-1913.png,1,1,True,0.11145862936973572,0.11145862936973572,0.1417410671710968
79,1783,C:\Users\USER\Desktop\Dnn_1\COVID-19_Radiography_Dataset\Lung_Opacity\images\Lung_Opacity-3528.png,1,1,True,0.11674915999174118,0.11674915999174118,0.20133130252361298
80,1896,C:\Users\USER\Desktop\Dnn_1\COVID-19_Radiography_Dataset\Lung_Opacity\images\Lung_Opacity-269.png,1,1,True,0.0949750691652298,0.0949750691652298,0.1958107352256775
81,2015,C:\Users\USER\Desktop\Dnn_1\COVID-19_Radiography_Dataset\Lung_Opacity\images\Lung_Opacity-3103.png,1,1,True,0.1462380588054657,0.1462380588054657,0.2248883843421936
82,2041,C:\Users\USER\Desktop\Dnn_1\COVID-19_Radiography_Dataset\Lung_Opacity\images\Lung_Opacity-1981.png,1,1,True,0.14912603795528412,0.14912603795528412,0.18096300959587097
83,2042,C:\Users\USER\Desktop\Dnn_1\COVID-19_Radiography_Dataset\Lung_Opacity\images\Lung_Opacity-419.png,1,2,False,0.08930654078722,0.08930654078722,0.3155094087123871
84,2069,C:\Users\USER\Desktop\Dnn_1\COVID-19_Radiography_Dataset\Lung_Opacity\images\Lung_Opacity-859.png,1,1,True,0.20189541578292847,0.20189541578292847,0.2045997977256775
85,2155,C:\Users\USER\Desktop\Dnn_1\COVID-19_Radiography_Dataset\Lung_Opacity\images\Lung_Opacity-566.png,1,1,True,0.0999159961938858,0.0999159961938858,0.13249361515045166
86,2368,C:\Users\USER\Desktop\Dnn_1\COVID-19_Radiography_Dataset\Lung_Opacity\images\Lung_Opacity-2748.png,1,1,True,0.08950051665306091,0.08950051665306091,0.15519371628761292
87,2373,C:\Users\USER\Desktop\Dnn_1\COVID-19_Radiography_Dataset\Lung_Opacity\images\Lung_Opacity-4241.png,1,1,True,0.0991477519273758,0.0991477519273758,0.21932795643806458
88,2378,C:\Users\USER\Desktop\Dnn_1\COVID-19_Radiography_Dataset\Lung_Opacity\images\Lung_Opacity-1637.png,1,2,False,0.020585577934980392,0.020585577934980392,0.13663902878761292
89,2411,C:\Users\USER\Desktop\Dnn_1\COVID-19_Radiography_Dataset\Lung_Opacity\images\Lung_Opacity-4487.png,1,1,True,0.07359329611063004,0.07359329611063004,0.22839604318141937
90,2428,C:\Users\USER\Desktop\Dnn_1\COVID-19_Radiography_Dataset\Lung_Opacity\images\Lung_Opacity-1163.png,1,1,True,0.04478773847222328,0.04478773847222328,0.1402064710855484
91,2473,C:\Users\USER\Desktop\Dnn_1\COVID-19_Radiography_Dataset\Lung_Opacity\images\Lung_Opacity-4259.png,1,1,True,0.05444901064038277,0.05444901064038277,0.1752232164144516
92,2494,C:\Users\USER\Desktop\Dnn_1\COVID-19_Radiography_Dataset\Lung_Opacity\images\Lung_Opacity-4329.png,1,1,True,0.07192504405975342,0.07192504405975342,0.2189692258834839
93,2625,C:\Users\USER\Desktop\Dnn_1\COVID-19_Radiography_Dataset\Lung_Opacity\images\Lung_Opacity-3604.png,1,1,True,0.2393871694803238,0.2393871694803238,0.2734972834587097
94,2661,C:\Users\USER\Desktop\Dnn_1\COVID-19_Radiography_Dataset\Lung_Opacity\images\Lung_Opacity-4697.png,1,1,True,0.05121045559644699,0.05121045559644699,0.2625757157802582
95,2715,C:\Users\USER\Desktop\Dnn_1\COVID-19_Radiography_Dataset\Lung_Opacity\images\Lung_Opacity-2186.png,1,1,True,0.05599788576364517,0.05599788576364517,0.20900429785251617
96,3037,C:\Users\USER\Desktop\Dnn_1\COVID-19_Radiography_Dataset\Lung_Opacity\images\Lung_Opacity-3544.png,1,1,True,0.11932560056447983,0.11932560056447983,0.12272799760103226
97,3070,C:\Users\USER\Desktop\Dnn_1\COVID-19_Radiography_Dataset\Lung_Opacity\images\Lung_Opacity-3504.png,1,1,True,0.17302457988262177,0.17302457988262177,0.2672991156578064
98,3101,C:\Users\USER\Desktop\Dnn_1\COVID-19_Radiography_Dataset\Lung_Opacity\images\Lung_Opacity-3556.png,1,1,True,0.153599351644516,0.153599351644516,0.26977041363716125
99,3134,C:\Users\USER\Desktop\Dnn_1\COVID-19_Radiography_Dataset\Lung_Opacity\images\Lung_Opacity-363.png,1,1,True,0.1268545538187027,0.1268545538187027,0.16764986515045166
100,66,C:\Users\USER\Desktop\Dnn_1\COVID-19_Radiography_Dataset\Normal\images\Normal-8081.png,2,2,True,0.21643118560314178,0.21643118560314178,0.2940848171710968
101,250,C:\Users\USER\Desktop\Dnn_1\COVID-19_Radiography_Dataset\Normal\images\Normal-1643.png,2,2,True,0.17935027182102203,0.17935027182102203,0.356166273355484
102,274,C:\Users\USER\Desktop\Dnn_1\COVID-19_Radiography_Dataset\Normal\images\Normal-1074.png,2,2,True,0.1530810445547104,0.1530810445547104,0.23543128371238708
103,308,C:\Users\USER\Desktop\Dnn_1\COVID-19_Radiography_Dataset\Normal\images\Normal-5097.png,2,1,False,0.10333459079265594,0.10333459079265594,0.16458067297935486
104,412,C:\Users\USER\Desktop\Dnn_1\COVID-19_Radiography_Dataset\Normal\images\Normal-2482.png,2,2,True,0.0892309620976448,0.0892309620976448,0.32816484570503235
105,473,C:\Users\USER\Desktop\Dnn_1\COVID-19_Radiography_Dataset\Normal\images\Normal-9959.png,2,2,True,0.06937617063522339,0.06937617063522339,0.2414301633834839
106,592,C:\Users\USER\Desktop\Dnn_1\COVID-19_Radiography_Dataset\Normal\images\Normal-9097.png,2,2,True,0.15424920618534088,0.15424920618534088,0.20324458181858063
107,657,C:\Users\USER\Desktop\Dnn_1\COVID-19_Radiography_Dataset\Normal\images\Normal-7052.png,2,2,True,0.0899554044008255,0.0899554044008255,0.18488918244838715
108,825,C:\Users\USER\Desktop\Dnn_1\COVID-19_Radiography_Dataset\Normal\images\Normal-8827.png,2,2,True,0.17376232147216797,0.17376232147216797,0.30891263484954834
109,831,C:\Users\USER\Desktop\Dnn_1\COVID-19_Radiography_Dataset\Normal\images\Normal-4643.png,2,2,True,0.16875506937503815,0.16875506937503815,0.2632334232330322
110,838,C:\Users\USER\Desktop\Dnn_1\COVID-19_Radiography_Dataset\Normal\images\Normal-9240.png,2,1,False,0.16241838037967682,0.16241838037967682,0.2701092064380646
111,859,C:\Users\USER\Desktop\Dnn_1\COVID-19_Radiography_Dataset\Normal\images\Normal-3737.png,2,1,False,0.07932644337415695,0.07932644337415695,0.2317243218421936
112,956,C:\Users\USER\Desktop\Dnn_1\COVID-19_Radiography_Dataset\Normal\images\Normal-3391.png,2,2,True,0.1309346705675125,0.1309346705675125,0.2627550959587097
113,981,C:\Users\USER\Desktop\Dnn_1\COVID-19_Radiography_Dataset\Normal\images\Normal-8371.png,2,2,True,0.23668649792671204,0.23668649792671204,0.31022799015045166
114,1037,C:\Users\USER\Desktop\Dnn_1\COVID-19_Radiography_Dataset\Normal\images\Normal-6914.png,2,2,True,0.1534574031829834,0.1534574031829834,0.2494419664144516
115,1117,C:\Users\USER\Desktop\Dnn_1\COVID-19_Radiography_Dataset\Normal\images\Normal-8678.png,2,2,True,0.15011419355869293,0.15011419355869293,0.22718031704425812
116,1306,C:\Users\USER\Desktop\Dnn_1\COVID-19_Radiography_Dataset\Normal\images\Normal-2548.png,2,2,True,0.16101771593093872,0.16101771593093872,0.2612802982330322
117,1358,C:\Users\USER\Desktop\Dnn_1\COVID-19_Radiography_Dataset\Normal\images\Normal-2784.png,2,2,True,0.1823570430278778,0.1823570430278778,0.25797194242477417
118,1378,C:\Users\USER\Desktop\Dnn_1\COVID-19_Radiography_Dataset\Normal\images\Normal-4473.png,2,2,True,0.04567708820104599,0.04567708820104599,0.14225924015045166
119,1380,C:\Users\USER\Desktop\Dnn_1\COVID-19_Radiography_Dataset\Normal\images\Normal-9943.png,2,2,True,0.05577715113759041,0.05577715113759041,0.162109375
120,1402,C:\Users\USER\Desktop\Dnn_1\COVID-19_Radiography_Dataset\Normal\images\Normal-529.png,2,2,True,0.1848430335521698,0.1848430335521698,0.2756098508834839
121,1415,C:\Users\USER\Desktop\Dnn_1\COVID-19_Radiography_Dataset\Normal\images\Normal-520.png,2,2,True,0.161006361246109,0.161006361246109,0.16697224974632263
122,1452,C:\Users\USER\Desktop\Dnn_1\COVID-19_Radiography_Dataset\Normal\images\Normal-10059.png,2,2,True,0.1432470828294754,0.1432470828294754,0.21301020681858063
123,1505,C:\Users\USER\Desktop\Dnn_1\COVID-19_Radiography_Dataset\Normal\images\Normal-10164.png,2,2,True,0.258507639169693,0.258507639169693,0.3739038407802582
124,1529,C:\Users\USER\Desktop\Dnn_1\COVID-19_Radiography_Dataset\Normal\images\Normal-10063.png,2,2,True,0.0539705790579319,0.0539705790579319,0.21590003371238708
125,1691,C:\Users\USER\Desktop\Dnn_1\COVID-19_Radiography_Dataset\Normal\images\Normal-9188.png,2,2,True,0.07910071313381195,0.07910071313381195,0.3288424611091614
126,1793,C:\Users\USER\Desktop\Dnn_1\COVID-19_Radiography_Dataset\Normal\images\Normal-8614.png,2,2,True,0.11689624190330505,0.11689624190330505,0.2161790430545807
127,1821,C:\Users\USER\Desktop\Dnn_1\COVID-19_Radiography_Dataset\Normal\images\Normal-1675.png,2,2,True,0.17373231053352356,0.17373231053352356,0.22179926931858063
128,1942,C:\Users\USER\Desktop\Dnn_1\COVID-19_Radiography_Dataset\Normal\images\Normal-3206.png,2,2,True,0.050957389175891876,0.050957389175891876,0.19632892310619354
129,1950,C:\Users\USER\Desktop\Dnn_1\COVID-19_Radiography_Dataset\Normal\images\Normal-3971.png,2,2,True,0.20717313885688782,0.20717313885688782,0.33645567297935486
130,2007,C:\Users\USER\Desktop\Dnn_1\COVID-19_Radiography_Dataset\Normal\images\Normal-600.png,2,2,True,0.17314383387565613,0.17314383387565613,0.21063855290412903
131,2044,C:\Users\USER\Desktop\Dnn_1\COVID-19_Radiography_Dataset\Normal\images\Normal-756.png,2,2,True,0.16057966649532318,0.16057966649532318,0.1952527016401291
132,2117,C:\Users\USER\Desktop\Dnn_1\COVID-19_Radiography_Dataset\Normal\images\Normal-3085.png,2,2,True,0.1326959729194641,0.1326959729194641,0.29573899507522583
133,2162,C:\Users\USER\Desktop\Dnn_1\COVID-19_Radiography_Dataset\Normal\images\Normal-6163.png,2,2,True,0.08554422855377197,0.08554422855377197,0.3042091727256775
134,2186,C:\Users\USER\Desktop\Dnn_1\COVID-19_Radiography_Dataset\Normal\images\Normal-3388.png,2,1,False,0.08364970982074738,0.08364970982074738,0.19527263939380646
135,2212,C:\Users\USER\Desktop\Dnn_1\COVID-19_Radiography_Dataset\Normal\images\Normal-4535.png,2,2,True,0.18026946485042572,0.18026946485042572,0.2786790430545807
136,2227,C:\Users\USER\Desktop\Dnn_1\COVID-19_Radiography_Dataset\Normal\images\Normal-620.png,2,2,True,0.12621654570102692,0.12621654570102692,0.2053571343421936
137,2256,C:\Users\USER\Desktop\Dnn_1\COVID-19_Radiography_Dataset\Normal\images\Normal-5181.png,2,2,True,0.1498081535100937,0.1498081535100937,0.21857061982154846
138,2322,C:\Users\USER\Desktop\Dnn_1\COVID-19_Radiography_Dataset\Normal\images\Normal-6761.png,2,2,True,0.14720138907432556,0.14720138907432556,0.32391980290412903
139,2346,C:\Users\USER\Desktop\Dnn_1\COVID-19_Radiography_Dataset\Normal\images\Normal-2089.png,2,2,True,0.118065245449543,0.118065245449543,0.2535076439380646
140,2361,C:\Users\USER\Desktop\Dnn_1\COVID-19_Radiography_Dataset\Normal\images\Normal-4112.png,2,2,True,0.07285282015800476,0.07285282015800476,0.29538026452064514
141,2374,C:\Users\USER\Desktop\Dnn_1\COVID-19_Radiography_Dataset\Normal\images\Normal-5886.png,2,2,True,0.14774322509765625,0.14774322509765625,0.24029415845870972
142,2404,C:\Users\USER\Desktop\Dnn_1\COVID-19_Radiography_Dataset\Normal\images\Normal-5185.png,2,1,False,0.10648655891418457,0.10648655891418457,0.11459662020206451
143,2500,C:\Users\USER\Desktop\Dnn_1\COVID-19_Radiography_Dataset\Normal\images\Normal-63.png,2,2,True,0.12238051742315292,0.12238051742315292,0.18441087007522583
144,2640,C:\Users\USER\Desktop\Dnn_1\COVID-19_Radiography_Dataset\Normal\images\Normal-6838.png,2,2,True,0.25921353697776794,0.25921353697776794,0.3446667790412903
145,2752,C:\Users\USER\Desktop\Dnn_1\COVID-19_Radiography_Dataset\Normal\images\Normal-2992.png,2,2,True,0.20601435005664825,0.20601435005664825,0.27953603863716125
146,2770,C:\Users\USER\Desktop\Dnn_1\COVID-19_Radiography_Dataset\Normal\images\Normal-2604.png,2,2,True,0.2636573612689972,0.2636573612689972,0.3577008843421936
147,2936,C:\Users\USER\Desktop\Dnn_1\COVID-19_Radiography_Dataset\Normal\images\Normal-2120.png,2,2,True,0.12098275125026703,0.12098275125026703,0.26271525025367737
148,2969,C:\Users\USER\Desktop\Dnn_1\COVID-19_Radiography_Dataset\Normal\images\Normal-5061.png,2,2,True,0.23555926978588104,0.23555926978588104,0.32043206691741943
149,3162,C:\Users\USER\Desktop\Dnn_1\COVID-19_Radiography_Dataset\Normal\images\Normal-4171.png,2,2,True,0.12151296436786652,0.12151296436786652,0.30333226919174194
150,26,C:\Users\USER\Desktop\Dnn_1\COVID-19_Radiography_Dataset\Viral Pneumonia\images\Viral Pneumonia-525.png,3,3,True,0.43168675899505615,0.43168675899505615,0.2820073366165161
151,94,C:\Users\USER\Desktop\Dnn_1\COVID-19_Radiography_Dataset\Viral Pneumonia\images\Viral Pneumonia-792.png,3,3,True,0.5046505928039551,0.5046505928039551,0.3529575765132904
152,126,C:\Users\USER\Desktop\Dnn_1\COVID-19_Radiography_Dataset\Viral Pneumonia\images\Viral Pneumonia-1309.png,3,3,True,0.4101167917251587,0.4101167917251587,0.2855149805545807
153,329,C:\Users\USER\Desktop\Dnn_1\COVID-19_Radiography_Dataset\Viral Pneumonia\images\Viral Pneumonia-1286.png,3,3,True,0.43714556097984314,0.43714556097984314,0.30939093232154846
154,335,C:\Users\USER\Desktop\Dnn_1\COVID-19_Radiography_Dataset\Viral Pneumonia\images\Viral Pneumonia-1254.png,3,3,True,0.4637676775455475,0.4637676775455475,0.28720900416374207
155,375,C:\Users\USER\Desktop\Dnn_1\COVID-19_Radiography_Dataset\Viral Pneumonia\images\Viral Pneumonia-1242.png,3,3,True,0.3126392364501953,0.3126392364501953,0.17291134595870972
156,424,C:\Users\USER\Desktop\Dnn_1\COVID-19_Radiography_Dataset\Viral Pneumonia\images\Viral Pneumonia-118.png,3,3,True,0.3324684798717499,0.3324684798717499,0.20342394709587097
157,561,C:\Users\USER\Desktop\Dnn_1\COVID-19_Radiography_Dataset\Viral Pneumonia\images\Viral Pneumonia-169.png,3,3,True,0.5690740346908569,0.5690740346908569,0.315150648355484
158,590,C:\Users\USER\Desktop\Dnn_1\COVID-19_Radiography_Dataset\Viral Pneumonia\images\Viral Pneumonia-263.png,3,3,True,0.411490797996521,0.411490797996521,0.27333784103393555
159,633,C:\Users\USER\Desktop\Dnn_1\COVID-19_Radiography_Dataset\Viral Pneumonia\images\Viral Pneumonia-250.png,3,3,True,0.31008437275886536,0.31008437275886536,0.21043924987316132
160,682,C:\Users\USER\Desktop\Dnn_1\COVID-19_Radiography_Dataset\Viral Pneumonia\images\Viral Pneumonia-1022.png,3,3,True,0.26542189717292786,0.26542189717292786,0.2045200914144516
161,705,C:\Users\USER\Desktop\Dnn_1\COVID-19_Radiography_Dataset\Viral Pneumonia\images\Viral Pneumonia-1281.png,3,3,True,0.4262666702270508,0.4262666702270508,0.25994497537612915
162,806,C:\Users\USER\Desktop\Dnn_1\COVID-19_Radiography_Dataset\Viral Pneumonia\images\Viral Pneumonia-629.png,3,3,True,0.31157076358795166,0.31157076358795166,0.21611925959587097
163,890,C:\Users\USER\Desktop\Dnn_1\COVID-19_Radiography_Dataset\Viral Pneumonia\images\Viral Pneumonia-652.png,3,3,True,0.32437679171562195,0.32437679171562195,0.26379144191741943
164,900,C:\Users\USER\Desktop\Dnn_1\COVID-19_Radiography_Dataset\Viral Pneumonia\images\Viral Pneumonia-367.png,3,3,True,0.38464242219924927,0.38464242219924927,0.2065529227256775
165,958,C:\Users\USER\Desktop\Dnn_1\COVID-19_Radiography_Dataset\Viral Pneumonia\images\Viral Pneumonia-93.png,3,3,True,0.41887083649635315,0.41887083649635315,0.2434430718421936
166,976,C:\Users\USER\Desktop\Dnn_1\COVID-19_Radiography_Dataset\Viral Pneumonia\images\Viral Pneumonia-939.png,3,3,True,0.46099063754081726,0.46099063754081726,0.3097098171710968
167,1014,C:\Users\USER\Desktop\Dnn_1\COVID-19_Radiography_Dataset\Viral Pneumonia\images\Viral Pneumonia-503.png,3,3,True,0.42185530066490173,0.42185530066490173,0.2559191584587097
168,1041,C:\Users\USER\Desktop\Dnn_1\COVID-19_Radiography_Dataset\Viral Pneumonia\images\Viral Pneumonia-92.png,3,3,True,0.4693591296672821,0.4693591296672821,0.3051657974720001
169,1301,C:\Users\USER\Desktop\Dnn_1\COVID-19_Radiography_Dataset\Viral Pneumonia\images\Viral Pneumonia-833.png,3,3,True,0.3356764018535614,0.3356764018535614,0.21257174015045166
170,1307,C:\Users\USER\Desktop\Dnn_1\COVID-19_Radiography_Dataset\Viral Pneumonia\images\Viral Pneumonia-262.png,3,3,True,0.42923814058303833,0.42923814058303833,0.31993383169174194
171,1330,C:\Users\USER\Desktop\Dnn_1\COVID-19_Radiography_Dataset\Viral Pneumonia\images\Viral Pneumonia-391.png,3,3,True,0.44321340322494507,0.44321340322494507,0.3599928319454193
172,1562,C:\Users\USER\Desktop\Dnn_1\COVID-19_Radiography_Dataset\Viral Pneumonia\images\Viral Pneumonia-109.png,3,3,True,0.3553718328475952,0.3553718328475952,0.22743940353393555
173,1582,C:\Users\USER\Desktop\Dnn_1\COVID-19_Radiography_Dataset\Viral Pneumonia\images\Viral Pneumonia-370.png,3,3,True,0.36906731128692627,0.36906731128692627,0.25390625
174,1723,C:\Users\USER\Desktop\Dnn_1\COVID-19_Radiography_Dataset\Viral Pneumonia\images\Viral Pneumonia-612.png,3,3,True,0.3717857599258423,0.3717857599258423,0.27704480290412903
175,1731,C:\Users\USER\Desktop\Dnn_1\COVID-19_Radiography_Dataset\Viral Pneumonia\images\Viral Pneumonia-9.png,3,3,True,0.5598610639572144,0.5598610639572144,0.39526864886283875
176,1764,C:\Users\USER\Desktop\Dnn_1\COVID-19_Radiography_Dataset\Viral Pneumonia\images\Viral Pneumonia-602.png,3,2,False,0.1341044157743454,0.1341044157743454,0.3273477256298065
177,1933,C:\Users\USER\Desktop\Dnn_1\COVID-19_Radiography_Dataset\Viral Pneumonia\images\Viral Pneumonia-283.png,3,3,True,0.21336998045444489,0.21336998045444489,0.17472496628761292
178,1947,C:\Users\USER\Desktop\Dnn_1\COVID-19_Radiography_Dataset\Viral Pneumonia\images\Viral Pneumonia-1134.png,3,3,True,0.2492159605026245,0.2492159605026245,0.19152583181858063
179,1974,C:\Users\USER\Desktop\Dnn_1\COVID-19_Radiography_Dataset\Viral Pneumonia\images\Viral Pneumonia-847.png,3,3,True,0.2376348078250885,0.2376348078250885,0.18612483143806458
180,2030,C:\Users\USER\Desktop\Dnn_1\COVID-19_Radiography_Dataset\Viral Pneumonia\images\Viral Pneumonia-749.png,3,3,True,0.3999268412590027,0.3999268412590027,0.2796556055545807
181,2214,C:\Users\USER\Desktop\Dnn_1\COVID-19_Radiography_Dataset\Viral Pneumonia\images\Viral Pneumonia-222.png,3,3,True,0.3282897174358368,0.3282897174358368,0.2788584232330322
182,2333,C:\Users\USER\Desktop\Dnn_1\COVID-19_Radiography_Dataset\Viral Pneumonia\images\Viral Pneumonia-1318.png,3,3,True,0.3306533396244049,0.3306533396244049,0.24248644709587097
183,2485,C:\Users\USER\Desktop\Dnn_1\COVID-19_Radiography_Dataset\Viral Pneumonia\images\Viral Pneumonia-1337.png,3,3,True,0.35004153847694397,0.35004153847694397,0.22855548560619354
184,2541,C:\Users\USER\Desktop\Dnn_1\COVID-19_Radiography_Dataset\Viral Pneumonia\images\Viral Pneumonia-369.png,3,3,True,0.24184325337409973,0.24184325337409973,0.16862642765045166
185,2635,C:\Users\USER\Desktop\Dnn_1\COVID-19_Radiography_Dataset\Viral Pneumonia\images\Viral Pneumonia-192.png,3,3,True,0.3882957398891449,0.3882957398891449,0.20727039873600006
186,2759,C:\Users\USER\Desktop\Dnn_1\COVID-19_Radiography_Dataset\Viral Pneumonia\images\Viral Pneumonia-1122.png,3,3,True,0.27249300479888916,0.27249300479888916,0.162946417927742
187,2776,C:\Users\USER\Desktop\Dnn_1\COVID-19_Radiography_Dataset\Viral Pneumonia\images\Viral Pneumonia-166.png,3,3,True,0.2612457871437073,0.2612457871437073,0.18020567297935486
188,2808,C:\Users\USER\Desktop\Dnn_1\COVID-19_Radiography_Dataset\Viral Pneumonia\images\Viral Pneumonia-929.png,3,3,True,0.2102998048067093,0.2102998048067093,0.1462053507566452
189,2810,C:\Users\USER\Desktop\Dnn_1\COVID-19_Radiography_Dataset\Viral Pneumonia\images\Viral Pneumonia-998.png,3,3,True,0.27157291769981384,0.27157291769981384,0.21524234116077423
190,2828,C:\Users\USER\Desktop\Dnn_1\COVID-19_Radiography_Dataset\Viral Pneumonia\images\Viral Pneumonia-504.png,3,3,True,0.37273937463760376,0.37273937463760376,0.26139986515045166
191,2847,C:\Users\USER\Desktop\Dnn_1\COVID-19_Radiography_Dataset\Viral Pneumonia\images\Viral Pneumonia-12.png,3,3,True,0.3046468496322632,0.3046468496322632,0.24635283648967743
192,2848,C:\Users\USER\Desktop\Dnn_1\COVID-19_Radiography_Dataset\Viral Pneumonia\images\Viral Pneumonia-838.png,3,3,True,0.3271770179271698,0.3271770179271698,0.24238678812980652
193,2854,C:\Users\USER\Desktop\Dnn_1\COVID-19_Radiography_Dataset\Viral Pneumonia\images\Viral Pneumonia-110.png,3,3,True,0.3677529990673065,0.3677529990673065,0.2603037357330322
194,2924,C:\Users\USER\Desktop\Dnn_1\COVID-19_Radiography_Dataset\Viral Pneumonia\images\Viral Pneumonia-693.png,3,3,True,0.45357823371887207,0.45357823371887207,0.32796555757522583
195,2990,C:\Users\USER\Desktop\Dnn_1\COVID-19_Radiography_Dataset\Viral Pneumonia\images\Viral Pneumonia-1237.png,3,3,True,0.5535280704498291,0.5535280704498291,0.26773756742477417
196,3158,C:\Users\USER\Desktop\Dnn_1\COVID-19_Radiography_Dataset\Viral Pneumonia\images\Viral Pneumonia-1310.png,3,3,True,0.26686134934425354,0.26686134934425354,0.205078125
197,3166,C:\Users\USER\Desktop\Dnn_1\COVID-19_Radiography_Dataset\Viral Pneumonia\images\Viral Pneumonia-724.png,3,3,True,0.277992844581604,0.277992844581604,0.2096819132566452
198,3168,C:\Users\USER\Desktop\Dnn_1\COVID-19_Radiography_Dataset\Viral Pneumonia\images\Viral Pneumonia-1064.png,3,3,True,0.3237757384777069,0.3237757384777069,0.2721022069454193
199,3171,C:\Users\USER\Desktop\Dnn_1\COVID-19_Radiography_Dataset\Viral Pneumonia\images\Viral Pneumonia-777.png,3,3,True,0.48340144753456116,0.48340144753456116,0.3097696006298065
