,,,n_seeds,temperature,temperature,ece_before,ece_before,ece_after,ece_after,brier_before,brier_before,brier_after,brier_after,nll_before,nll_before,nll_after,nll_after
,,,,mean,std,mean,std,mean,std,mean,std,mean,std,mean,std,mean,std
backbone,role,arm,,,,,,,,,,,,,,,
densenet121,baseline,A0_vanilla,3,1.1146,0.0099,0.0234,0.0015,0.0188,0.0013,0.0852,0.0005,0.0842,0.0005,0.1689,0.0031,0.1614,0.0025
densenet121,selected,A2_full,3,1.1136,0.0419,0.0236,0.0053,0.0188,0.0049,0.0862,0.0008,0.0851,0.0014,0.1703,0.0007,0.1625,0.0045
efficientnet_b0,baseline,A0,3,1.1102,0.0071,0.0239,0.0012,0.016,0.0015,0.1322,0.0006,0.1314,0.0007,0.2491,0.005,0.2427,0.0045
efficientnet_b0,selected,A3,3,1.0383,0.0094,0.0139,0.0036,0.0107,0.0013,0.1213,0.0009,0.1212,0.0009,0.2219,0.001,0.2214,0.001
resnet50,baseline,A0_vanilla,3,1.0288,0.0025,0.0119,0.0033,0.011,0.0031,0.1257,0.001,0.1257,0.001,0.2298,0.0019,0.2296,0.002
resnet50,selected,A3_multiply,3,1.0391,0.0025,0.0118,0.0011,0.0103,0.0017,0.1322,0.0015,0.1321,0.0015,0.2391,0.0016,0.2389,0.0016
vit_base_patch16_224,baseline,A0_vanilla,3,1.0847,0.0173,0.0143,0.0018,0.0116,0.0006,0.1054,0.0033,0.1053,0.0033,0.2032,0.0049,0.1996,0.0054
vit_base_patch16_224,selected,A3_multiply,3,1.0667,0.0051,0.0126,0.001,0.0101,0.0034,0.1028,0.0026,0.1027,0.0026,0.1943,0.0047,0.1922,0.0047
