backbone,arm,seed,role,temperature,ece_before,ece_after,brier_before,brier_after,nll_before,nll_after,mean_confidence_before,mean_confidence_after,val_accuracy,test_accuracy,committed_accuracy,pred_agreement,max_abs_prob_diff,verified,n_bins,test_n,val_n,checkpoint,checkpoint_sha256_12,repo_commit
densenet121,A0_vanilla,42,baseline,1.120964765548706,0.025007231160998344,0.02008400857448578,0.08572454005479813,0.08473177254199982,0.17247751355171204,0.16398921608924866,0.9687427878379822,0.9633356928825378,0.9514960646629333,0.9467716535433071,0.9467716535433071,1.0,7.11679458618164e-05,ok,15,3175,3175,/Volumes/My Disk 2/My Projects/Chest Disease Detection/checkpoints/densenet121/A0_vanilla/densenet121_A0_vanilla.pt,8fc1931123fa,466bff1b7e7440fa8140b129075e7af68490c226
densenet121,A1_gate_only,42,other,1.1223981380462646,0.024916458874940872,0.01918153651058674,0.08980988711118698,0.08879885077476501,0.1849626898765564,0.17529988288879395,0.9680446982383728,0.96239173412323,0.9511811137199402,0.9451968503937008,0.9451968503937008,1.0,8.243322372436523e-05,ok,15,3175,3175,/Volumes/My Disk 2/My Projects/Chest Disease Detection/checkpoints/densenet121/A1_gate_only/densenet121_A1_gate_only.pt,4221691f91f0,466bff1b7e7440fa8140b129075e7af68490c226
densenet121,A2_bg,42,other,1.1052378416061401,0.02202756702899933,0.015494373627007008,0.08392368257045746,0.08314470201730728,0.16538941860198975,0.15908481180667877,0.9677339196205139,0.962567150592804,0.9502362012863159,0.9492913385826771,0.9492913385826771,1.0,5.668401718134097e-05,ok,15,3175,3175,/Volumes/My Disk 2/My Projects/Chest Disease Detection/checkpoints/densenet121/A2_bg/densenet121_A2_bg.pt,4263d4a5f4b0,466bff1b7e7440fa8140b129075e7af68490c226
densenet121,A2_full,42,selected,1.123374104499817,0.02318243868649006,0.01880471408367157,0.08607137203216553,0.08503139019012451,0.1708178073167801,0.1624525487422943,0.9686583280563354,0.9630610346794128,0.9514960646629333,0.9464566929133859,0.9464566929133859,1.0,0.00011593103408819028,ok,15,3175,3175,/Volumes/My Disk 2/My Projects/Chest Disease Detection/checkpoints/densenet121/A2_full/densenet121_A2_full.pt,b53fe4be3252,466bff1b7e7440fa8140b129075e7af68490c226
densenet121,A3_multiply,42,other,1.189381718635559,0.02990117110311985,0.02238183096051216,0.09138669818639755,0.08939442783594131,0.19001178443431854,0.17350143194198608,0.9716381430625916,0.9642763733863831,0.9502362012863159,0.9423622047244095,0.9423622047244095,,,ok,15,3175,3175,/Volumes/My Disk 2/My Projects/Chest Disease Detection/checkpoints/densenet121/A3_multiply/densenet121_A3_multiply.pt,f4a9ff398e02,466bff1b7e7440fa8140b129075e7af68490c226
densenet121,A4_guidance_only,42,other,1.1479419469833374,0.028500419110059738,0.02421640232205391,0.08717573434114456,0.08564037084579468,0.17885883152484894,0.16664884984493256,0.9740683436393738,0.9679115414619446,0.9537007808685303,0.9461417322834645,0.9461417322834645,1.0,7.30752944946289e-05,ok,15,3175,3175,/Volumes/My Disk 2/My Projects/Chest Disease Detection/checkpoints/densenet121/A4_guidance_only/densenet121_A4_guidance_only.pt,0cec3579a7c4,466bff1b7e7440fa8140b129075e7af68490c226
densenet121,A5_cbam,42,other,1.0875180959701538,0.018623851239681244,0.015240265056490898,0.08972804248332977,0.08907841891050339,0.1730581372976303,0.16849535703659058,0.9616110324859619,0.95652174949646,0.9429921507835388,0.9439370078740158,0.9439370078740158,,,ok,15,3175,3175,/Volumes/My Disk 2/My Projects/Chest Disease Detection/checkpoints/densenet121/A5_cbam/densenet121_A5_cbam.pt,aba1ae2e1b77,466bff1b7e7440fa8140b129075e7af68490c226
densenet121,A0_vanilla,123,baseline,1.119718313217163,0.023125149309635162,0.018577534705400467,0.08483756333589554,0.08380638062953949,0.16660529375076294,0.15904612839221954,0.9685734510421753,0.9629803895950317,0.9524409174919128,0.9477165354330709,0.9477165354330709,1.0,8.004903793334961e-05,ok,15,3175,3175,/Volumes/My Disk 2/My Projects/Chest Disease Detection/checkpoints/densenet121/A0_vanilla_seed123/densenet121_A0_vanilla_seed123.pt,95ca129eae54,466bff1b7e7440fa8140b129075e7af68490c226
densenet121,A2_full,123,selected,1.1497540473937988,0.029152244329452515,0.02366034686565399,0.08542238175868988,0.08372289687395096,0.16943304240703583,0.15797904133796692,0.974314272403717,0.9683464765548706,0.9527559280395508,0.9496062992125984,0.9496062992125984,1.0,5.66542148590643e-05,ok,15,3175,3175,/Volumes/My Disk 2/My Projects/Chest Disease Detection/checkpoints/densenet121/A2_full_seed123/densenet121_A2_full_seed123.pt,0739973b9544,466bff1b7e7440fa8140b129075e7af68490c226
densenet121,A0_vanilla,2026,baseline,1.1032583713531494,0.021936047822237015,0.017601164057850838,0.08503609895706177,0.08421111851930618,0.16763243079185486,0.16121895611286163,0.9674174189567566,0.9623814225196838,0.9521259665489197,0.9458267716535433,0.9458267716535433,1.0,5.632638931274414e-05,ok,15,3175,3175,/Volumes/My Disk 2/My Projects/Chest Disease Detection/checkpoints/densenet121/A0_vanilla_seed2026/densenet121_A0_vanilla_seed2026.pt,e093a90adb40,466bff1b7e7440fa8140b129075e7af68490c226
densenet121,A2_full,2026,selected,1.0677251815795898,0.018587574362754822,0.013791026547551155,0.08703567087650299,0.08655080199241638,0.17059379816055298,0.1669328212738037,0.9613931775093079,0.9576208591461182,0.950866162776947,0.9448818897637795,0.9448818897637795,1.0,6.526708602905273e-05,ok,15,3175,3175,/Volumes/My Disk 2/My Projects/Chest Disease Detection/checkpoints/densenet121/A2_full_seed2026/densenet121_A2_full_seed2026.pt,a3a62560e733,466bff1b7e7440fa8140b129075e7af68490c226
efficientnet_b0,A0,42,baseline,1.1145368814468384,0.025219948962330818,0.017540521919727325,0.1315554976463318,0.13061970472335815,0.243371844291687,0.23755119740962982,0.9341190457344055,0.9248831272125244,0.906456708908081,0.9108661417322834,0.9108661417322834,1.0,3.5881996154785156e-05,ok,15,3175,3175,/Volumes/My Disk 2/My Projects/Chest Disease Detection/checkpoints/efficientnet_b0/seed42/A0/efficientnet_b0_A0.pt,0d89b63e70a0,466bff1b7e7440fa8140b129075e7af68490c226
efficientnet_b0,A1,42,other,1.118719220161438,0.02597203478217125,0.021304024383425713,0.13229131698608398,0.13127461075782776,0.24518749117851257,0.2388591319322586,0.9344592690467834,0.9250026345252991,0.9070866107940674,0.9111811023622047,0.9111811023622047,1.0,3.814697265625e-05,ok,15,3175,3175,/Volumes/My Disk 2/My Projects/Chest Disease Detection/checkpoints/efficientnet_b0/seed42/A1/efficientnet_b0_A1.pt,409fc0e4c135,466bff1b7e7440fa8140b129075e7af68490c226
efficientnet_b0,A2,42,other,1.1583130359649658,0.03234652057290077,0.02162165567278862,0.137797549366951,0.13589392602443695,0.25881844758987427,0.2475423663854599,0.9384881854057312,0.9268180727958679,0.9020472168922424,0.9061417322834646,0.9061417322834646,1.0,3.7789344787597656e-05,ok,15,3175,3175,/Volumes/My Disk 2/My Projects/Chest Disease Detection/checkpoints/efficientnet_b0/seed42/A2/efficientnet_b0_A2.pt,4cfafe45668f,466bff1b7e7440fa8140b129075e7af68490c226
efficientnet_b0,A3,42,selected,1.0417118072509766,0.011265723034739494,0.009320784360170364,0.12229974567890167,0.12227807939052582,0.22304245829582214,0.22254255414009094,0.9244303703308105,0.9204050898551941,0.9143307209014893,0.9193700787401575,0.9193700787401575,1.0,3.865361213684082e-05,ok,15,3175,3175,/Volumes/My Disk 2/My Projects/Chest Disease Detection/checkpoints/efficientnet_b0/seed42/A3/efficientnet_b0_A3.pt,5ae97fab1c63,466bff1b7e7440fa8140b129075e7af68490c226
efficientnet_b0,A4,42,other,1.1137040853500366,0.0256151482462883,0.017771106213331223,0.13131234049797058,0.13038624823093414,0.242726132273674,0.23700816929340363,0.934124767780304,0.9249469637870789,0.9067716598510742,0.9111811023622047,0.9111811023622047,1.0,3.606081008911133e-05,ok,15,3175,3175,/Volumes/My Disk 2/My Projects/Chest Disease Detection/checkpoints/efficientnet_b0/seed42/A4/efficientnet_b0_A4.pt,a3a67067b985,466bff1b7e7440fa8140b129075e7af68490c226
efficientnet_b0,A5,42,other,1.0943005084991455,0.021690160036087036,0.014392822980880737,0.12452630698680878,0.12371660023927689,0.22671228647232056,0.22294963896274567,0.9354194402694702,0.9277166724205017,0.9114960432052612,0.9143307086614173,0.9143307086614173,1.0,3.331899642944336e-05,ok,15,3175,3175,/Volumes/My Disk 2/My Projects/Chest Disease Detection/checkpoints/efficientnet_b0/seed42/A5/efficientnet_b0_A5.pt,2d29f79b7ce8,466bff1b7e7440fa8140b129075e7af68490c226
efficientnet_b0,A6,42,other,1.1320862770080566,0.027998149394989014,0.018435722216963768,0.1341829150915146,0.13286657631397247,0.24862398207187653,0.24098297953605652,0.9356552958488464,0.925354540348053,0.90582674741745,0.9092913385826772,0.9092913385826772,1.0,3.299117088317871e-05,ok,15,3175,3175,/Volumes/My Disk 2/My Projects/Chest Disease Detection/checkpoints/efficientnet_b0/seed42/A6/efficientnet_b0_A6.pt,13a146f3dc9d,466bff1b7e7440fa8140b129075e7af68490c226
efficientnet_b0,A0,123,baseline,1.1020112037658691,0.023527780547738075,0.01569235883653164,0.13279664516448975,0.13198529183864594,0.2519349455833435,0.24541707336902618,0.9357369542121887,0.927643895149231,0.9140157699584961,0.9137007874015748,0.9137007874015748,1.0,4.0471553802490234e-05,ok,15,3175,3175,/Volumes/My Disk 2/My Projects/Chest Disease Detection/checkpoints/efficientnet_b0/seed_123/A0/efficientnet_b0_A0.pt,d4f547063e9d,466bff1b7e7440fa8140b129075e7af68490c226
efficientnet_b0,A3,123,selected,1.0277425050735474,0.012347121722996235,0.011846132576465607,0.12056810408830643,0.12059121578931808,0.2210402935743332,0.22070305049419403,0.9236125349998474,0.9209538102149963,0.9190551042556763,0.9206299212598426,0.9206299212598426,1.0,3.159046173095703e-05,ok,15,3175,3175,/Volumes/My Disk 2/My Projects/Chest Disease Detection/checkpoints/efficientnet_b0/seed_123/A3/efficientnet_b0_A3.pt,70bc59a84f0d,466bff1b7e7440fa8140b129075e7af68490c226
efficientnet_b0,A0,2026,baseline,1.1141917705535889,0.02296810783445835,0.01462799496948719,0.13232114911079407,0.13154400885105133,0.2520521283149719,0.24524375796318054,0.9345464110374451,0.9253494143486023,0.9108661413192749,0.9130708661417323,0.9130708661417323,1.0,2.54213809967041e-05,ok,15,3175,3175,/Volumes/My Disk 2/My Projects/Chest Disease Detection/checkpoints/efficientnet_b0/seed_2026/A0/efficientnet_b0_A0.pt,4931c756daf0,466bff1b7e7440fa8140b129075e7af68490c226
efficientnet_b0,A3,2026,selected,1.0455906391143799,0.01803169772028923,0.011036555282771587,0.12095077335834503,0.12084145843982697,0.2217482179403305,0.22086474299430847,0.9275967478752136,0.9233475923538208,0.9165354371070862,0.9203149606299212,0.9203149606299212,1.0,2.6464462280273438e-05,ok,15,3175,3175,/Volumes/My Disk 2/My Projects/Chest Disease Detection/checkpoints/efficientnet_b0/seed_2026/A3/efficientnet_b0_A3.pt,f00878b0a041,466bff1b7e7440fa8140b129075e7af68490c226
resnet50,A0_vanilla,42,baseline,1.0301039218902588,0.009635450318455696,0.008062487468123436,0.12617377936840057,0.12612849473953247,0.22950026392936707,0.2291751503944397,0.9205789566040039,0.91754549741745,0.9168503880500793,0.9174803149606299,0.9174803149606299,1.0,0.00029283761978149414,ok,15,3175,3175,/Volumes/My Disk 2/My Projects/Chest Disease Detection/checkpoints/resnet50/A0_vanilla/resnet50_A0_vanilla.pt,610316c0dc22,466bff1b7e7440fa8140b129075e7af68490c226
resnet50,A1_gate_only,42,other,1.0349724292755127,0.008303895592689514,0.007510850206017494,0.1283874660730362,0.12835624814033508,0.23527579009532928,0.23477885127067566,0.9199812412261963,0.9164494872093201,0.9121260046958923,0.9171653543307087,0.9171653543307087,1.0,0.0004481077194213867,ok,15,3175,3175,/Volumes/My Disk 2/My Projects/Chest Disease Detection/checkpoints/resnet50/A1_gate_only/resnet50_A1_gate_only.pt,6938ab25831b,466bff1b7e7440fa8140b129075e7af68490c226
resnet50,A2_full,42,other,1.0372406244277954,0.010799085721373558,0.008999168872833252,0.12423612922430038,0.12418068945407867,0.224503755569458,0.22419047355651855,0.9212819933891296,0.9176129102706909,0.9149606227874756,0.918740157480315,0.918740157480315,1.0,0.00036728382110595703,ok,15,3175,3175,/Volumes/My Disk 2/My Projects/Chest Disease Detection/checkpoints/resnet50/A2_full/resnet50_A2_full.pt,b31ba5af8547,466bff1b7e7440fa8140b129075e7af68490c226
resnet50,A3_multiply,42,selected,1.0379955768585205,0.011824793182313442,0.008355173282325268,0.13394024968147278,0.13389745354652405,0.24083691835403442,0.24066415429115295,0.9137964248657227,0.9097532629966736,0.9102362394332886,0.9133858267716536,0.9133858267716536,1.0,0.0003604292869567871,ok,15,3175,3175,/Volumes/My Disk 2/My Projects/Chest Disease Detection/checkpoints/resnet50/A3_multiply/resnet50_A3_multiply.pt,72eb08b5dde8,466bff1b7e7440fa8140b129075e7af68490c226
resnet50,A4_guidance_only,42,other,1.0283560752868652,0.011139517650008202,0.009002607315778732,0.12316261231899261,0.12311592698097229,0.22176198661327362,0.22159764170646667,0.9216147661209106,0.9187746644020081,0.9159055352210999,0.9181102362204724,0.9181102362204724,1.0,0.00033462047576904297,ok,15,3175,3175,/Volumes/My Disk 2/My Projects/Chest Disease Detection/checkpoints/resnet50/A4_guidance_only/resnet50_A4_guidance_only.pt,f23276f4edd3,466bff1b7e7440fa8140b129075e7af68490c226
resnet50,A5_cbam,42,other,1.030739188194275,0.013864879496395588,0.0120647381991148,0.12741555273532867,0.12741056084632874,0.23252205550670624,0.23222430050373077,0.9193359613418579,0.916181743144989,0.9140157699584961,0.9162204724409448,0.9162204724409448,1.0,0.00034505128860473633,ok,15,3175,3175,/Volumes/My Disk 2/My Projects/Chest Disease Detection/checkpoints/resnet50/A5_cbam/resnet50_A5_cbam.pt,dc47935dec34,466bff1b7e7440fa8140b129075e7af68490c226
resnet50,A6_full_bg,42,other,1.0352137088775635,0.01209347229450941,0.011162186041474342,0.12403606623411179,0.12398290634155273,0.2240348905324936,0.22373972833156586,0.9215494394302368,0.9180692434310913,0.9165354371070862,0.92,0.92,1.0,0.0003337860107421875,ok,15,3175,3175,/Volumes/My Disk 2/My Projects/Chest Disease Detection/checkpoints/resnet50/A6_full_bg/resnet50_A6_full_bg.pt,50b97658e71d,466bff1b7e7440fa8140b129075e7af68490c226
resnet50,A0_vanilla,123,baseline,1.0259296894073486,0.01570092886686325,0.014199032448232174,0.12633363902568817,0.12641115486621857,0.2318996787071228,0.23171061277389526,0.9179010987281799,0.9152280688285828,0.913385808467865,0.9190551181102362,0.9190551181102362,1.0,0.0003533363342285156,ok,15,3175,3175,/Volumes/My Disk 2/My Projects/Chest Disease Detection/checkpoints/resnet50/A0_vanilla_seed123/resnet50_A0_vanilla_seed123.pt,ec0782652d86,466bff1b7e7440fa8140b129075e7af68490c226
resnet50,A3_multiply,123,selected,1.0419433116912842,0.010723160579800606,0.011449317447841167,0.13145658373832703,0.13139353692531586,0.23876169323921204,0.23831318318843842,0.9184951782226562,0.9141073822975159,0.9096062779426575,0.9143307086614173,0.9143307086614173,1.0,0.0002810359001159668,ok,15,3175,3175,/Volumes/My Disk 2/My Projects/Chest Disease Detection/checkpoints/resnet50/A3_multiply_seed123/resnet50_A3_multiply_seed123.pt,58501af8c33f,466bff1b7e7440fa8140b129075e7af68490c226
resnet50,A0_vanilla,2026,baseline,1.030448079109192,0.010244878008961678,0.010685238987207413,0.12449479848146439,0.12452235817909241,0.22810181975364685,0.22784508764743805,0.9200512170791626,0.9169781804084778,0.916220486164093,0.9196850393700787,0.9196850393700787,1.0,0.00030344724655151367,ok,15,3175,3175,/Volumes/My Disk 2/My Projects/Chest Disease Detection/checkpoints/resnet50/A0_vanilla_seed2026/resnet50_A0_vanilla_seed2026.pt,747b2581aca0,466bff1b7e7440fa8140b129075e7af68490c226
resnet50,A3_multiply,2026,selected,1.0374478101730347,0.01287709828466177,0.011219341307878494,0.1311081051826477,0.13111989200115204,0.23779235780239105,0.23758406937122345,0.9156734347343445,0.9117339849472046,0.9089763760566711,0.9159055118110236,0.9159055118110236,1.0,0.00030517578125,ok,15,3175,3175,/Volumes/My Disk 2/My Projects/Chest Disease Detection/checkpoints/resnet50/A3_multiply_seed2026/resnet50_A3_multiply_seed2026.pt,a45306f6d90e,466bff1b7e7440fa8140b129075e7af68490c226
vit_base_patch16_224,A0_vanilla,42,baseline,1.0850716829299927,0.012791533023118973,0.010890893638134003,0.10209764540195465,0.1019756868481636,0.19887672364711761,0.195334792137146,0.9435889720916748,0.9377900958061218,0.9322834610939026,0.9329133858267716,0.9329133858267716,1.0,6.157159805297852e-05,ok,15,3175,3175,/Volumes/My Disk 2/My Projects/Chest Disease Detection/checkpoints/vit_base/A0_vanilla/vit_base_patch16_224_A0_vanilla.pt,4b8ff3db5a34,466bff1b7e7440fa8140b129075e7af68490c226
vit_base_patch16_224,A1_gate_only,42,other,1.0854995250701904,0.01792202889919281,0.018136246129870415,0.10704950988292694,0.10679648071527481,0.2074451893568039,0.20336796343326569,0.9424591064453125,0.9366024732589722,0.9319685101509094,0.9278740157480315,0.9278740157480315,1.0,4.565715789794922e-05,ok,15,3175,3175,/Volumes/My Disk 2/My Projects/Chest Disease Detection/checkpoints/vit_base/A1_gate_only/vit_base_patch16_224_A1_gate_only.pt,b933e0b6dda1,466bff1b7e7440fa8140b129075e7af68490c226
vit_base_patch16_224,A2_full,42,other,1.070866346359253,0.012208275496959686,0.011256301775574684,0.10643328726291656,0.10636087507009506,0.2048904448747635,0.2021590620279312,0.9385611414909363,0.9335022568702698,0.9338582754135132,0.9316535433070866,0.9316535433070866,1.0,5.608797073364258e-05,ok,15,3175,3175,/Volumes/My Disk 2/My Projects/Chest Disease Detection/checkpoints/vit_base/A2_full/vit_base_patch16_224_A2_full.pt,eb447b452e4a,466bff1b7e7440fa8140b129075e7af68490c226
vit_base_patch16_224,A3_multiply,42,selected,1.0720510482788086,0.013476258143782616,0.013273228891193867,0.09985266625881195,0.09971402585506439,0.18894822895526886,0.18678529560565948,0.9429912567138672,0.9378435611724854,0.9300787448883057,0.9341732283464567,0.9341732283464567,1.0,8.606910705566406e-05,ok,15,3175,3175,/Volumes/My Disk 2/My Projects/Chest Disease Detection/checkpoints/vit_base/A3_multiply/vit_base_patch16_224_A3_multiply.pt,7742fa14678a,466bff1b7e7440fa8140b129075e7af68490c226
vit_base_patch16_224,A4_guidance_only,42,other,1.074268102645874,0.011347441002726555,0.014094304293394089,0.10092240571975708,0.10087044537067413,0.19671252369880676,0.19386743009090424,0.9424503445625305,0.9373247027397156,0.9329133629798889,0.9348031496062992,0.9348031496062992,1.0,4.693865776064787e-05,ok,15,3175,3175,/Volumes/My Disk 2/My Projects/Chest Disease Detection/checkpoints/vit_base/A4_guidance_only/vit_base_patch16_224_A4_guidance_only.pt,8080bfaf8870,466bff1b7e7440fa8140b129075e7af68490c226
vit_base_patch16_224,A5_cbam,42,other,1.085630178451538,0.014424370601773262,0.012339379638433456,0.10229647159576416,0.10217726230621338,0.19862085580825806,0.19511619210243225,0.9434121251106262,0.9375620484352112,0.9322834610939026,0.933228346456693,0.933228346456693,1.0,6.186962127685547e-05,ok,15,3175,3175,/Volumes/My Disk 2/My Projects/Chest Disease Detection/checkpoints/vit_base/A5_cbam/vit_base_patch16_224_A5_cbam.pt,cdcd066cdba0,466bff1b7e7440fa8140b129075e7af68490c226
vit_base_patch16_224,A6_full_bg,42,other,1.0676162242889404,0.010660935193300247,0.00894029438495636,0.10595626384019852,0.10590599477291107,0.20395690202713013,0.20144815742969513,0.9382083415985107,0.9333493113517761,0.9341732263565063,0.9300787401574803,0.9300787401574803,1.0,5.78910112381259e-05,ok,15,3175,3175,/Volumes/My Disk 2/My Projects/Chest Disease Detection/checkpoints/vit_base/A6_full_bg/vit_base_patch16_224_A6_full_bg.pt,a797565326b9,466bff1b7e7440fa8140b129075e7af68490c226
vit_base_patch16_224,A0_vanilla,123,baseline,1.0671509504318237,0.013744037598371506,0.011851340532302856,0.10872835665941238,0.1085803285241127,0.20847506821155548,0.20564579963684082,0.9384816884994507,0.9336419105529785,0.9297637939453125,0.9303937007874016,0.9303937007874016,1.0,7.396936416625977e-05,ok,15,3175,3175,/Volumes/My Disk 2/My Projects/Chest Disease Detection/checkpoints/vit_base/A0_vanilla_seed123/vit_base_patch16_224_A0_vanilla_seed123.pt,0af58d4e76e0,466bff1b7e7440fa8140b129075e7af68490c226
vit_base_patch16_224,A3_multiply,123,selected,1.065933108329773,0.012730654329061508,0.01046186313033104,0.10480890423059464,0.10455764085054398,0.1977185606956482,0.19529342651367188,0.9425007104873657,0.9377033114433289,0.9281889796257019,0.9335433070866141,0.9335433070866141,1.0,6.407499313354492e-05,ok,15,3175,3175,/Volumes/My Disk 2/My Projects/Chest Disease Detection/checkpoints/vit_base/A3_multiply_seed123/vit_base_patch16_224_A3_multiply_seed123.pt,d202120b7108,466bff1b7e7440fa8140b129075e7af68490c226
vit_base_patch16_224,A0_vanilla,2026,baseline,1.101792335510254,0.01625523716211319,0.011986030265688896,0.10550792515277863,0.10521937906742096,0.2022182047367096,0.19775323569774628,0.9430875778198242,0.9362838268280029,0.9297637939453125,0.9335433070866141,0.9335433070866141,1.0,4.2557716369628906e-05,ok,15,3175,3175,/Volumes/My Disk 2/My Projects/Chest Disease Detection/checkpoints/vit_base/A0_vanilla_seed2026/vit_base_patch16_224_A0_vanilla_seed2026.pt,27f8a6deef82,466bff1b7e7440fa8140b129075e7af68490c226
vit_base_patch16_224,A3_multiply,2026,selected,1.0620156526565552,0.011462455615401268,0.00645735627040267,0.10382883995771408,0.10368326306343079,0.19610156118869781,0.1944570094347,0.9385126829147339,0.9338159561157227,0.925984263420105,0.9307086614173228,0.9307086614173228,1.0,6.151199340820312e-05,ok,15,3175,3175,/Volumes/My Disk 2/My Projects/Chest Disease Detection/checkpoints/vit_base/A3_multiply_seed2026/vit_base_patch16_224_A3_multiply_seed2026.pt,101fecdc8997,466bff1b7e7440fa8140b129075e7af68490c226
