backbone,arm,seed,test_accuracy,committed_accuracy,pred_agreement,max_abs_prob_diff,verified,checkpoint_sha256_12,checkpoint
densenet121,A0_vanilla,42,0.9467716535433071,0.9467716535433071,1.0,7.11679458618164e-05,ok,8fc1931123fa,/Volumes/My Disk 2/My Projects/Chest Disease Detection/checkpoints/densenet121/A0_vanilla/densenet121_A0_vanilla.pt
densenet121,A1_gate_only,42,0.9451968503937008,0.9451968503937008,1.0,8.243322372436523e-05,ok,4221691f91f0,/Volumes/My Disk 2/My Projects/Chest Disease Detection/checkpoints/densenet121/A1_gate_only/densenet121_A1_gate_only.pt
densenet121,A2_bg,42,0.9492913385826771,0.9492913385826771,1.0,5.668401718134097e-05,ok,4263d4a5f4b0,/Volumes/My Disk 2/My Projects/Chest Disease Detection/checkpoints/densenet121/A2_bg/densenet121_A2_bg.pt
densenet121,A2_full,42,0.9464566929133859,0.9464566929133859,1.0,0.00011593103408819028,ok,b53fe4be3252,/Volumes/My Disk 2/My Projects/Chest Disease Detection/checkpoints/densenet121/A2_full/densenet121_A2_full.pt
densenet121,A3_multiply,42,0.9423622047244095,0.9423622047244095,,,ok,f4a9ff398e02,/Volumes/My Disk 2/My Projects/Chest Disease Detection/checkpoints/densenet121/A3_multiply/densenet121_A3_multiply.pt
densenet121,A4_guidance_only,42,0.9461417322834645,0.9461417322834645,1.0,7.30752944946289e-05,ok,0cec3579a7c4,/Volumes/My Disk 2/My Projects/Chest Disease Detection/checkpoints/densenet121/A4_guidance_only/densenet121_A4_guidance_only.pt
densenet121,A5_cbam,42,0.9439370078740158,0.9439370078740158,,,ok,aba1ae2e1b77,/Volumes/My Disk 2/My Projects/Chest Disease Detection/checkpoints/densenet121/A5_cbam/densenet121_A5_cbam.pt
densenet121,A0_vanilla,123,0.9477165354330709,0.9477165354330709,1.0,8.004903793334961e-05,ok,95ca129eae54,/Volumes/My Disk 2/My Projects/Chest Disease Detection/checkpoints/densenet121/A0_vanilla_seed123/densenet121_A0_vanilla_seed123.pt
densenet121,A2_full,123,0.9496062992125984,0.9496062992125984,1.0,5.66542148590643e-05,ok,0739973b9544,/Volumes/My Disk 2/My Projects/Chest Disease Detection/checkpoints/densenet121/A2_full_seed123/densenet121_A2_full_seed123.pt
densenet121,A0_vanilla,2026,0.9458267716535433,0.9458267716535433,1.0,5.632638931274414e-05,ok,e093a90adb40,/Volumes/My Disk 2/My Projects/Chest Disease Detection/checkpoints/densenet121/A0_vanilla_seed2026/densenet121_A0_vanilla_seed2026.pt
densenet121,A2_full,2026,0.9448818897637795,0.9448818897637795,1.0,6.526708602905273e-05,ok,a3a62560e733,/Volumes/My Disk 2/My Projects/Chest Disease Detection/checkpoints/densenet121/A2_full_seed2026/densenet121_A2_full_seed2026.pt
efficientnet_b0,A0,42,0.9108661417322834,0.9108661417322834,1.0,3.5881996154785156e-05,ok,0d89b63e70a0,/Volumes/My Disk 2/My Projects/Chest Disease Detection/checkpoints/efficientnet_b0/seed42/A0/efficientnet_b0_A0.pt
efficientnet_b0,A1,42,0.9111811023622047,0.9111811023622047,1.0,3.814697265625e-05,ok,409fc0e4c135,/Volumes/My Disk 2/My Projects/Chest Disease Detection/checkpoints/efficientnet_b0/seed42/A1/efficientnet_b0_A1.pt
efficientnet_b0,A2,42,0.9061417322834646,0.9061417322834646,1.0,3.7789344787597656e-05,ok,4cfafe45668f,/Volumes/My Disk 2/My Projects/Chest Disease Detection/checkpoints/efficientnet_b0/seed42/A2/efficientnet_b0_A2.pt
efficientnet_b0,A3,42,0.9193700787401575,0.9193700787401575,1.0,3.865361213684082e-05,ok,5ae97fab1c63,/Volumes/My Disk 2/My Projects/Chest Disease Detection/checkpoints/efficientnet_b0/seed42/A3/efficientnet_b0_A3.pt
efficientnet_b0,A4,42,0.9111811023622047,0.9111811023622047,1.0,3.606081008911133e-05,ok,a3a67067b985,/Volumes/My Disk 2/My Projects/Chest Disease Detection/checkpoints/efficientnet_b0/seed42/A4/efficientnet_b0_A4.pt
efficientnet_b0,A5,42,0.9143307086614173,0.9143307086614173,1.0,3.331899642944336e-05,ok,2d29f79b7ce8,/Volumes/My Disk 2/My Projects/Chest Disease Detection/checkpoints/efficientnet_b0/seed42/A5/efficientnet_b0_A5.pt
efficientnet_b0,A6,42,0.9092913385826772,0.9092913385826772,1.0,3.299117088317871e-05,ok,13a146f3dc9d,/Volumes/My Disk 2/My Projects/Chest Disease Detection/checkpoints/efficientnet_b0/seed42/A6/efficientnet_b0_A6.pt
efficientnet_b0,A0,123,0.9137007874015748,0.9137007874015748,1.0,4.0471553802490234e-05,ok,d4f547063e9d,/Volumes/My Disk 2/My Projects/Chest Disease Detection/checkpoints/efficientnet_b0/seed_123/A0/efficientnet_b0_A0.pt
efficientnet_b0,A3,123,0.9206299212598426,0.9206299212598426,1.0,3.159046173095703e-05,ok,70bc59a84f0d,/Volumes/My Disk 2/My Projects/Chest Disease Detection/checkpoints/efficientnet_b0/seed_123/A3/efficientnet_b0_A3.pt
efficientnet_b0,A0,2026,0.9130708661417323,0.9130708661417323,1.0,2.54213809967041e-05,ok,4931c756daf0,/Volumes/My Disk 2/My Projects/Chest Disease Detection/checkpoints/efficientnet_b0/seed_2026/A0/efficientnet_b0_A0.pt
efficientnet_b0,A3,2026,0.9203149606299212,0.9203149606299212,1.0,2.6464462280273438e-05,ok,f00878b0a041,/Volumes/My Disk 2/My Projects/Chest Disease Detection/checkpoints/efficientnet_b0/seed_2026/A3/efficientnet_b0_A3.pt
resnet50,A0_vanilla,42,0.9174803149606299,0.9174803149606299,1.0,0.00029283761978149414,ok,610316c0dc22,/Volumes/My Disk 2/My Projects/Chest Disease Detection/checkpoints/resnet50/A0_vanilla/resnet50_A0_vanilla.pt
resnet50,A1_gate_only,42,0.9171653543307087,0.9171653543307087,1.0,0.0004481077194213867,ok,6938ab25831b,/Volumes/My Disk 2/My Projects/Chest Disease Detection/checkpoints/resnet50/A1_gate_only/resnet50_A1_gate_only.pt
resnet50,A2_full,42,0.918740157480315,0.918740157480315,1.0,0.00036728382110595703,ok,b31ba5af8547,/Volumes/My Disk 2/My Projects/Chest Disease Detection/checkpoints/resnet50/A2_full/resnet50_A2_full.pt
resnet50,A3_multiply,42,0.9133858267716536,0.9133858267716536,1.0,0.0003604292869567871,ok,72eb08b5dde8,/Volumes/My Disk 2/My Projects/Chest Disease Detection/checkpoints/resnet50/A3_multiply/resnet50_A3_multiply.pt
resnet50,A4_guidance_only,42,0.9181102362204724,0.9181102362204724,1.0,0.00033462047576904297,ok,f23276f4edd3,/Volumes/My Disk 2/My Projects/Chest Disease Detection/checkpoints/resnet50/A4_guidance_only/resnet50_A4_guidance_only.pt
resnet50,A5_cbam,42,0.9162204724409448,0.9162204724409448,1.0,0.00034505128860473633,ok,dc47935dec34,/Volumes/My Disk 2/My Projects/Chest Disease Detection/checkpoints/resnet50/A5_cbam/resnet50_A5_cbam.pt
resnet50,A6_full_bg,42,0.92,0.92,1.0,0.0003337860107421875,ok,50b97658e71d,/Volumes/My Disk 2/My Projects/Chest Disease Detection/checkpoints/resnet50/A6_full_bg/resnet50_A6_full_bg.pt
resnet50,A0_vanilla,123,0.9190551181102362,0.9190551181102362,1.0,0.0003533363342285156,ok,ec0782652d86,/Volumes/My Disk 2/My Projects/Chest Disease Detection/checkpoints/resnet50/A0_vanilla_seed123/resnet50_A0_vanilla_seed123.pt
resnet50,A3_multiply,123,0.9143307086614173,0.9143307086614173,1.0,0.0002810359001159668,ok,58501af8c33f,/Volumes/My Disk 2/My Projects/Chest Disease Detection/checkpoints/resnet50/A3_multiply_seed123/resnet50_A3_multiply_seed123.pt
resnet50,A0_vanilla,2026,0.9196850393700787,0.9196850393700787,1.0,0.00030344724655151367,ok,747b2581aca0,/Volumes/My Disk 2/My Projects/Chest Disease Detection/checkpoints/resnet50/A0_vanilla_seed2026/resnet50_A0_vanilla_seed2026.pt
resnet50,A3_multiply,2026,0.9159055118110236,0.9159055118110236,1.0,0.00030517578125,ok,a45306f6d90e,/Volumes/My Disk 2/My Projects/Chest Disease Detection/checkpoints/resnet50/A3_multiply_seed2026/resnet50_A3_multiply_seed2026.pt
vit_base_patch16_224,A0_vanilla,42,0.9329133858267716,0.9329133858267716,1.0,6.157159805297852e-05,ok,4b8ff3db5a34,/Volumes/My Disk 2/My Projects/Chest Disease Detection/checkpoints/vit_base/A0_vanilla/vit_base_patch16_224_A0_vanilla.pt
vit_base_patch16_224,A1_gate_only,42,0.9278740157480315,0.9278740157480315,1.0,4.565715789794922e-05,ok,b933e0b6dda1,/Volumes/My Disk 2/My Projects/Chest Disease Detection/checkpoints/vit_base/A1_gate_only/vit_base_patch16_224_A1_gate_only.pt
vit_base_patch16_224,A2_full,42,0.9316535433070866,0.9316535433070866,1.0,5.608797073364258e-05,ok,eb447b452e4a,/Volumes/My Disk 2/My Projects/Chest Disease Detection/checkpoints/vit_base/A2_full/vit_base_patch16_224_A2_full.pt
vit_base_patch16_224,A3_multiply,42,0.9341732283464567,0.9341732283464567,1.0,8.606910705566406e-05,ok,7742fa14678a,/Volumes/My Disk 2/My Projects/Chest Disease Detection/checkpoints/vit_base/A3_multiply/vit_base_patch16_224_A3_multiply.pt
vit_base_patch16_224,A4_guidance_only,42,0.9348031496062992,0.9348031496062992,1.0,4.693865776064787e-05,ok,8080bfaf8870,/Volumes/My Disk 2/My Projects/Chest Disease Detection/checkpoints/vit_base/A4_guidance_only/vit_base_patch16_224_A4_guidance_only.pt
vit_base_patch16_224,A5_cbam,42,0.933228346456693,0.933228346456693,1.0,6.186962127685547e-05,ok,cdcd066cdba0,/Volumes/My Disk 2/My Projects/Chest Disease Detection/checkpoints/vit_base/A5_cbam/vit_base_patch16_224_A5_cbam.pt
vit_base_patch16_224,A6_full_bg,42,0.9300787401574803,0.9300787401574803,1.0,5.78910112381259e-05,ok,a797565326b9,/Volumes/My Disk 2/My Projects/Chest Disease Detection/checkpoints/vit_base/A6_full_bg/vit_base_patch16_224_A6_full_bg.pt
vit_base_patch16_224,A0_vanilla,123,0.9303937007874016,0.9303937007874016,1.0,7.396936416625977e-05,ok,0af58d4e76e0,/Volumes/My Disk 2/My Projects/Chest Disease Detection/checkpoints/vit_base/A0_vanilla_seed123/vit_base_patch16_224_A0_vanilla_seed123.pt
vit_base_patch16_224,A3_multiply,123,0.9335433070866141,0.9335433070866141,1.0,6.407499313354492e-05,ok,d202120b7108,/Volumes/My Disk 2/My Projects/Chest Disease Detection/checkpoints/vit_base/A3_multiply_seed123/vit_base_patch16_224_A3_multiply_seed123.pt
vit_base_patch16_224,A0_vanilla,2026,0.9335433070866141,0.9335433070866141,1.0,4.2557716369628906e-05,ok,27f8a6deef82,/Volumes/My Disk 2/My Projects/Chest Disease Detection/checkpoints/vit_base/A0_vanilla_seed2026/vit_base_patch16_224_A0_vanilla_seed2026.pt
vit_base_patch16_224,A3_multiply,2026,0.9307086614173228,0.9307086614173228,1.0,6.151199340820312e-05,ok,101fecdc8997,/Volumes/My Disk 2/My Projects/Chest Disease Detection/checkpoints/vit_base/A3_multiply_seed2026/vit_base_patch16_224_A3_multiply_seed2026.pt
