backbone,seed,role,arm,n_test,ece_15bin_uncalibrated,brier_uncalibrated
DenseNet121,42,baseline,A0_vanilla,3175,0.025007101672840863,0.08572463537246397
DenseNet121,42,selected,A2_full,3175,0.023182437326025797,0.0860713911582553
DenseNet121,123,baseline,A0_vanilla,3175,0.023125247335809382,0.08483769061069679
DenseNet121,123,selected,A2_full,3175,0.02915209215457045,0.0854226322904576
DenseNet121,2026,baseline,A0_vanilla,3175,0.02193607171689431,0.0850364398873034
DenseNet121,2026,selected,A2_full,3175,0.018587592549211357,0.08703572275660344
ResNet50,42,baseline,A0_vanilla,3175,0.009468922361614224,0.12617405667986117
ResNet50,42,selected,A3_multiply,3175,0.011620591653613635,0.13393976014906375
ResNet50,123,baseline,A0_vanilla,3175,0.015700741105192283,0.12633361673416557
ResNet50,123,selected,A3_multiply,3175,0.010723951463624249,0.13145824266011516
ResNet50,2026,baseline,A0_vanilla,3175,0.01024556491318652,0.12449565013797852
ResNet50,2026,selected,A3_multiply,3175,0.012373042848166576,0.13110771492471776
EfficientNet-B0,42,baseline,A0,3175,0.02521995081676274,0.13155540447263095
EfficientNet-B0,42,selected,A3,3175,0.011265708283176513,0.12229980050439375
EfficientNet-B0,123,baseline,A0,3175,0.023527806509198192,0.13279678357385843
EfficientNet-B0,123,selected,A3,3175,0.012347107966115135,0.12056809175019201
EfficientNet-B0,2026,baseline,A0,3175,0.022968132524039796,0.13232120807134296
EfficientNet-B0,2026,selected,A3,3175,0.01803162875137933,0.12095082291346414
