backbone,seed,role,arm,n_test,accuracy,macro_precision,macro_recall,macro_f1,macro_auc,ece_15bin_uncalibrated,brier_uncalibrated,ilar,eil_post,eil_pre,n_eil,attention_dice,attention_iou
DenseNet121,42,baseline,A0_vanilla,3175,0.9467716535433071,0.9539637046069745,0.9487479027135362,0.9511185534380392,0.993205525413091,0.025007101672840863,0.08572463537246397,,0.29619185350835325,0.29619185350835325,1000,,
DenseNet121,42,selected,A2_full,3175,0.9464566929133859,0.9559540639199701,0.9465882469647146,0.9507726762041525,0.9929395217849196,0.023182437326025797,0.0860713911582553,0.6252856513505846,0.3735403796993196,0.3111463864557445,1000,0.8390191793441772,
DenseNet121,123,baseline,A0_vanilla,3175,0.9477165354330709,0.959040860044163,0.9455214414184303,0.9519214723586857,0.9930215450799418,0.023125247335809382,0.08483769061069679,,0.30679224016144874,0.30679224016144874,1000,,
DenseNet121,123,selected,A2_full,3175,0.9496062992125984,0.9606627558835839,0.9495007384833511,0.9546620652486995,0.9937717004768138,0.02915209215457045,0.0854226322904576,0.6293313517673748,0.3734650325626135,0.311722261544317,1000,0.8379976749420166,
DenseNet121,2026,baseline,A0_vanilla,3175,0.9458267716535433,0.9557629799451655,0.9461235846598797,0.9505518722029672,0.9930303743458799,0.02193607171689431,0.0850364398873034,,0.295808574475348,0.295808574475348,1000,,
DenseNet121,2026,selected,A2_full,3175,0.9448818897637795,0.9440249816392587,0.9482359296020418,0.9456376206440165,0.9926429677621845,0.018587592549211357,0.08703572275660344,0.6247198960349316,0.3631523792343214,0.30251318221050316,1000,0.836925745010376,
ResNet50,42,baseline,A0_vanilla,3175,0.9174803149606299,0.9179354887002862,0.919475780786015,0.9183937356222474,0.9875482132560491,0.009468922361614224,0.12617405667986117,,0.3613808306567371,0.3613808306567371,1000,,
ResNet50,42,selected,A3_multiply,3175,0.9133858267716536,0.9169713320090109,0.9138508780298548,0.9151096019338765,0.9866151268326152,0.011620591653613635,0.13393976014906375,0.5734954820373865,0.6602786445170641,0.5568406834692814,1000,0.7746574878692627,
ResNet50,123,baseline,A0_vanilla,3175,0.9190551181102362,0.923254664985597,0.9187341268684948,0.9206874061560744,0.9867717757841042,0.015700741105192283,0.12633361673416557,,0.3575717858634889,0.3575717858634889,1000,,
ResNet50,123,selected,A3_multiply,3175,0.9143307086614173,0.9199809152438801,0.911338341054379,0.9148381529683324,0.9868868999466592,0.010723951463624249,0.13145824266011516,0.5677008743408158,0.6544663568288088,0.5551599578974638,1000,0.7666847109794617,
ResNet50,2026,baseline,A0_vanilla,3175,0.9196850393700787,0.9260644996286099,0.9207019694704002,0.9227269581717776,0.9876336227172987,0.01024556491318652,0.12449565013797852,,0.3522630643248558,0.3522630643248558,1000,,
ResNet50,2026,selected,A3_multiply,3175,0.9159055118110236,0.9150955117716609,0.9182036277767152,0.9161729832247525,0.9869522806613432,0.012373042848166576,0.13110771492471776,0.5685825518970414,0.6533821174502372,0.5523289657542482,1000,0.767035722732544,
EfficientNet-B0,42,baseline,A0,3175,0.9108661417322834,0.915961867790094,0.9196039193262702,0.9174581621585498,0.9866449158190552,0.02521995081676274,0.13155540447263095,,0.36099269309826193,0.36099269309826193,1000,,
EfficientNet-B0,42,selected,A3,3175,0.9193700787401575,0.9216131658312301,0.9256801941177951,0.9233562583773582,0.9879266881896446,0.011265708283176513,0.12229980050439375,0.44058732959229174,0.5038401051685214,0.4443014191016555,1000,0.6867833137512207,0.5328875780105591
EfficientNet-B0,123,baseline,A0,3175,0.9137007874015748,0.9211292624631227,0.9187863600592374,0.9196943931029259,0.9853036390324597,0.023527806509198192,0.13279678357385843,,0.29135100017115473,0.29135100017115473,1000,,
EfficientNet-B0,123,selected,A3,3175,0.9206299212598426,0.9301745092985569,0.9252600981513639,0.9274056805509874,0.9872898740031735,0.012347107966115135,0.12056809175019201,0.4120124012349159,0.38444778229668736,0.3441533137857914,1000,0.668229877948761,0.5114367604255676
EfficientNet-B0,2026,baseline,A0,3175,0.9130708661417323,0.9165971054923178,0.9188595409741728,0.9176054605462699,0.9853165974205248,0.022968132524039796,0.13232120807134296,,0.3090035534203053,0.3090035534203053,1000,,
EfficientNet-B0,2026,selected,A3,3175,0.9203149606299212,0.9286700181208063,0.9231020106388956,0.925616248027779,0.9873106422958174,0.01803162875137933,0.12095082291346414,0.41208586260793717,0.41296710547059773,0.37020532426983116,1000,0.6715929508209229,0.5138007998466492
