backbone,seed,role,arm,class,precision,recall,f1,support
DenseNet121,42,baseline,A0_vanilla,COVID,0.9866156787762906,0.9520295202952029,0.9690140845070423,542
DenseNet121,42,baseline,A0_vanilla,Lung_Opacity,0.9424626006904487,0.9079822616407982,0.924901185770751,902
DenseNet121,42,baseline,A0_vanilla,Normal,0.9353202282815473,0.9646827992151733,0.9497746297488732,1529
DenseNet121,42,baseline,A0_vanilla,Viral Pneumonia,0.9514563106796117,0.9702970297029703,0.9607843137254902,202
DenseNet121,42,selected,A2_full,COVID,0.9812382739212008,0.9649446494464945,0.9730232558139534,542
DenseNet121,42,selected,A2_full,Lung_Opacity,0.9604790419161676,0.8891352549889135,0.9234312032239493,902
DenseNet121,42,selected,A2_full,Normal,0.92643391521197,0.9718770438194899,0.948611554420683,1529
DenseNet121,42,selected,A2_full,Viral Pneumonia,0.9556650246305419,0.9603960396039604,0.9580246913580247,202
DenseNet121,123,baseline,A0_vanilla,COVID,0.9830188679245283,0.9612546125461254,0.9720149253731343,542
DenseNet121,123,baseline,A0_vanilla,Lung_Opacity,0.9529964747356052,0.8991130820399114,0.9252709640616087,902
DenseNet121,123,baseline,A0_vanilla,Normal,0.9304511278195489,0.9712230215827338,0.9504,1529
DenseNet121,123,baseline,A0_vanilla,Viral Pneumonia,0.9696969696969697,0.9504950495049505,0.96,202
DenseNet121,123,selected,A2_full,COVID,0.9813084112149533,0.9686346863468634,0.9749303621169917,542
DenseNet121,123,selected,A2_full,Lung_Opacity,0.9607609988109393,0.8957871396895787,0.9271371199082042,902
DenseNet121,123,selected,A2_full,Normal,0.9305816135084428,0.973185088293002,0.9514066496163683,1529
DenseNet121,123,selected,A2_full,Viral Pneumonia,0.97,0.9603960396039604,0.9651741293532339,202
DenseNet121,2026,baseline,A0_vanilla,COVID,0.9794776119402985,0.9686346863468634,0.974025974025974,542
DenseNet121,2026,baseline,A0_vanilla,Lung_Opacity,0.9560570071258907,0.8924611973392461,0.9231651376146789,902
DenseNet121,2026,baseline,A0_vanilla,Normal,0.9273182957393483,0.9679529103989536,0.9472,1529
DenseNet121,2026,baseline,A0_vanilla,Viral Pneumonia,0.9601990049751243,0.9554455445544554,0.9578163771712159,202
DenseNet121,2026,selected,A2_full,COVID,0.9758364312267658,0.9686346863468634,0.9722222222222222,542
DenseNet121,2026,selected,A2_full,Lung_Opacity,0.9562647754137116,0.8968957871396895,0.9256292906178489,902
DenseNet121,2026,selected,A2_full,Normal,0.9327837666455295,0.9620667102681492,0.9471989697359948,1529
DenseNet121,2026,selected,A2_full,Viral Pneumonia,0.9112149532710281,0.9653465346534653,0.9375,202
ResNet50,42,baseline,A0_vanilla,COVID,0.9063063063063063,0.9280442804428044,0.9170464904284412,542
ResNet50,42,baseline,A0_vanilla,Lung_Opacity,0.9279811097992916,0.8713968957871396,0.8987993138936535,902
ResNet50,42,baseline,A0_vanilla,Normal,0.9151244416081685,0.9378678875081753,0.9263565891472868,1529
ResNet50,42,baseline,A0_vanilla,Viral Pneumonia,0.9223300970873787,0.9405940594059405,0.9313725490196079,202
ResNet50,42,selected,A3_multiply,COVID,0.8969258589511754,0.915129151291513,0.9059360730593607,542
ResNet50,42,selected,A3_multiply,Lung_Opacity,0.925531914893617,0.8680709534368071,0.8958810068649885,902
ResNet50,42,selected,A3_multiply,Normal,0.9097839898348158,0.9365598430346632,0.9229777634547213,1529
ResNet50,42,selected,A3_multiply,Viral Pneumonia,0.9356435643564357,0.9356435643564357,0.9356435643564357,202
ResNet50,123,baseline,A0_vanilla,COVID,0.935969868173258,0.9169741697416974,0.9263746505125815,542
ResNet50,123,baseline,A0_vanilla,Lung_Opacity,0.9248826291079812,0.8736141906873615,0.8985176738882554,902
ResNet50,123,baseline,A0_vanilla,Normal,0.9098360655737705,0.9437540876389797,0.9264847512038523,1529
ResNet50,123,baseline,A0_vanilla,Viral Pneumonia,0.9223300970873787,0.9405940594059405,0.9313725490196079,202
ResNet50,123,selected,A3_multiply,COVID,0.8992805755395683,0.922509225092251,0.9107468123861566,542
ResNet50,123,selected,A3_multiply,Lung_Opacity,0.9432799013563502,0.8481152993348116,0.8931698774080561,902
ResNet50,123,selected,A3_multiply,Normal,0.902363184079602,0.9489862655330281,0.925087663372649,1529
ResNet50,123,selected,A3_multiply,Viral Pneumonia,0.935,0.9257425742574258,0.9303482587064676,202
ResNet50,2026,baseline,A0_vanilla,COVID,0.9154676258992805,0.9391143911439115,0.9271402550091075,542
ResNet50,2026,baseline,A0_vanilla,Lung_Opacity,0.9402439024390243,0.8547671840354767,0.8954703832752613,902
ResNet50,2026,baseline,A0_vanilla,Normal,0.9079524107701941,0.9483322432962721,0.927703134996801,1529
ResNet50,2026,baseline,A0_vanilla,Viral Pneumonia,0.9405940594059405,0.9405940594059405,0.9405940594059405,202
ResNet50,2026,selected,A3_multiply,COVID,0.8886925795053003,0.9280442804428044,0.907942238267148,542
ResNet50,2026,selected,A3_multiply,Lung_Opacity,0.9342891278375149,0.8669623059866962,0.8993674525589419,902
ResNet50,2026,selected,A3_multiply,Normal,0.9150702426564495,0.9372138652714193,0.9260096930533118,1529
ResNet50,2026,selected,A3_multiply,Viral Pneumonia,0.9223300970873787,0.9405940594059405,0.9313725490196079,202
EfficientNet-B0,42,baseline,A0,COVID,0.9131205673758865,0.9501845018450185,0.9312839059674503,542
EfficientNet-B0,42,baseline,A0,Lung_Opacity,0.9034157832744405,0.8503325942350333,0.876070816676185,902
EfficientNet-B0,42,baseline,A0,Normal,0.9107257546563905,0.9274035317200785,0.9189889825016202,1529
EfficientNet-B0,42,baseline,A0,Viral Pneumonia,0.9365853658536586,0.9504950495049505,0.9434889434889435,202
EfficientNet-B0,42,selected,A3,COVID,0.9197860962566845,0.9520295202952029,0.9356300997280145,542
EfficientNet-B0,42,selected,A3,Lung_Opacity,0.9143192488262911,0.8636363636363636,0.8882554161915621,902
EfficientNet-B0,42,selected,A3,Normal,0.9203084832904884,0.9365598430346632,0.9283630470016208,1529
EfficientNet-B0,42,selected,A3,Viral Pneumonia,0.9320388349514563,0.9504950495049505,0.9411764705882353,202
EfficientNet-B0,123,baseline,A0,COVID,0.9395604395604396,0.9464944649446494,0.9430147058823529,542
EfficientNet-B0,123,baseline,A0,Lung_Opacity,0.9081272084805654,0.8547671840354767,0.8806396344945745,902
EfficientNet-B0,123,baseline,A0,Normal,0.9054568527918782,0.9332897318508829,0.9191626409017714,1529
EfficientNet-B0,123,baseline,A0,Viral Pneumonia,0.9313725490196079,0.9405940594059405,0.9359605911330049,202
EfficientNet-B0,123,selected,A3,COVID,0.9330922242314648,0.9520295202952029,0.9424657534246575,542
EfficientNet-B0,123,selected,A3,Lung_Opacity,0.9208037825059102,0.8636363636363636,0.8913043478260869,902
EfficientNet-B0,123,selected,A3,Normal,0.9118020304568528,0.9398299542184434,0.9256038647342996,1529
EfficientNet-B0,123,selected,A3,Viral Pneumonia,0.955,0.9455445544554455,0.9502487562189055,202
EfficientNet-B0,2026,baseline,A0,COVID,0.9356617647058824,0.9391143911439115,0.9373848987108656,542
EfficientNet-B0,2026,baseline,A0,Lung_Opacity,0.9022988505747126,0.8702882483370288,0.8860045146726863,902
EfficientNet-B0,2026,baseline,A0,Normal,0.9105534105534105,0.9254414650098103,0.9179370742783004,1529
EfficientNet-B0,2026,baseline,A0,Viral Pneumonia,0.9178743961352657,0.9405940594059405,0.9290953545232273,202
EfficientNet-B0,2026,selected,A3,COVID,0.9358974358974359,0.9428044280442804,0.9393382352941176,542
EfficientNet-B0,2026,selected,A3,Lung_Opacity,0.9234393404004712,0.8691796008869179,0.8954882924043404,902
EfficientNet-B0,2026,selected,A3,Normal,0.9100696643445219,0.9398299542184434,0.9247104247104247,1529
EfficientNet-B0,2026,selected,A3,Viral Pneumonia,0.945273631840796,0.9405940594059405,0.9429280397022333,202
